1256 1070 0.00052083333333333333 0.00092592592592592596 0.59018974033301319 -0.53712068694432169 1.9293313508596532 -0.16657285365732433 0.064113730836707794 1.7046170605602367 0.28410523698835188 -1.8482205959388871 0.0051156749796293643 0.091038369924391294 0.73248970690019322 -0.75361655422654339 0.054090432804641736 1.4967847543730572 1.3626124256692376 1.0895830307092482 1.2 -0.23261874128166779 1.6938282848665636 1.9323539500656699
1159 1048 0.00039062500000000002 0.00069444444444444447 0.3280832284471219 1.7719503433043622 -1.7989292375730863 0.43761207572499261 -0.069749758517280047 1.7542338100997275 -0.86464127863954499 0.92857824494905206 0.044656976255267017 0.0572478977760702 0.23525787538779053 -1.0633614554333666 0.063878870670770665 0.20606505337419456 1.5980932126430272 -1.4360873755744863 1.2 -0.61494851283265328 1.8548845646171142 -1.8637459812931079
25 1337 0.00039062500000000002 0.00069444444444444447 0.92818841695851251 -1.8654991865527033 -0.42202196013927962 1.5844549841241959 -0.02500957267715713 0.81743789817459866 1.0897689376656219 -0.28846502082045511 -0.090406086230307867 -1.3367047403583334 0.67985457082412548 -0.31237479719594985 -0.093966507609192743 -0.32396327092662114 -1.759540565363908 0.69721397088585446 1.2 -0.36005799869191485 -1.3578222566306009 -0.73937972121508622
1460 867 0.00052083333333333333 0.00092592592592592596 0.28562876031996343 -1.2142679520372677 -0.6428367274628517 0.54948524653883046 -0.064101685728941593 1.933094268052753 1.1096418168902766 1.7208984064257642 -0.061763451671124493 -1.4761996246355893 0.65644186340326582 -1.2082373198731524 -0.073581482339752619 -1.0445477240098979 -1.7328805486027661 -1.1224466381926552 1.2 -2.7654964115080021 -2.1584596856270117 -1.8805830176093399
2513 1112 0.00039062500000000002 0.00069444444444444447 0.46149952864412913 1.3423436865434608 -1.4427199800538242 0.30183570353407152 0.08309164851102141 0.95670013103969787 -0.86501319083037753 -1.0190840929718323 -0.086124918245903764 0.64900550313887528 -1.2044637812229011 -1.1657291571879171 0.012276291054014066 -0.63078328639176728 -1.5194646044758624 -0.98910908680467813 1.2 0.3307425669517895 -2.2466466240343959 -0.51075666124664854
1604 164 0.00052083333333333333 0.00092592592592592596 0.89918380529260666 -0.13479709575981014 0.4292391014500665 1.9234614985671628 -0.070890814241175659 1.9793203112329754 0.98367733207901109 -0.63031552233948318 0.048209619129227749 -1.786229037702828 0.30327185602667317 1.4915684406709584 -0.0035983211747172283 1.0256558871100308 -1.9607958742274141 0.42106858305371819 1.2 0.59641047214842857 -0.60531845901950598 2.211291670193364
2430 1193 0.00039062500000000002 0.00069444444444444447 0.81588277361853678 -0.40980100063612079 -1.6363994253422733 1.9580648589258138 0.07407430707015436 -1.341782838318339 -1.7094212458351268 -1.2001366742989226 -0.066557465286831291 1.4634658476409079 -0.86660677567612598 -0.24498775925300453 -0.058870983772892599 0.92963495961011278 -0.62546937114169365 -1.7660312370727054 1.2 2.0895822600677869 -1.3302333357159133 0.46209220721939964
1065 616 0.00078125000000000004 0.0013888888888888889 0.7628035591208483 -1.7157863616331199 -1.1008566044022428 -0.20774741407952746 0.010058114152821623 -1.0171859545847277 0.36128601743112077 1.3844482336844472 -0.098096252008328 0.35987589432007017 -1.8012039104031161 1.3085855543420708 0.044089811425911341 0.61246307947948209 1.0593240279104204 -0.045984311564188474 1.2 0.3594782063719652 -0.99522377269098972 -0.13152792171747274
1602 625 0.00039062500000000002 0.00069444444444444447 0.22043935455530528 1.8471780516773126 -0.65573126791623837 0.90295418416466022 -0.042061388454228604 1.376819204656369 0.97536899521928078 1.7534324646705426 0.011333432903907023 0.77692732571211831 -0.12476599673821953 0.72805420638271112 -0.029187915170283518 1.511153777417225 1.130614246263661 1.7906275332213313 1.2 1.9659060652483107 0.89991919016711941 2.033642260908878
428 804 0.00052083333333333333 0.00092592592592592596 0.45911807255115356 0.24310514458470056 -0.8982224811967181 1.5801321320091648 -0.027154870547881058 -0.97073259975204618 1.1754741497552854 0.44561020693859055 0.044110856998833881 1.6343576508272357 -1.1177811396731627 -0.73553062274229797 0.039149183797869497 -0.35103247899499923 1.3994064613440895 0.19474422519855983 1.2 0.6110404604189178 0.66678553865247847 -1.0203475795225658
24 238 0.00078125000000000004 0.0013888888888888889 0.99525015614597023 0.58795669690798125 0.97540893887763946 0.38627680030110367 -0.086882778321876103 0.77813360078377869 0.077659607074445969 -1.448398080583539 0.00037887926168884978 1.295738824791258 -1.3251478089908089 -0.88333393220882606 0.076244444383577109 -1.1612362673701586 -1.5435827128914137 1.1580949990569214 1.2 -0.1283356345410083 -2.7761010123010257 -0.42761205889759202
624 743 0.00039062500000000002 0.00069444444444444447 0.52130466576661361 0.73970314854363473 -1.4866968464615375 -0.057624056250136668 0.030912178983544786 -0.023439152151213616 0.21406131173807985 -1.2072355943050419 0.068315447112300476 -1.2358796849834324 1.5391732604030972 -1.6113937482383203 -0.002524666419473881 1.5813842273802452 0.86007557226722353 0.11375091757490852 1.2 0.47353825044676462 2.0470691867526041 -0.55679341460820542
759 1271 0.00039062500000000002 0.00069444444444444447 0.37020179056199531 0.061613010963354586 -0.37361062710218551 -1.7423407638256831 -0.056409024073505544 1.1753274565613858 -0.29605384513569311 -1.073051228349911 -0.006837749366561674 0.45550394979906095 -0.43717683226415982 -0.82866648995904191 0.062193013640996581 0.43249174343139218 -1.1153345729015807 0.45967056073418622 1.2 -0.25911324776778055 -0.71809795370990792 1.3453733439855433
113 862 0.00039062500000000002 0.00069444444444444447 0.33869161153907718 -0.1156143207065603 0.40287975446417557 -1.1276286793377546 0.090873713530969319 1.2353303959123938 -0.68204506268716925 0.28444510682232638 0.097533788553854167 -1.314367598499981 0.086811984886001614 -0.92154994252353539 -0.00042161934734470663 1.3731724886868455 -0.15490814201893155 -1.0267956331198866 1.2 0.71863906645749065 -0.32582752892774547 -0.33484639312340958
809 100 0.00052083333333333333 0.00092592592592592596 0.70030455491594013 1.31273985351881 -1.0677516197416268 -1.4957295630002507 -0.05426423866033641 1.6879564599549965 0.83510128098721514 1.3215614384349577 -0.028615509497017341 1.8555726951869436 -0.68207193385458531 -1.6394757258913715 -0.051924943940565155 0.46435437281508252 -1.8219610157289359 -0.021540597408455042 1.2 2.5519606920873081 -1.2643444871739973 0.12222443704685856
1937 431 0.00039062500000000002 0.00069444444444444447 0.80649975984910605 0.28052918861335918 0.9587896285960138 -1.2307724661457708 0.084301334202457529 -0.68678453239344206 -1.8026319609276169 1.051076083060305 0.099785981047987166 -1.0132314680801837 1.7166092159521971 0.088026035203750741 -0.064098831790059735 0.29643109410512203 -1.9417791386125711 0.2138512825318073 1.2 -0.52925891581220685 -0.63912079848660597 0.059915501475730153
61 374 0.00078125000000000004 0.0013888888888888889 0.96857730871189784 -1.5787133416414405 -0.17575880978762992 1.1048861200897409 0.07915988062730972 -1.7809718122671856 1.6860290929372876 1.6007221769588655 -0.090121197490343488 0.4937574193140164 -0.0274883566690165 -1.5820770439620326 -0.028136355896407714 0.29522991273272314 1.9744015087691813 1.2402076569021592 1.2 2.0566293712474439 1.8453037812533744 -1.2267497936376035
1891 292 0.00039062500000000002 0.00069444444444444447 0.79210005849826326 1.1108243757975962 1.5587948912475822 -0.61345878091342998 -0.061143755006523248 1.1156398995851577 0.4347563894874038 0.80226550649360018 0.0087551147293845055 -1.4971878334337378 -1.411635681661382 -0.96569111471322966 -0.06280884036237358 0.48238416120063121 0.35715521133442696 -1.1542034895315951 1.2 0.4346791790126342 0.21471947459855661 -1.5412854458947496
2309 527 0.00039062500000000002 0.00069444444444444447 0.752287251385381 0.44048585985885058 1.4049774143676172 1.9392847148140389 -0.081582888294366884 -1.1437564006284751 -0.33380912011901698 -0.47262934135850587 -0.018405374391816928 1.3300495431499328 0.57909652582770921 0.50102926779821599 -0.082320295184686587 -0.53214907468621275 -0.96435624997109137 0.95952307308305418 1.2 0.48421481736270849 0.47966825525037482 2.5946148673606348
545 703 0.00052083333333333333 0.00092592592592592596 0.2737666390200999 -0.19483926214041603 -1.2544245513549881 -1.615930161458798 -0.074226748290071018 0.41900672182968801 1.0797449285398151 -0.89863857313657736 0.0022660164499529456 -0.66815381704489196 1.094018528998574 1.3502961420457198 -0.028455424807437665 1.4451556105691821 0.81764703137757433 0.45109593125113401 1.2 0.99666932146277321 1.0884959851285638 1.4633877260029782
1697 153 0.00052083333333333333 0.00092592592592592596 0.70415631994933314 1.5606068990564554 1.2273873785638605 0.80724546317326284 0.093743247056280177 -1.9681802381087405 -1.2267046719772701 -0.92014313970929384 0.096550017020008705 -0.80914998253062098 -1.8577312513672988 1.4759778397640955 -0.052732955908831695 -0.99441083410580111 1.6674101418909828 1.4806419272965168 1.2 -1.360427257540938 0.32530126188803249 1.903027514774837
979 627 0.00078125000000000004 0.0013888888888888889 0.60872017838781078 -0.74061011601048987 0.13750821799093105 0.029684342480308601 -0.047261686503153835 -1.1479282156244075 1.6609717541735747 -0.36552658559664097 0.032085625852772498 1.4967019240335637 -1.7560896968360344 -1.4875662749390783 -0.022984304650286627 1.5499876036527218 1.843336809657977 1.7913071099043751 1.2 2.5689671594864447 -0.34023569623927824 1.0317052515546643
1607 701 0.00052083333333333333 0.00092592592592592596 0.53754877853077776 -0.98110864133362918 0.53252594241217555 1.6189541428876626 0.054982041979976887 -1.4634073750898797 -0.3571865735400479 1.2270838091825857 0.0011389277258181812 -1.0051477831913926 -1.5886088172428252 -1.034585660146349 0.086784425512546476 1.2389165010743328 0.0024211714919015748 0.24241573617426004 1.2 0.3697463346167878 -0.30039918837048402 0.32042943288258685
391 1329 0.00039062500000000002 0.00069444444444444447 0.41385272324732153 -0.090729958848769332 -0.30149477135362579 -1.8803276825510964 -0.07099579395559022 -1.4793316989320888 -1.3812677327004428 1.9035829113508793 0.0049995193878028255 0.34105240888415977 -0.33296885249504493 -1.1420052718826303 -0.098832983586299952 1.4482075656292657 -0.59819053399767119 -1.6246528266769293 1.2 2.4121879517236549 0.53363162633957617 -1.996018533323672
1218 921 0.00052083333333333333 0.00092592592592592596 0.56933075850076842 1.8527753107502014 -0.91818052675092643 1.2698191752385246 0.03233030724148267 -0.030948259423488 -1.891701737540127 -1.8690425974163278 -0.052049871371333968 0.87428698973119667 -0.012448982828360933 -0.71769990690641228 0.024129334244892248 -0.19636999515899145 -0.43902797358756018 1.7464772984767687 1.2 0.65290749343557497 0.51071279934215974 2.3826247636725131
516 264 0.00052083333333333333 0.00092592592592592596 0.10299444630576074 -1.7998134981608382 -1.386288836199137 0.49084289479593934 -0.038896320876335433 1.625250395493016 0.58102265344699511 -0.2770170367736613 -0.090108872449890298 0.40581067843631979 1.5205912914847177 1.1176987480219145 0.072484134086087976 -1.4642414057795925 1.2336624411268642 -1.9390964295767246 1.2 0.2019647475232246 1.9730517324217443 -1.8585319742537314
933 512 0.00052083333333333333 0.00092592592592592596 0.45541098578252381 -0.81919327615468607 -0.051162597692160805 0.72848022724343853 0.071362172290972331 -1.8432183887144782 -0.49608781076258968 1.5929657772415835 -0.042045943128184882 -1.9499500095001001 0.053660646768812992 -0.1162681724767185 0.053297695532381256 0.62764424918295392 -1.5523977178785304 0.20744669170517938 1.2 -0.27179921225323417 -1.2718085582428815 0.17662506412563395
1194 841 0.00052083333333333333 0.00092592592592592596 0.73790134384034212 1.6001695573333778 0.85616457868375839 -0.92659119505309429 0.078250787462302157 1.2835052018788722 0.8959632930272865 1.7551298155684965 -0.077829770690700503 -0.20980505656050008 -1.0621402796356785 1.1819230270735694 0.095032044110247876 -1.362801975599552 0.47386393724059195 -0.30782718609768711 1.2 -1.3831884363268085 -0.45096707392571067 -0.48170957928588126
187 511 0.00078125000000000004 0.0013888888888888889 0.019953284424600572 -0.93064731554783187 0.44306045950597861 0.9516454023650387 -0.035551362789080956 -0.90657704292969576 -0.13844477889380657 -0.44622035287024042 -0.064373989924843972 -0.34713105904689279 1.9928449643545716 -1.0649211564522343 0.040426193801998467 -1.1192068591218671 -1.3037977149849596 0.50171373616301551 1.2 -0.069127206354308565 -1.2122817078134078 -0.0036659668374401338
10 1075 0.00039062500000000002 0.00069444444444444447 0.49264047724223536 -1.9305973545376145 1.0765342540478504 0.11191842166906563 0.07598399591879898 1.5779191462991635 -1.2216918698634047 -0.77018510002518381 -0.042660506206250531 -0.065446182724518742 0.45860025379360314 -0.50317486018535984 -0.047517728149066144 -1.8932104551791804 1.6718168536225644 0.61042684720705109 1.2 -0.70372754803176818 1.2770711021739263 0.56297300053045896
1044 150 0.00078125000000000004 0.0013888888888888889 0.048139079682134878 0.93539710884641147 0.74029719651882386 -1.1290394102553405 -0.048345923757533861 0.76208559419874655 -0.58507211467477482 0.47753732226873735 0.031951803119579569 -1.0693824952939761 -1.1849821546116193 0.48890621423520342 0.09140938925096212 1.2111146545343581 1.6066581773651247 0.090182335435451844 1.2 1.8402017584397246 1.4063835228250068 -0.27000989439120365
1404 1311 0.00039062500000000002 0.00069444444444444447 0.016745000731428154 1.2610933047118382 0.49837557183516434 -0.32091739691259402 -0.021879301491481137 -0.077597410724547178 -1.2856790762877575 0.95511553725437093 0.086358232844925414 -1.1455710312506744 -1.9567634333459902 0.12340144387063257 -0.04738846470736198 1.5347532741638981 1.6673285024029805 -0.87477641665864869 1.2 1.5113495592394013 2.4324472682746721 -1.4994487344242613
35 431 0.00052083333333333333 0.00092592592592592596 0.43950787055643958 -0.063240742062036226 0.024833296525941684 1.4149893293127493 -0.05971939518977714 0.053246563768414301 -1.77615409866219 -1.8679654211967969 0.032115192424695016 1.7178352204676766 -0.14531641621563862 1.231682213351712 -0.0610379576860723 -0.95425751246538315 0.69190710429024671 -0.57548537141319711 1.2 -0.10318552569936351 0.19985578003727919 -1.4324509234143297
845 446 0.00039062500000000002 0.00069444444444444447 0.56120379156058819 1.2181633157077401 0.35550736112100001 1.3203821426064604 0.012497407945630187 1.2129347383782374 -1.4152579132782384 0.52909099763652678 0.0023059673632258165 -0.68214658970922581 0.86904635956710985 0.17286718939567614 0.08621812778231927 -1.1188394843479328 -0.6334749968084008 0.89652759696491469 1.2 -1.1681947334999607 -0.64580703046748866 0.59944001429186389
298 28 0.00039062500000000002 0.00069444444444444447 0.64458117430362039 1.4515442182106573 -1.9358490707493092 -0.066167087273567127 0.035347582760415941 1.4332117376742537 -1.3758562617612538 -0.45878654695111054 -0.01585481240991729 0.13285038103633573 1.9537279391626692 -0.64404095952704354 0.080292286943070418 1.7845405912493213 0.68658964969060321 -0.47940885772483988 1.2 1.7641585004803186 1.7437515148583156 -1.0620227958249318
773 940 0.00052083333333333333 0.00092592592592592596 0.39977836144573353 -1.2089303168506693 1.146866782156593 -1.0115536954244235 0.091306751690228283 0.47179614413796767 0.99959927470980814 -0.29327520215542835 -0.047195379097627194 -0.64359931201427489 -1.3137879135764985 -1.2125406724712451 -0.087507507579805743 -1.1775573254658274 0.14612225589271688 0.61465639685176887 1.2 -1.310948465238597 -1.1361711004459232 0.460073801317119
242 644 0.00078125000000000004 0.0013888888888888889 0.45813316345496452 1.1445582363232707 0.5733093893191108 -1.9726273022434224 0.088760757866691742 1.1329789801678918 0.4862381387850907 -0.90775129572058422 -0.072674756837326437 0.22901310666334096 1.4378632759157464 0.44275824205421088 -0.057589158716332259 1.8660216375812837 -1.4209858118872187 -1.9768026403417314 1.2 0.31013483212743842 -1.2778027162335854 0.1433784756306882
358 680 0.00052083333333333333 0.00092592592592592596 0.17639001026266057 -1.2790976407842387 1.7393850566428006 -0.83482491646159218 -0.034541869951512899 1.9086655884668624 1.8921134398240356 1.7572893394332598 -0.085849692548052747 1.3642456745470137 -1.1550528900762953 1.5261696610287738 0.052552780310655467 -1.6298660394065561 0.85268301512229394 -0.43769654079412623 1.2 -0.86526972196388652 -0.74461653638492153 -0.081903998424705124
870 379 0.00078125000000000004 0.0013888888888888889 0.20679202632383925 1.3189622328010806 0.95893947981870253 1.8408391690636519 -0.099651651020866427 1.769852526121551 -0.44925482246139747 -1.3480676256645152 0.080254687607729053 0.71941924972626703 1.227515690558528 -1.3429009298889216 -0.089081469903554991 0.066857659164834438 1.8884801382828291 1.0030988504247031 1.2 0.52113532361449677 2.2009394804175058 1.2804299818140987
1236 159 0.00039062500000000002 0.00069444444444444447 0.31427669841422512 0.6110891465163899 0.63996332201710526 0.53519139690917772 0.079488196955585039 1.1464257698513922 -0.8080368113165517 -0.8038561123983019 0.013019863654295943 0.99586978054166941 0.50530999589453085 1.6738942612832135 -0.025531210630924936 0.67207451070631086 0.40016918478388686 0.24571554095118442 1.2 1.5480492255906737 -0.076543129154234141 0.1065637796875914
700 92 0.00078125000000000004 0.0013888888888888889 0.65742729848044268 0.18673757171454275 -1.2023951794118801 0.32650562780208769 -0.03421516533595044 -1.7853450181168373 -1.4439390295679315 0.4527856403910504 0.085681051091303612 -1.9509640870084315 0.21178019744286436 -1.8979909394592327 -0.099729902953315616 -0.14800448526549959 0.19393679950970322 0.17613577724453044 1.2 -2.2927918551722377 -0.71424226550963987 -0.589476375949468
525 707 0.00039062500000000002 0.00069444444444444447 0.61785194666226761 -1.1041360080517273 0.27626371204248068 0.97983865767446643 0.086288797011674662 1.2994305459480646 0.060822025854424311 -0.97145292038779774 -0.097095894038144739 1.6664117595782044 1.4158273581520593 -1.6543159094935493 -0.058875153733869673 0.85263937670850298 0.56736273918970426 1.6293776537299944 1.2 2.3001427944731532 1.1523487464618154 0.011539174274307215
1676 298 0.00052083333333333333 0.00092592592592592596 0.88681698950438859 0.18340646314397002 -0.2015362692919993 -0.5208925867094707 0.094594619785379364 0.76739936995894187 0.27264191023027218 -0.6449686691622083 0.066094593858694622 -1.1560121328562061 0.52646800092657964 0.0085174593974324253 -0.096813072294083147 -0.83744592694244657 0.36953043644242634 -0.51275968398240845 1.2 -1.1385388121656872 0.66533990105682717 -0.97374328264619159
617 1069 0.00052083333333333333 0.00092592592592592596 0.050285062422050823 1.15150340971288 0.28049816779641157 -0.81420619089208879 0.015720575555779909 1.3408758278402879 0.49344171388398017 1.4895428866469111 0.043368076247479903 -1.2319334419324277 -1.2611050624949831 -0.59154281895246097 0.0047026265453613963 0.52844436659664362 -1.4813804469992879 -1.3077224221033976 1.2 -1.0928966715000239 -1.8476783187626074 -2.176509110414901
620 1271 0.00039062500000000002 0.00069444444444444447 0.99807267818715584 -0.43486131548206597 -0.73694648954997177 1.0156458661314973 0.060748519389111355 0.37557157758733561 -1.4000365922833335 1.5828850020016203 -0.016150212583247073 -0.271509829738807 1.8802935390362912 0.25592499929802104 0.017249686874674292 -1.6563434767233267 -0.53776300971469926 -1.4499806178552634 1.2 -1.6614979292768848 2.3291541456534741 -2.445398862729478
1787 504 0.00052083333333333333 0.00092592592592592596 0.64110222375733805 0.0065432773162452662 -1.6179085782838207 -1.1768207024931736 0.041004949299599386 0.44940333102925667 -0.70341031067693383 0.084718183259801627 -0.092709251076513677 1.8625675829319741 -1.9248545888147048 -1.5983425894487486 0.073046416178413814 -1.8860988050421255 0.19477369043583437 -0.073840165705423289 1.2 -0.51471527490023694 -1.9435297192237633 -1.651436611430926
1421 347 0.00039062500000000002 0.00069444444444444447 0.35074922341442194 0.5183845978454773 0.94748544213991082 1.5822169534217085 0.053195893614004758 0.29021011675817387 0.60844887599733699 -0.88370759981966884 -0.0096950767418289285 -0.41940113970002812 0.71200715463966269 1.8611927411673035 0.026402616564792564 -0.85968912774439987 0.81475671120446602 1.5672808594085463 1.2 -0.66054680964025803 1.2263372946590156 1.6013264672489007
471 709 0.00078125000000000004 0.0013888888888888889 0.046245245471530555 -0.33409798516952627 0.088756137827178616 1.8704210047364067 0.057837068910781553 1.527795271091354 -1.578590265618907 -1.3576712296066118 -0.013630261378642691 0.29777800020640122 -0.93702156383275481 -1.1920412916456127 -0.00058941126722414361 -0.51351712121042725 -1.2790296234083334 1.6096287852963491 1.2 -1.581847983529993 0.15594426686659379 1.9867878803119392
1615 213 0.00052083333333333333 0.00092592592592592596 0.23084633840448682 1.8463060595635739 -1.4561755671895718 1.6030975888643155 -0.025320682855203155 -1.524864732755209 0.70415468279672178 -1.859994567349375 -0.087276197061418204 -0.4088144040356303 1.0022725149761063 0.13850416273418364 -0.091625974617417796 -1.1620980004544279 0.4906794914447965 0.62201236847607611 1.2 -0.82772150389552457 0.13844679037305149 0.56276943016414172
2317 1213 0.00039062500000000002 0.00069444444444444447 0.66299976142577877 -0.091226721739893879 -1.8330115749777423 -1.9653956180860628 0.017538789910767516 -1.9516173998902291 -1.5157259169497719 1.9300073007303458 0.07107429068808141 -1.6128226596032422 -0.2677282958425673 -1.0530100131980542 -0.072029241995395135 0.15068096054881064 -0.26257618358907209 -0.25822648794948444 1.2 0.30875328283062803 -0.79348855863246126 -3.4643642741167167
1016 246 0.00078125000000000004 0.0013888888888888889 0.72586928500670533 -0.054638174651096438 -1.3410435743659299 0.50406005489392003 -0.064213564960594105 0.1086228592132783 -0.53328677005320158 -1.7720412949104603 0.065985831259232158 0.27428553916382725 1.4395417346362449 -1.4699344424452079 -0.088655559775906848 -1.0365746101704483 0.22172382461821005 1.5223950967173856 1.2 -0.74675374277578821 0.27675459996071661 0.17275662649653567
1236 321 0.00052083333333333333 0.00092592592592592596 0.66448421370120136 0.87092762236083843 -0.98838343133508877 -1.6514161820481306 0.093781392519214329 1.9848487842782583 1.8717866269662848 1.4570990487571591 0.0072097091936840635 1.6762524583099694 1.6164091991453482 -1.3531694486085084 -0.012104679519566799 0.10954832852515928 -1.5964790245299638 -0.10808160522930121 1.2 1.8638135024128988 -0.040671031471075203 -0.73108209073011576
486 103 0.00078125000000000004 0.0013888888888888889 0.79784523984691103 0.20916603454508165 -1.0426225642609634 -1.1266089252552631 0.060790387497738713 -0.32735189044981317 -1.6630492828828283 -0.28337428002401577 -0.077007350699011309 -0.39123288015265434 -1.4964782586429402 -0.8363166850133319 -0.077100170515799704 -0.20432041073223539 0.73384184228661686 -1.6145627475296487 1.2 -0.74821385388116834 -1.3048855491436464 -2.0705606031536306
1474 1297 0.00039062500000000002 0.00069444444444444447 0.37952812484236431 0.92898628313607734 -0.84349012506630272 -1.3736966262133183 0.056202585526630794 0.047441418103381761 1.8835496824657478 0.11926832838214851 -0.079992445393082992 -1.028312332872793 1.8918634317253282 0.9205261383611143 0.052456882354311951 0.94958948702535695 0.67908894134529207 0.5348123668202005 1.2 0.51247214881663294 -0.18708699126808892 0.44853239516657761
319 274 0.00078125000000000004 0.0013888888888888889 0.41394597279459971 -0.44295065696369118 -1.2812359721237012 -1.9717793607671612 0.075515507629506234 0.2722935565312592 -1.2683298962095835 -1.1732942388725229 -0.025074091742525353 1.8998133041286391 0.44377527214805879 -0.71475043790267323 0.060589257645038835 -1.9588534972704728 -1.2568026025023484 -1.0850908682103637 1.2 -0.74996673480294584 -0.62025525801854742 -0.5690181635735696
1324 181 0.00052083333333333333 0.00092592592592592596 0.64429203254946654 0.3151148255143621 1.1293017046956164 1.9451173666251558 -0.095597339061016029 -0.41561371057920748 1.5708395108710076 -1.29068895411298 -0.073568526871355067 -0.78992233074129503 1.7843169996955677 1.9878946158052111 0.053719483118246342 1.9310505298694038 0.73117877258051056 0.94245801307410604 1.2 1.101229998553906 2.9165068038409623 1.831192308013998
712 217 0.00052083333333333333 0.00092592592592592596 0.74881853393179421 1.5835031982788599 1.5671483647501772 -0.66641474991544092 0.029683947687125234 -1.2990256672982241 1.3440733130911253 -0.1398104450164479 0.029006985880423664 -1.6255749653253768 -0.95453652582016524 1.6165744924338261 0.0017345208201199336 -0.97988061481142497 1.7530207201627417 -1.3347407894271406 1.2 -2.7921388683290149 1.1865914163020035 -0.029652025116853106
975 704 0.00078125000000000004 0.0013888888888888889 0.84873372427345206 0.69005660435955374 -1.0162235870157654 -0.53619551790370767 0.099768127610637608 1.9144183754623989 -0.44666070248912648 1.342805655515344 -0.09436178353504053 -0.78411061823163353 1.6123222228437233 -1.4838404368978639 0.074577723432588477 -1.8431444599483005 1.2152591633224299 1.7143136833733297 1.2 -2.8301504398187287 1.7628597984918142 -0.7903471829469233
1346 702 0.00052083333333333333 0.00092592592592592596 0.16452916978181376 -0.85418443558755808 -0.33301673433288492 -0.024312675556202645 0.06878960768245293 0.062266964425907734 0.72061434375280786 0.23398778810263998 -0.027615119963202941 -1.1032382015719557 -1.75493300342846 0.90361329477798735 -0.093810211138061789 1.862876240608982 1.7695660129145168 -1.3151295896286181 1.2 1.0804171824392415 0.92571695996608561 -1.0213749612179572
2228 440 0.00039062500000000002 0.00069444444444444447 0.54055104723202363 -1.5169098560646193 -1.2285568087096728 0.98475315099142158 -0.051814253763512945 1.4012843339062648 -0.13585874315386359 -1.4247682487285789 -0.077291603130034428 1.1235518135232274 1.6119443353860525 -1.1864709140945298 0.087680296680823888 -1.6655090704073974 -0.59876994852185916 0.51002546081701761 1.2 -1.3895336446981561 -0.5857110247368138 0.038429058069395519
604 448 0.00078125000000000004 0.0013888888888888889 0.76591139219639259 0.090576831555600812 0.97461606363755493 1.2260705254618895 0.021152501586336345 -0.5160897296276854 1.7303678380575889 1.9237130353224554 0.04281870546601324 -1.677704980263905 -0.59754162793166987 -1.621249451696706 -0.057649670703736791 0.91310285244464229 1.2215210534659939 -1.5421679754172546 1.2 -0.21852338185815498 0.24858218420805847 -2.9059430349438169
1602 816 0.00052083333333333333 0.00092592592592592596 0.036696748617173612 1.202700721484987 0.77360800682313258 -0.96558113348601537 0.042059823773148153 -1.018848410149765 0.98008789396882845 0.61362946442724287 -0.057390661553118338 -1.2852518881937312 0.87101006187537999 -1.6639822753151234 -0.017307954395518729 0.19501676052610417 1.2275988995887461 -0.11789985708499584 1.2 1.1731023526592126 1.0147773832212788 -0.9065148584372188
1160 619 0.00078125000000000004 0.0013888888888888889 0.54831531572048042 1.9988463311026794 1.253607865032706 -0.61679959899943348 0.064341902691400304 0.57764569281994715 -1.2041434033646028 -0.82753680690953679 -0.049047347858274228 -0.057278678919625126 1.7853332840014344 -0.33842382409577532 0.049069784094755209 -0.65735209501705816 0.33963619364617559 1.7615450170333427 1.2 0.3959254210280625 2.438849621185665 1.2710185062184072
246 14 0.00078125000000000004 0.0013888888888888889 0.78490376328541245 -0.56856289257763359 1.1244495516970101 0.45364074124937925 0.019380377009368718 0.084617132602910594 1.2850929774713546 0.34487871929635627 0.0052861030827982269 -1.8013561622597392 -0.11841744510234431 0.81920136822603595 0.055796944989438879 -0.54059829898637579 -0.33686966056943568 -0.28261224399866247 1.2 -1.2318203187315941 0.090670861214200121 0.33344173106506009
500 642 0.00078125000000000004 0.0013888888888888889 0.98253458642553115 -0.060653012419643826 -1.8724866596289482 -1.4377317783783137 0.050640925268760267 -1.7699624364010149 -1.6688055418391174 0.59467895682216865 -0.003280900868301434 0.54187696572205635 0.65754103644564665 -0.63501080034924495 -0.041375286389763316 0.35643947986624935 -1.2937998495244125 -0.17679089877372345 1.2 1.9906454887131719 0.9296762404265565 -0.82891788139002798
947 188 0.00039062500000000002 0.00069444444444444447 0.65765979585419743 -1.3546931046774322 0.65294696588514878 -0.76780048540398926 -0.084102757643437887 1.7596398878115158 0.77730832504915082 -0.093803952747029573 0.011130916077617625 0.041351307668570314 0.76007199228614652 1.538171244505429 0.04372381256309979 -0.54268149494341822 1.0157102170842092 -0.08574717671997556 1.2 0.90193469131149706 1.5250566166931492 0.83892019071924284
2171 1267 0.00039062500000000002 0.00069444444444444447 0.37217271228676202 0.029652422720258365 -1.077010956396339 1.6893762816189071 0.038214669679652757 1.7702459791598959 -0.21128796848354314 -0.059739289033811094 0.021841291162152832 1.3399238801666957 -0.097859117525038286 0.098283586284193536 0.020749268884819233 0.4056684891963509 0.56296198336929093 0.19901856086007008 1.2 -0.3458242713930722 -0.051664106872028354 1.1970209023785836
761 1434 0.00039062500000000002 0.00069444444444444447 0.33639510214837698 1.5074363692455859 -1.2233250171914456 -1.2776692351982235 -0.050693083933004979 0.48040786910837285 1.822165406184852 -0.25832914014958241 -0.059136059587047311 -1.2337436775962249 1.7019387556080305 1.8205016766153688 0.032620949392775295 -0.55429726240278887 1.4834132974074703 0.51575819489913588 1.2 -1.5940955766268512 0.57606385768118185 1.4742588212399399
718 207 0.00078125000000000004 0.0013888888888888889 0.83488901074078592 -1.6550790629846599 1.7057682818324125 -0.62078296304182334 -0.076212482550497798 0.45015802468410859 1.7318971904122886 0.32884833576430506 -0.046650951850330996 -1.5869905304538565 0.75357825150656765 1.5416834406048463 -0.059819989700894395 1.4997915948541061 0.82464983370747769 -1.4895758597251332 1.2 0.14498167076790844 2.1380830224635106 -0.12425242228720451
1216 824 0.00039062500000000002 0.00069444444444444447 0.095381308589841909 1.3326322136036337 -0.21415537959418574 0.7151488584418435 -0.043241056611734607 1.1019734065012829 0.80775679639397691 -1.1719513061074927 -0.091574500411748971 -1.8006256505612064 -1.8019219897404497 -1.7170391035827626 0.04910029334729285 -1.5983779276691537 0.46960703702895978 1.8891747259213183 1.2 -1.6360482024167355 0.15664413259346369 1.5244564270611771
43 619 0.00078125000000000004 0.0013888888888888889 0.25527976955099491 0.52263075319728358 0.22788451896694673 1.5137553420373457 0.070578861492102879 -0.92671948667141368 -0.1725667266205142 1.882867362027731 -0.03515766610213876 1.9894948510439976 -0.22579470579111449 -0.026575455728647501 0.034713336110576087 -1.291996152879066 0.00169935668134924 -1.4113967164087167 1.2 -0.51626543212349196 -0.12319608727409012 -3.5828486055274467
1217 224 0.00052083333333333333 0.00092592592592592596 0.051101511856633232 -1.9522312102582298 -0.046356587913933822 -0.46841266449207586 0.00783347238405388 -0.41063242348610007 1.9712193890912815 1.4115498740043919 0.08704438957867433 -0.16003054853956922 -1.6790801368672157 1.8117076986774521 0.031268895409899189 -0.72494019161432366 -0.19286540589676626 1.3023458442682165 1.2 -1.192995517637025 0.6859800315239527 1.6691138161020149
792 751 0.00039062500000000002 0.00069444444444444447 0.027258997042528339 0.73078864828275236 0.52841682963352321 -1.8957716914119747 -0.082853941492420674 -1.0392083583545504 -0.92257922125838343 -1.654361838368569 -0.016260191973267044 1.8440101250925465 1.0199614671159232 -1.6565698645209013 -0.038983006204382976 -0.2333634455538216 0.97501808736423445 0.84034348921209379 1.2 -0.33784796869607409 0.68382757558153529 1.291083550863434
757 145 0.00039062500000000002 0.00069444444444444447 0.677510488087681 -1.6848188639623523 -0.8474419323479605 0.83150800181931084 -0.02517002231593711 1.1521983002206744 -1.3883064681077424 0.83289422363429022 0.099673448779317692 -0.025429483390063901 1.323483021636545 1.897180262964739 -0.036367311555345672 0.70250973115333126 1.4565464644821526 1.5836433809175805 1.2 1.8119257888995906 1.2578548778669509 2.5246948100401476
285 474 0.00052083333333333333 0.00092592592592592596 0.79566248763862135 1.2853084978573452 1.8344284250011897 -0.25569904380420416 0.034026499497737728 1.7234048247448204 0.33514685219151907 -1.8252737570303168 0.02446563051503492 -0.58432471592468227 -1.2354821930676607 -1.1226162852408752 0.077368260737560396 -0.88868517197591412 -0.99352221906771021 1.2804087664355315 1.2 -1.6504907351928051 -2.5993257076611447 0.27844264943569846
588 59 0.00052083333333333333 0.00092592592592592596 0.3073946980681968 0.20295346891739596 -1.4519360967248147 0.57038930984615099 0.076225026397907986 -1.2566620552927028 1.7740838290504004 -0.94501750197806267 0.026566156236339122 1.354685546290272 0.61943640119689602 -0.5898287358883243 -0.093384278364744305 1.4000689844496157 1.1982375715314464 -1.3083778494183762 1.2 0.53178128813768244 3.0281587762914204 -2.1891448681731642
1076 686 0.00039062500000000002 0.00069444444444444447 0.8549374309330493 1.9793700467994619 1.0185653077327572 -1.9716800957973128 0.010141885037567661 -0.28879181949928334 1.9979516352537514 1.0752118181243988 -0.017233706379215327 -1.5929709397662699 -1.3559919884468163 -1.1156817156737562 0.091464239743430376 -1.7403885976263989 -1.1316587386916659 0.99672535400405282 1.2 -2.6888645185877196 -1.849785346053439 0.31853471276595385
383 462 0.00078125000000000004 0.0013888888888888889 0.70480657470141195 -1.1047454975039206 1.4508477232495909 -1.5433588966616711 -0.079770244134432511 1.694698656113037 1.7159111014055131 0.98999863898083529 0.03058125438349571 1.7883201422822346 -0.22440823569336787 -0.47926943137996414 -0.035007421600937866 -0.74701367900198123 0.7111339130778318 -1.1623675745265447 1.2 0.39517191883492414 -0.43139118589339248 -0.97071169035372207
781 35 0.00078125000000000004 0.0013888888888888889 0.28145207802964795 -1.3729506882743077 -0.88977847501365881 1.3779648381135097 -0.029084731167487374 1.7374960309256728 1.4680166249268445 1.0370260096708845 -0.0080901150210138661 1.3102767840644942 0.67142990401666802 1.7409154023129898 -0.055358509235122158 1.9987739512399547 0.40160270633722028 1.9548559306019349 1.2 3.1008575322801728 1.4667401415271837 3.1470697244259807
2515 1216 0.00039062500000000002 0.00069444444444444447 0.093967557403015045 0.17773572674766625 0.03350896110110213 -0.92719156908105171 -0.049484593566519554 0.59174247400479629 -0.076556189569635169 1.2935795415191471 -0.078980493048294048 0.99266211592303844 -0.79040789567950975 -0.17036989571874894 -0.043735252790674521 0.81365836540414227 1.6701944014128545 1.3334183239256916 1.2 0.55749461501100384 1.3978645976853186 -0.39047314601958055
1710 1055 0.00039062500000000002 0.00069444444444444447 0.33880344642102167 -0.021755870446014569 -1.613654951672173 -1.0661866358645384 -0.015559103781824929 0.56510193057997915 -0.046194467483338553 -0.37475479454478222 0.052556307613540326 -1.5813336493306598 -1.3557721979019379 0.5669003881962853 -0.082251517112841649 1.3553553079089 0.59170603801348198 0.77656919513886136 1.2 0.4805236541529313 -0.34035627029533749 0.68685818889321026
24 130 0.00052083333333333333 0.00092592592592592596 0.53849767789974423 -1.1610432146038812 -1.8893061431946157 -0.92655567959148177 -0.028782794749273324 -1.681402283243191 -0.26864142409694391 -0.77572353907783542 -0.018565363842884514 0.79841040780237016 1.5287951631637782 -1.2741611337713534 -0.095962891116352214 0.19363412271158609 0.58235812525454955 1.0109441729340274 1.2 0.41291224165806911 2.6180822329406532 0.55017380499590374
806 460 0.00078125000000000004 0.0013888888888888889 0.82534642409582692 -1.3068215695934167 1.010901474304049 -1.5786860024786287 -0.024016484579245351 1.3010547561972907 -1.7300293149883648 1.6132045403009165 -0.071198813055456681 1.0881430268529084 -0.96557272727637233 0.69447509864635659 -0.068315233393804797 -1.6996992448891159 1.0880624359505062 -0.11177835307273742 1.2 -1.3003242832918507 0.89617123733894677 -0.34534945421773977
877 261 0.00078125000000000004 0.0013888888888888889 0.066885665950354944 1.6506892836593186 0.16810607739173866 -0.12113567054266561 -0.058329505489182899 0.10537737792966384 1.1977181943796085 1.7322541932717441 0.038446618994153525 -1.62623615443519 1.4991887857836823 0.60707691214358439 -0.084039023292208914 0.27432619064899422 -0.64089350789843191 -0.28808174274276688 1.2 0.68197368109527012 -0.12721470807309859 0.15341972592691108
916 813 0.00052083333333333333 0.00092592592592592596 0.9204045439200772 0.24116479552934722 1.9348105376385463 -0.78445141110266903 -0.010445468694783175 0.93574035770682373 0.02871245267789746 1.4134797613957542 0.068647914633554546 0.14201420821331157 -1.498102237777629 1.9896730957980959 -0.03485580025313291 1.6178395729748365 -0.81976059466501905 -1.3062914516926054 1.2 1.1147331872882513 -2.0296290553574612 -0.13703247529606619
1586 911 0.00052083333333333333 0.00092592592592592596 0.017776033148310319 -1.5990682510244252 1.5328596472919149 -0.29707115415958585 -0.056203776168433306 0.1127665124302073 0.63166146318595473 1.7331801326894505 -0.0043290630589420259 -1.9866069227058203 0.30562546557858772 -0.90794899377319949 -0.072584505117101072 -1.9075515717375273 -0.40225405737386577 -1.0248970685844925 1.2 -2.6300251328365971 0.14503718849116487 -2.0834775489317274
687 226 0.00078125000000000004 0.0013888888888888889 0.21960807427110168 -0.24624371793746347 1.8576375559340113 0.68350684973303055 0.047317177895342899 0.25986945733149103 1.6424393613113017 -0.20978324072893884 0.051541651528242999 0.36311812022050027 -0.81879043426358544 -1.2195369149608934 0.092765745690717744 1.8544202031282491 -0.88981891274690694 -0.32365334664852607 1.2 1.6188741881842004 -0.25960563637110085 -0.49761902053488322
775 784 0.00052083333333333333 0.00092592592592592596 0.39611953084936879 1.2666352488970691 1.6980897247806759 -0.1490904942599216 -0.032792548312438788 -0.051943652825109599 1.7466008537663695 0.83491175736185586 0.096019197304223203 -1.8056355389684193 -1.1266965374344124 1.5078580390581822 -0.075007933156145346 1.9783861674524315 -1.0087193316900249 -0.4644829289495358 1.2 0.92067113320906924 -2.2700254114746325 -0.1911254365417101
1777 42 0.00039062500000000002 0.00069444444444444447 0.82191565165731373 0.51054726899595115 0.11197397079340421 -0.71088725849964352 0.022092039962719509 -0.65240581471618375 0.88165949190451798 -1.9701692116869185 0.099461827128619007 0.1446478314470645 -0.22848043711511234 1.6340418168497268 -0.060794019616639931 1.5332756950687538 1.0087091473047756 -0.88895169551241038 1.2 0.98761694095150498 1.3528529359699741 -1.3385005578629585
1908 930 0.00039062500000000002 0.00069444444444444447 0.83649367729946866 -1.164286184227886 -1.1535197713055627 -1.8414375641631815 -0.085874605065495213 -1.5125814168410838 -0.32881317892279949 1.2947756271292312 0.090781092067016761 -0.51080677963843168 -1.3163327381868912 0.66437210370827726 0.089578864583843454 -1.5690105743310538 -0.6533997750665419 0.66134618412599799 1.2 -1.7623237987338307 -1.8444045462261109 -0.054407246498860633
511 210 0.00078125000000000004 0.0013888888888888889 0.62440746673233161 0.26291206832616165 -1.4064122364249889 -1.2587115595753926 0.064867996020092383 -0.53441945060520668 -0.97621654719460738 1.5014588721232669 -0.086498333729581295 -1.0450902769365693 -1.7523610450901566 0.95028396897843059 0.044468160898084336 -1.5118138961896785 0.81769580557466703 -1.9831586978230424 1.2 -2.069097952441723 -0.33890751855991286 -0.4356437894759797
135 1089 0.00039062500000000002 0.00069444444444444447 0.80270178083693366 -1.5264027553780672 -1.8910571431161447 -1.0271256898271361 -0.092953111215816342 -1.0588052748260348 -1.8489010298228301 -1.3353768639956969 -0.063239600557683365 -1.6656732192527506 1.6050590071150697 -0.22988217270627764 0.046087753954422855 -0.13830059603738531 -0.68120470641519626 0.55406937148362889 1.2 0.32002393626339998 2.4005521087005972 1.4588944606789189
1215 672 0.00052083333333333333 0.00092592592592592596 0.87779361646481302 -1.7699341426781663 0.1989738658987803 -0.78516591848874917 0.06571933176638986 1.8241471957335817 -0.50641219004955262 -1.4207358716273757 0.031457374156539264 -1.5488655847880501 -3.0254124451900566e-05 -1.0019907636691916 -0.087606792259383504 -1.8133520459405088 1.7185288552417775 1.9375323085267566 1.2 -3.6116969225766353 1.6733732382678599 1.0571622853501959
1202 403 0.00078125000000000004 0.0013888888888888889 0.46160989437054839 -1.9347426887535102 1.9486031350842086 0.22684797116232902 0.064487934059359542 1.2181073542210643 1.3199903544201459 -0.1731406247181253 0.047855687017941101 -1.6657645020058625 0.85857219783596905 1.2597846409586753 -0.039640221462971331 0.89875525370401377 1.3915969277459226 1.9127755180039818 1.2 -1.3936608532748527 2.7105861575570946 2.2023432641634333
734 442 0.00052083333333333333 0.00092592592592592596 0.48662493637874721 1.396845780332487 0.051868464445112394 -1.1544079016859441 0.080350994695679828 0.91857296590634308 1.7255554010167851 -1.4966937389239319 0.058116655411510759 0.14257695840004336 0.93580177525341224 1.4635986486214101 0.056284357749420477 -1.0586945659582869 1.7425553420758071 1.9714456994393457 1.2 -0.94467989625289339 2.0486441734443237 2.2022803288190707
829 124 0.00052083333333333333 0.00092592592592592596 0.030527433081609233 1.664943965509956 -0.4979466577660232 0.93961751281270356 0.080204639718336995 1.4715017191913025 -1.7553956766960823 -1.9281271381909804 -0.030722003748404642 1.8404845682765179 -1.1260867791782361 -1.2547482168077351 -0.062905322013958542 0.096539640234282409 1.363034923538986 -1.4929061200092222 1.2 0.90984174194810474 0.039249735313811797 -2.700836944862246
651 553 0.00078125000000000004 0.0013888888888888889 0.43134048930593427 -0.64889897858314205 0.080358395797456961 1.0569337123051263 -0.082905812910555043 1.8749427838847437 -1.3658390123834661 -1.1586221246637871 0.083082633583084931 0.12399583918368906 1.0186174149645892 1.321810654229727 -0.07156092232075846 0.43818698919209709 -1.4937325282030449 -1.558358028506452 1.2 -0.46997034554604827 -0.28386739880511896 -0.30851348830093756
499 1253 0.00039062500000000002 0.00069444444444444447 0.87405219302348613 -0.85406181049153851 -1.2197846192609751 -0.51061740056891747 0.052610134216852955 -1.6461169565055194 -1.4917606771983398 -1.8844570981328683 0.047944225659256712 -1.4634530354247182 -1.8254558382568327 -0.0069893342079030418 0.0018251878453176829 -0.93238355915988702 -1.5687882413962608 0.96954921464133248 1.2 -0.41535936994155753 -1.1597949080333585 2.3555121247781492
201 464 0.00078125000000000004 0.0013888888888888889 0.59806828167019477 -1.3201394129024306 1.9672895023311203 -1.1014712231082937 -0.034774295324375398 1.364304447246226 -1.4099075312833431 0.17432950695282612 -0.041491731324221931 -1.4321784415128085 -1.1011943736893195 -1.0583893512619338 -0.066495587444475784 1.7876330234539477 1.3837883690738644 -1.3227930788264333 1.2 1.2035496736675473 -0.17844389528964597 -1.0464887284778581
1087 320 0.00078125000000000004 0.0013888888888888889 0.12609231387525274 1.4420693314796926 1.8065040323206567 -0.56805385231677574 -0.029980419127561109 -0.91767881049680566 1.5248070867622943 1.9164506353465058 0.082935092746800054 -0.57286863502265506 0.57955969495815918 -1.7873629522741186 -0.0012202031362891913 -1.8911102648335039 -0.7791988431263821 -1.9060723717935453 1.2 -0.8886594814097305 0.60971060726587722 -1.9515107558418681
743 354 0.00078125000000000004 0.0013888888888888889 0.93076048439608683 -0.65290452489061979 1.3873688634410422 -0.38806191665260492 0.057614472002288503 -0.78804150821313801 0.33764099006406711 0.58826392290772533 -0.094786346164556529 1.4607071632833319 0.2451016702303761 -1.3362441734833737 0.089879977494479124 0.87955234394544579 0.57973890273710804 -1.0128828160823682 1.2 1.6426262507312772 0.80322955711030264 -1.7888727811739349
137 117 0.00052083333333333333 0.00092592592592592596 0.98955524817091201 -0.13110054806093618 -0.75475985205314045 -0.87339721751892041 -0.037301574434170037 1.0467837520881993 0.35286625499286606 -0.71299639068189435 0.0035085114926515504 -0.18283559053979515 -1.0393411502797085 -1.4954031501215073 0.0076049950757005325 -0.82182672069332163 1.7812725334222934 0.96688869075420492 1.2 -0.057491911628755478 1.3488074275529496 -0.25957178400038933
664 634 0.00052083333333333333 0.00092592592592592596 0.30753661086543455 -0.40202345832604092 -0.35722726786895986 0.24331390540941111 -0.0081208670520518111 1.7659717238962114 -1.684971219707883 1.5292538493889674 0.04222532479882074 -0.90314036342357529 0.67641522812899613 -0.16268845716888647 -0.0029938620144676492 0.21069870295023208 -0.82404083135805983 -1.7253486022265063 1.2 -0.21131254195785254 -0.17684747170652917 -1.7735004827857643
34 853 0.00052083333333333333 0.00092592592592592596 0.16939133198861656 -0.74963067853123544 1.5585574504806066 1.6655326594693869 0.010660049899421306 1.2415194528808802 1.4057021417914282 -0.40179998602087386 0.096618352105600963 -0.68084336440330695 0.22559217889861527 -0.3844422706938202 -0.048690838404922658 -1.1628520215955129 0.017504157822596067 0.60934782050398617 1.2 -1.1340683731438868 -2.0107977694610919 -0.7359128342327842
287 1276 0.00039062500000000002 0.00069444444444444447 0.23222963146703279 -1.237665661497223 -1.4365186812374255 1.4877019639292417 0.013160067338371204 -0.53977892491653368 -1.5828787011595677 -1.9740843779029951 0.075937755863184159 1.1816127273501471 0.91006388385873116 -0.15150308554064562 0.0060772273172846891 0.74046030509345373 1.4467543715263544 -1.7509098898206936 1.2 2.1118901805186385 3.5279000203133322 -1.2484096271885996
1568 530 0.00052083333333333333 0.00092592592592592596 0.41227095565442973 -0.94288495353933266 -0.3442054133876975 0.66353873988011181 0.090545256677746155 1.4927244560168469 -0.9224531639276714 0.32054655557399503 0.0076251837568684644 -1.4181392709047098 0.91195109200726332 -0.5480173913589983 -0.016039957681956429 -0.16603766173466372 -0.65205402431480763 0.57289124860337015 1.2 -1.0568961104277357 -0.40809162353109157 0.61809664157680821
1771 1237 0.00039062500000000002 0.00069444444444444447 0.083370251778947649 -0.3072990094889021 -1.4967755312839439 -0.40534240270103084 -0.011813588992593521 0.21872503834556012 1.1918108263071083 0.025465095959551931 -0.018715060174766249 -0.23516566468104072 1.8383246849268602 1.1919560331870533 0.0026326663684716201 -1.1586329590249282 -0.28170458685158462 -1.144195637943509 1.2 -1.202054177036979 -1.290009657961575 -1.0079688791016044
1890 153 0.00052083333333333333 0.00092592592592592596 0.011799961804245213 -0.28885406950789561 0.72873321842761429 -0.46189624941268814 -0.024878950178270021 -0.68585200322917528 1.1022083576728048 -0.99398476714272377 0.00026808010816992134 -1.600394464085233 0.003739723362778502 0.11131245611025165 -0.077787096902602951 -0.35110576601283716 -1.3194676121192992 0.39488843926111139 1.2 -0.97081320128158566 0.14960674633616886 -0.64921910723354892
713 486 0.00052083333333333333 0.00092592592592592596 0.90658943109192447 0.088690564033224284 1.9032285197837346 0.70450794454367083 -0.081459226466748996 1.2023469841091066 -1.7286107661588188 -1.4087257191709748 0.081013781613074376 0.40581510683557331 1.0125427235251134 0.59292559455966165 0.064804935709968925 -0.62415442707738444 -1.8288067374309449 -1.135084420860041 1.2 -0.12417426242981765 -1.2198550740750862 -0.71290966423093771
1259 1076 0.00052083333333333333 0.00092592592592592596 0.86747451841783929 -1.7271734905503666 -1.1847706170011998 -1.5528572611721558 0.029511437878336155 -1.7446173749472313 0.11477527412754274 -0.94854679863928526 0.07137897014875963 -0.37139641926387856 -0.24527206506618571 -0.19668783313183003 0.0055086672448595164 -1.3003055618287966 -1.1581954263997156 1.9440498298855573 1.2 -0.3744436016981732 -1.6224894486512662 1.9520845612784323
1898 187 0.00052083333333333333 0.00092592592592592596 0.41264353133881493 -0.54627782387849066 -0.92007087903985862 -1.5574850187610982 0.056601239716276258 -1.2890252238715059 1.357204669979355 0.69918139593369855 0.0022065350943287071 0.20909252952474322 -0.50956917846285688 1.8440212069660356 -0.085686288710921751 -0.13852575338033946 -0.75657867266370671 -1.8457779165066968 1.2 -1.1689182587122915 -0.80264308026275444 -1.7611101357470511
1453 47 0.00039062500000000002 0.00069444444444444447 0.61728343431344856 -0.09859959965028775 -0.5500015718756357 -1.8189162594495518 -0.013683828341412199 0.0049310225906080696 0.18816370441076025 -1.4405426185740544 0.070384575341730232 0.50172511297519407 -1.8979993749337072 -0.13898832332282396 -0.028487762732081756 1.0069280651460817 -0.016603797183690094 -1.6608502993010448 1.2 1.0494055369402548 -0.87218734032218048 -2.6788872477303358
355 1134 0.00039062500000000002 0.00069444444444444447 0.1072260752827309 -1.6557945923219917 1.0640540759040764 -0.31070003503594146 0.026085372100737692 1.1188810684936743 1.7251905263298211 -0.30576859423834302 -0.03068882386879522 -0.61975549330240653 1.7167046912355954 1.7819556169843622 -0.080741669958381168 -1.2397487489252303 1.8840478869553743 1.1709182372914277 1.2 -0.6338702040750247 0.25745172050483989 1.4808210230531786
2496 799 0.00039062500000000002 0.00069444444444444447 0.89050062353326287 -1.7526748741978135 1.6278224992628978 -0.34163452329263455 0.0082813771018857424 -0.019028525721911382 -0.039173368750109905 1.6809364740246604 0.020510334063532171 -1.8293002143705315 0.77236519579109286 0.74213002258409944 0.087273418416525445 -1.7701049303796981 0.20367279913438185 1.1281034784476454 1.2 -3.9450107517529656 1.9035405152872649 0.99638296945203531
151 53 0.00078125000000000004 0.0013888888888888889 0.42769776895325823 1.2625555207049817 -1.5163695429342239 0.65636103563236992 -0.0092976517591004948 1.8855228987570012 0.72908886686795071 1.2595292843017947 0.010549933326062605 1.7311032484073059 -0.53265865749566865 -1.0465091785174772 0.004668956717867892 0.99612434212019219 -1.090203848155372 1.6628210762521447 1.2 1.9523758554170583 0.3777547033422981 1.4667336109126843
454 533 0.00078125000000000004 0.0013888888888888889 0.062030983177275109 -1.4404760751112731 1.4895053368393341 -1.9619261085325652 0.088771672247259875 -1.4734852162500514 -1.8836539203016582 -1.8512121593667246 -0.095817153657813833 1.1954575150307964 1.0904975226637541 -1.3105907103881798 0.022708376277893377 1.8123240308235768 -0.85713853979148258 -0.15289897370393346 1.2 2.4668433474835929 -0.25649573692917843 1.0039120599172089
939 436 0.00078125000000000004 0.0013888888888888889 0.66549228836846908 0.87906467040480285 0.76968728646126339 -1.9742161674857432 -0.082826082322310424 -1.7630489788095276 -1.2802309363249811 0.96194733165033863 -0.035193747336565953 -1.0926038937710225 1.1881294277014032 1.7155663875966689 -0.019821035510904944 -0.39944863701960198 1.9658855882409596 1.5468148203738981 1.2 -0.2947098011055741 2.9326987355927314 1.350227659751859
729 288 0.00078125000000000004 0.0013888888888888889 0.18387242828136144 1.3174092658668877 -1.6944647846845005 -1.9860658600930439 0.042591653709312116 1.8397507077058384 1.6247912955300472 1.3485240787374826 -0.018870632279651162 -1.53858660385808 1.6131478923644997 0.12777300293058858 -0.029045332024737677 1.1810843879430206 -1.1213748613921219 -0.69339768221738574 1.2 1.2096635322667824 -0.61746189125575646 -0.56799162119498381
800 975 0.00052083333333333333 0.00092592592592592596 0.17109793628386422 -1.0415928749525305 -0.27557929623020216 1.7275911540086319 -0.042291034715913473 0.98133262844377933 -1.9977539488581391 -1.0769523355535342 0.085974347190458017 1.1894738576102428 1.0820546863972016 1.1329597997441021 0.051593013578031505 -1.8453605997799216 -1.5142356722013459 0.98752755711969442 1.2 -1.9713741031453631 0.28594386760188845 1.5375998331981362
536 127 0.00078125000000000004 0.0013888888888888889 0.19595017789754293 1.1909408403184152 -0.89542451903573417 -1.1513802463666791 -0.06220328197488896 0.49156163976783684 -1.0694871890343367 1.426562920198104 0.038827426927157682 1.5711259510500772 -0.41524444785630266 -1.3278362533430905 0.046489463729788377 0.1185658461334067 -0.74953789126288184 -0.29979679710075979 1.2 0.44307804231901526 -1.106541351468981 0.44005406332333247
707 697 0.00052083333333333333 0.00092592592592592596 0.30665613947226333 -1.4625428911555547 0.18664759707555678 -1.0874985495183367 -0.095141365023537705 -1.1125880414421223 0.78166369970881444 -1.4758718380135027 0.061427755424583647 -1.9667817039081323 0.89850568185940993 1.8757282457092588 0.068848689629169402 0.65364427033929617 -1.942623312638605 0.73348860632975788 1.2 0.61853927354278671 -1.5829147239583734 1.6488809692903985
428 263 0.00039062500000000002 0.00069444444444444447 0.04577157542154494 0.5726991215394035 0.77468214184789419 1.1445175773586223 -0.01365909282287063 0.63259984382523182 -0.79500954194883855 0.70772146147958148 -0.084549379091848439 -1.1560279642302072 -0.48649540959185789 -0.56218113108802958 -0.081430272453669031 1.2731757763137792 -0.43096446215064166 -0.89545484225886662 1.2 1.0769406823608898 -1.2786039133436449 -1.0712752661528722
2099 215 0.00039062500000000002 0.00069444444444444447 0.3787908357566655 0.63711014253844089 -0.25526370681647137 1.4953956812441618 0.023487641879622573 -0.36362387455826406 -0.0017844377846327752 0.96951248808638413 0.049931680616897123 1.5454117836801342 1.7430199800999384 0.5307450112762675 0.04494684419047712 1.5691352120673185 -1.5778057627750139 -1.8240950567096861 1.2 1.8212649865327137 -0.85414529731315414 0.010798330255420287
1299 397 0.00039062500000000002 0.00069444444444444447 0.26489049398419029 1.9527388293519126 1.9687327195903666 1.6881460876983421 -0.058542010684190786 -1.8240752576530119 1.4457146476845382 1.7937119069025749 0.073627389040306912 0.24452642987685946 1.5789198083221558 0.68765981202799864 -0.089224135718627709 -1.5385692570716927 -1.2599683755646911 -0.28340143432441378 1.2 -1.8710553884103012 -0.1358559271207771 0.60234427660385592
388 386 0.00078125000000000004 0.0013888888888888889 0.75720551520822321 0.51017824430443204 -1.3680840648442958 1.6527334224830263 0.089395612191134732 -1.065919833707571 1.7645368467142504 1.6562027620911892 0.049000902155045045 -0.62330122119723885 -1.3915183422958868 -0.55123306536542716 -0.080635778651119025 -0.76587857249348534 -0.21905149732126805 -1.2045275321963329 1.2 -1.2360111989948745 -0.78620960564996667 -2.1753316712476516
1133 781 0.00052083333333333333 0.00092592592592592596 0.48198116810537567 1.8385326423087944 1.5836353250362887 0.57604320279584531 0.031006649304682332 -0.78308844101258401 -1.3408413898978986 -0.48669135296904331 0.057416561169722075 -1.4703576299788201 0.1868167612649918 -0.15998127350296754 0.068124514616202947 -0.26227718006864897 0.56822238793656421 -0.90415763008514016 1.2 -0.23786297845005497 1.2732337583737072 -0.54379949949333584
198 556 0.00078125000000000004 0.0013888888888888889 0.23439751824307192 -0.94865439602350055 0.90677580199325991 0.67340845799795845 0.088344680646276208 1.031498627507502 0.50636246095121207 0.89807170155623162 0.024717069781311052 -0.46626605085182904 0.99333097042359242 -0.93020074710051093 0.085795366937673423 0.60673408965481945 1.0427519489443742 0.83810689294272311 1.2 0.51396736581752644 0.32615113410834407 -0.29211949287099037
883 700 0.00078125000000000004 0.0013888888888888889 0.49648315802237825 -1.7820952022641618 0.29131192939403849 0.6255458629684667 -0.083806450944122632 1.3862851300846839 -1.6131665643711148 1.7749670520672431 -0.01625761763949525 -1.8454401817761314 1.4546560991345068 -1.4490116628275698 -0.077790659803233519 1.6726792133790043 0.46846893527228639 -1.2938778407132978 1.2 -1.0767838310540427 2.4695416922084736 -3.0170338645391612
72 481 0.00078125000000000004 0.0013888888888888889 0.89585382201941033 -0.84601757574892744 -1.92001779664673 1.9277119445106545 0.086951866363287472 1.3428094479796955 0.74552402026616837 1.3230680268167547 -0.075634561082438323 0.7671345184430165 0.8423851664665607 1.1925327772709537 -0.050026339003783664 -0.35322376823052393 0.26286874524189896 1.1180410733076713 1.2 0.57175897536963027 2.2366845483389359 0.027638727060033192
1327 503 0.00039062500000000002 0.00069444444444444447 0.91170723376775797 0.70963188484729756 1.9444091257836056 -1.2829816234610418 0.043338032626339784 1.194586689696667 -1.294565190936888 0.89854259886031551 0.086031758847894074 -1.5628938089385236 -1.1301754221245934 1.7071198288738731 -0.044699047318303077 -1.467122574676329 -0.76872373831501672 -0.6038183503976744 1.2 -2.1121021567067411 -1.7832484078516246 0.99024727224821707
464 655 0.00078125000000000004 0.0013888888888888889 0.37180066233044895 0.1175514996013387 0.8799786802861278 -1.9853941853031931 0.011413786635537312 -1.4332053272917649 1.004028325516912 -1.9563052295834327 -0.049089281782480024 -0.15000879821818502 -0.62666400674808509 -0.94137554239238019 -0.083357886455348168 -1.1200172261199079 -1.5110376869099151 -0.11305614176272938 1.2 -0.026200842775659115 -2.3292523672122689 1.3987831289172932
109 238 0.00052083333333333333 0.00092592592592592596 0.30283513057234657 0.72952461724217521 1.8252547353965043 1.3801164679931048 -0.067936169606287178 0.86948798006196926 1.916096682979791 -0.36278233282241557 -0.018999829068696419 -1.3168582151066035 -1.6834987498696696 1.9970469341271984 -0.077499178148138295 0.21212295699848926 -1.1378165065259216 1.5316637017530628 1.2 -0.28343069613919231 -1.7901174893088756 0.58003732528105911
2498 370 0.00039062500000000002 0.00069444444444444447 0.20519192859738494 1.4870518078872137 -0.28251989078863149 1.1767396836212245 0.094242396244423488 0.97895655972139606 -1.627049279461092 -1.8595923903552554 -0.005369877491475189 0.50606288631428153 1.8470009080677641 0.95604652509347599 0.051699315118257566 0.69422235359310358 -0.70898832401699829 1.6439270316956147 1.2 2.0720002091851706 -1.0701426033275423 1.5855733806284826
108 20 0.00078125000000000004 0.0013888888888888889 0.20207164962470506 1.9246598017380303 0.77433690651262843 -1.6385467702499201 0.055575402455814465 1.3306127230513338 -1.3546815980889839 -1.2300424643258925 -0.08485621101491865 1.4702196415693676 -0.93284516948762386 0.23058413467796868 0.067701525168539806 1.6229272740012162 -0.14878125299900358 1.4569577418629169 1.2 1.4496412142508852 -2.0762111322104944 1.5671828732263191
326 19 0.00078125000000000004 0.0013888888888888889 0.53596782088450623 -0.66750497501307837 0.9901458238808547 0.34993324686032334 0.0543009370303629 1.5178265674286888 0.9548336927304808 1.1642710936323861 0.041819038878239762 -0.083375257429651572 -0.57881306033124558 0.54968327752799473 0.077069360495217148 -1.5877445564540551 -0.41073232398433923 -0.36981430311555785 1.2 0.10376869872162371 -0.24146535019593351 0.68135073710112892
1932 1278 0.00039062500000000002 0.00069444444444444447 0.17340424020043288 1.6060031084144111 -1.0791028260521398 -1.5794388855386825 0.015583349934836371 1.1861180213445004 -0.19574168964985539 -1.5741795658085365 0.088256495221214898 -0.69868058569263702 -0.13135276376188854 -1.9352151933765822 -0.083733192440878609 1.872646557208808 -0.96468616867558099 0.85934053125079313 1.2 1.4668133950603583 -1.2317878317158411 0.83531973191356934
732 622 0.00078125000000000004 0.0013888888888888889 0.50933963424696627 -1.5909606072359574 1.6314175627516097 -0.11876263332868531 -0.0048871180282413773 -0.066950119040791733 -0.1506073437855906 1.0922764033361068 -0.067780847476656692 0.81056656262599791 -1.7063848046957619 0.35988224679283354 0.043203011293914628 -0.034093860095370854 -0.35375629699232114 0.83600722037354247 1.2 0.1555289475715203 -0.69037672853731047 0.1618709868221927
1594 424 0.00052083333333333333 0.00092592592592592596 0.080810711620312684 1.5265322544851729 -0.9998157644977268 0.72663148035695491 0.039661023272884954 1.8119831771262596 -0.61645075886298883 0.071648388404693897 -0.053327236848477448 0.79729111052686319 -0.40297004543328319 -1.4796657840501206 0.024879546292118457 -0.092309018781232766 1.3388527530948622 -1.5903671372794346 1.2 1.1247583859064703 0.42210158341909071 -0.99797776316111331
1438 66 0.00052083333333333333 0.00092592592592592596 0.93549122641840454 1.4648352701341136 0.72103657939762833 1.8048442805127478 0.084678776687383633 0.97700300959280417 1.354642856435984 1.5107035862767217 0.023006305348665351 1.1068050724182004 0.76545055890452751 -1.7925314298641664 0.019174556392517972 0.38780236305246563 -0.0787058167668655 -0.93728186916982459 1.2 2.3509978998045211 1.7062788504992994 -0.30454468251515227
1219 715 0.00078125000000000004 0.0013888888888888889 0.84476584557750045 1.5919191444707681 1.0135693849384508 0.90932915120730096 0.065457664991911135 1.9451850309930028 1.4186492741133057 1.1704811244568609 0.061303771358394099 1.3609236626997978 -1.9418371438424966 -1.0232319436525508 -0.050513206888040556 -1.8314466299144421 -0.10430206016510457 -0.093254501472312068 1.2 -1.0044646601543299 -1.9271140116649412 -1.1159682462329987
1949 734 0.00039062500000000002 0.00069444444444444447 0.35989248188654732 -0.99208279086860696 -0.10289411996878606 1.6122363386863792 0.071641707464364185 1.6012098641784864 0.39228361025106118 1.8945638102174032 -0.068498792058579963 -1.1475306333903283 -0.050931652459466292 -1.0995984040144844 -0.029379164623783857 0.73411710885415848 -1.6981326460543897 -0.36695181057482618 1.2 -0.18727267553143742 -1.4477023887530438 0.034545725979438745
765 1263 0.00039062500000000002 0.00069444444444444447 0.70597744323916711 1.0782614743179946 -1.2317875962081084 0.87336487340339053 0.044268456258326261 0.40372571761366371 -0.2920060848512902 1.4889858724039504 0.098265319371864224 1.6093901940764526 1.9857778646128947 1.8566376684566381 -0.018198341037497762 1.2952110488729072 1.1613798631553398 -1.9299759462420694 1.2 1.5460781975015132 2.9938764019766939 -1.9122494273248349
260 10 0.00078125000000000004 0.0013888888888888889 0.32403915275252387 0.66748238107415858 -1.1633442610834921 -0.033338547707731703 -0.023012739405922814 1.5689028551972362 -1.5480176786778914 0.12588399345792611 0.063598817042476413 0.1969039535092989 0.42445001801701121 0.72657961482314892 0.099853005551488766 -0.67387928821994825 1.5944597328854466 -0.47358823163918951 1.2 0.39554493707284155 0.70270358871375171 -0.073536372578531475
172 486 0.00078125000000000004 0.0013888888888888889 0.9198042094305563 1.156826065654339 0.22056070826678775 -0.83249426041895846 -0.042977073005429856 0.62800570907228392 -0.023295049553540892 -1.8017200365671311 -0.057287061493255603 0.5031071823749147 1.026582228316105 -0.39812596441156067 0.078255088136739565 -1.7575140437174248 -0.1878804364371911 -0.84483995784017818 1.2 -1.783489576934508 0.45594700128644872 0.022801272215964181
248 194 0.00078125000000000004 0.0013888888888888889 0.49985359491255577 1.4357553396504605 -0.41355650774882191 -0.75729600205376446 0.089264540906676682 -1.770369253527198 1.3269477337273634 1.1246699957667405 0.03714359203046072 -0.52849771326876027 -0.21414590922126386 0.43487468543243413 -0.0042673559887474177 1.4023251152113057 -1.6571645982976637 -0.27963302384816391 1.2 -0.47744964758496983 -0.7766690885806965 0.79117351413678549
1340 1304 0.00039062500000000002 0.00069444444444444447 0.7802977502155598 0.38753230384448756 0.099726059969746483 -1.8166298693027243 0.047942595043805214 -1.1596781338144848 -1.613541553680379 -0.1909155005997647 0.078630140556895212 0.16598090205062599 -1.6255260667976765 -0.54481580695879384 -0.097845073201716815 -0.039600011741672159 -1.9839688506867899 -0.46177437901212937 1.2 0.9883053276117042 -1.8244932490344792 -0.76996712261159062
376 387 0.00052083333333333333 0.00092592592592592596 0.90926953721437209 -0.52690290886346336 1.7639546585603187 1.8257937538077429 -0.056266569977427384 -1.5043207070441129 -1.7306797446587701 0.117492700735919 0.013334329608208864 -1.9734432808178575 1.8075806973768831 -1.2531860753634634 0.096805514418933647 -0.70878480199317151 0.91756335886327012 -0.76386287129136488 1.2 -1.9666472813429647 0.75432907152135398 -2.2473108937471431
333 1358 0.00039062500000000002 0.00069444444444444447 0.80975556048613562 -0.47927386355800916 1.0115829397975649 -0.14643448838635642 -0.022723435225029176 0.15116361101611009 1.4499029810882202 0.29093094527967489 -0.029229925303231583 -0.62340481585242014 0.94626111973927252 -1.8386312560258458 -0.027305622768197743 -1.7323060733195685 0.34228919300238081 1.0339559292710905 1.2 -1.6522544615801429 -0.75803761250947022 -0.49532779524616999
879 301 0.00052083333333333333 0.00092592592592592596 0.55224763563066548 1.938717718546906 1.9457170224406015 0.82484353015880973 -0.039245351511565302 1.3937599877577589 1.8475047951880694 1.1244008398940144 -0.026297593117422371 -1.8669303355963445 -0.97830232498546854 -0.81085034436104086 -0.074920872803589347 -0.75993332116550683 -0.99591307891927672 -0.46997451934546319 1.2 -1.1631156847094857 -0.76793224958498663 -0.42625434386572381
728 654 0.00078125000000000004 0.0013888888888888889 0.77545201320372315 0.28895740995791552 0.53175288437603818 -1.7410620008634448 0.088455327908829817 -1.1734892002907031 1.4112279377435351 -0.33340063048078461 -0.037086619617467773 0.98713233485933216 -0.8451516148883762 1.8288702885513954 -0.030164688800995723 -0.190813319784501 -1.351390112022834 0.56911493673597136 1.2 1.2915221828214449 -2.5326019583092831 1.6562781150449357
1682 268 0.00052083333333333333 0.00092592592592592596 0.50978010915788341 -0.2865837232004691 0.089907650864488708 1.5334516840137087 0.0046388006550085181 -0.067629244412400702 0.18851868531990101 1.4697550012057938 -0.067970774631084988 0.18959777447501835 0.41072486042034884 -1.6284278569320048 -0.061439065818933596 1.8343527126742591 -0.63792929417716904 -0.98426421952774268 1.2 1.4774379315495469 -0.23383379020229128 0.069102079829963539
690 229 0.00039062500000000002 0.00069444444444444447 0.22903134821283774 -1.5173386200715626 1.4517454726044727 -0.78425540325873566 0.031542209271050392 -1.0239372674380696 0.25553697453655699 -1.7787409357926305 0.046395628662700639 -0.46056988771868879 0.22457884488055235 -0.85827460969666491 0.078817718618267474 -0.33192807263154167 -0.71210385883190197 0.89800651128798936 1.2 -0.35313204482016852 -0.93526883037846731 -0.12075321248514098
277 269 0.00078125000000000004 0.0013888888888888889 0.18085315590924811 -0.58118464247226331 -1.3075350980357956 -0.31232285693862361 0.055684954816543758 0.20227443264600309 0.45912691326614308 -1.9983766403920149 -0.0084436851540144187 -1.5352419055649777 -1.7118156223442211 0.7177098728987521 0.07336443471542306 0.50377239663194207 1.3102079127456894 1.8294068662409071 1.2 0.51386276864609093 1.573946992641579 1.3849878323725004
606 299 0.00078125000000000004 0.0013888888888888889 0.80034859171667583 1.4075033816504265 -1.7442937690096292 0.34821158095795957 0.05852213794942146 0.79491853490682418 1.4769931477434075 0.50462761401700007 0.012852981202127717 1.6384423721849717 0.07351554417890771 0.96381035806340876 0.06573825844077022 1.2574118816560582 -1.2517087923608465 0.91493085542027641 1.2 2.1000493981554911 -0.68174798119670299 1.4003990661797989
466 58 0.00078125000000000004 0.0013888888888888889 0.27421792508137138 -1.7371897989755274 0.68670510917239369 -1.8616582230180803 -0.045627137165942556 -1.7634983355361382 0.42211273000068461 -1.6481971443001147 0.046782419157772953 -0.22710272118604458 -0.998356806305849 0.79426560353025266 -0.083040692364511337 0.68118915869658592 1.235679561291541 -0.80998698248597689 1.2 -0.31500804448709896 0.91901868142734833 -1.1945737992640129
1461 283 0.00052083333333333333 0.00092592592592592596 0.74146938043152344 -1.8716675518792667 -1.5247773683722956 1.6479933915849894 -0.0075325353502281728 1.5994568284558843 0.1302480049760133 -1.8562774288497601 -0.048433632294752504 1.2240179896310983 1.1256874612203718 -1.6540567000757238 -0.06464076529750909 -1.2802024246623778 1.0354018078721796 1.1816113706366598 1.2 -0.52495262569104639 1.0091235146991044 -0.058346972097810736
472 285 0.00039062500000000002 0.00069444444444444447 0.096442353447352705 -1.264179542603912 0.91124510213394094 -0.60077974490992991 -0.05519940095521543 -0.61662206008118181 -0.81060332880460484 0.41088021704464328 -0.021374315513661674 1.6313977870146665 0.1265459769233126 1.2361115366694815 0.034431314762061266 0.73497372800643257 1.4768778981639428 1.0839774024071596 1.2 1.0754705536927611 0.34690059543561558 1.4937040372119921
1479 826 0.00052083333333333333 0.00092592592592592596 0.59170571351904055 -1.2307253340165905 1.7682399165432483 0.011633659092101567 -0.0041115168393858481 0.45847981052860254 -1.6259488454598463 1.6434235949007299 0.0092524221879851237 1.6258472940760087 -1.0723027909710217 -1.6783276949040746 -0.065771247383043463 -1.0179340020132215 0.95683498504156983 -1.5223321210266847 1.2 -0.83639903524391734 1.8561299470064947 -2.9299738942629125
1515 24 0.00052083333333333333 0.00092592592592592596 0.78854211649352512 -1.8057816157849058 0.92526376807480926 1.584774524178834 0.079409407156868256 1.7421002258702716 -0.20624154286922236 1.9176991777890233 0.075360861521882538 0.9502294965450071 -1.4310596282265116 1.8943446737057306 0.091658732830868533 -1.5994358410622405 1.1386935113816388 0.3729393940681156 1.2 -0.16687717569854943 0.25087497204182463 3.3193284832175216
616 337 0.00052083333333333333 0.00092592592592592596 0.15649198461942321 -0.0082443519688197853 0.63879481109240066 -1.588436137812653 -0.045098234677493923 -0.19243241228995478 -0.7738957165282323 -0.83218393727777196 -0.080259371502179058 -1.6885773389811525 -0.61392679790917359 1.6801829033416826 -0.095255674458088052 -1.971828503121317 -0.076782431709204513 1.58958656934493 1.2 -1.9684272738402344 -0.59057075069848242 1.8006627760146718
1222 557 0.00078125000000000004 0.0013888888888888889 0.25778690149099748 -1.9109862944796729 -0.55642200888706173 1.5494918871458712 -0.086415480565918149 1.1990331834000623 -1.6701127959743602 1.0308072985563697 -0.0080938121838428218 0.96464621380579985 0.21081102720015998 -1.406068363641606 -0.058071644031143732 1.3882396197044975 0.30284837803356179 0.84094254231617027 1.2 -0.68434776822035992 0.69048549264371029 1.1912330747898858
741 937 0.00052083333333333333 0.00092592592592592596 0.88243768923185539 0.47685525371611837 -1.9129216510378164 -1.1232034579512296 -0.0028350157609338122 1.3139094515223326 -1.7098787004434626 0.48802940757397062 -0.060715984275628167 -1.6128226263701451 -0.26788404176203962 1.9492378645317694 0.089229391099005295 0.41589170834128852 -0.078558683102397442 -0.081458530992899014 1.2 -1.5732009760032259 1.0415546713723574 1.1593153409909889
736 937 0.00039062500000000002 0.00069444444444444447 0.53224176911855703 -0.44276343993593503 -0.35772999414654638 1.9331050368280009 -0.092854484196782064 1.7415376970231646 -1.9958283806558428 0.86486926670095521 0.038672851976338851 -1.302966002971933 1.2292489750506679 -0.20592181262414311 0.086922424690238004 1.611386337415079 0.81548228551617941 0.33002857745870662 1.2 0.45510334958870718 1.7460970221385694 -0.67632902293088282
2475 1318 0.00039062500000000002 0.00069444444444444447 0.01608945161928494 -0.21947359893734086 1.8889794014491232 -1.9773882278916828 -0.062407172617811368 -1.4949794085619952 1.9196415579233257 -1.6042487411396249 0.093486654552728671 -0.54301461255828976 -0.79747903595283454 -0.22259106269602169 0.006955768095413345 -0.20054297482735173 -1.483489917929945 -0.020817971412764091 1.2 0.77852287248900764 -1.2477478505674002 -0.50531933445037991
1057 1368 0.00039062500000000002 0.00069444444444444447 0.54051165381856792 0.79069314446202599 0.35360272907755785 0.84959782468371259 0.047041460175731936 0.99948225323125817 -1.2477584831899291 -1.2132252248370405 0.0054405341194753848 -1.9514604557989799 1.1019299929863111 1.2727311858724004 0.015508805859860877 0.47311763910649596 -1.8945827533549595 1.6102656349130151 1.2 -1.3547520413544061 -0.19793580393750701 2.7133259502202969
877 454 0.00078125000000000004 0.0013888888888888889 0.9687307983543153 -0.65985817840903005 1.1067411452977458 1.5948124694883181 -0.03272906874896335 -0.27000430365792516 0.70956285632038174 0.65388566767885736 0.029523830098016346 0.8703480099892249 -1.5126684052026302 -1.2971452758903648 -0.0029731854515011175 0.88371620137919971 -1.3253703544578177 -1.9037244198838428 1.2 1.3190826133355957 -2.1799537409623637 -2.327618636543932
1762 94 0.00052083333333333333 0.00092592592592592596 0.090103940270355135 -1.1056572470592214 0.21786578360510811 -0.62054337437043028 -0.057942122652954113 -0.21357634464828124 1.8833684689122894 -1.7574299070348851 -0.099037661025988127 -0.74304105485526017 -0.49535146044103318 -1.0489658417193364 -0.048796216880814286 1.1047225059386898 -0.2837627299487413 -1.3898628555725931 1.2 -0.058837675070191713 1.321029156445737 -3.240844382649084
1182 385 0.00078125000000000004 0.0013888888888888889 0.59893630837487777 1.5422985247540484 -1.2819432244784692 1.0542937272130959 -0.0025559984560831472 -0.94542049134155359 -1.7783389668990934 1.7508452117662467 0.088652406755867136 -0.74873108046420045 1.3225777671586978 -1.837455375709558 0.040078460515153957 0.74196335032103367 -1.0839824184616011 1.734260131951781 1.2 1.3720669762755524 -1.0304105456940347 1.1545327499131828
1223 408 0.00078125000000000004 0.0013888888888888889 0.024584967942518698 -0.39882094342694163 -1.7461899290627922 -1.9745357523848281 -0.028389670488050009 1.1760806459525464 -1.8058835670148552 1.8867319604385249 0.0030252085592961525 -0.98876450570253471 0.11844390148798745 -1.5918874433259975 -0.072399259770063965 1.4411628668884529 -0.19089727153923652 0.045653889400075087 1.2 0.7635251879457009 -1.311279643650318 -1.7474509229361548
663 216 0.00052083333333333333 0.00092592592592592596 0.089080207930811658 -0.26252720298856325 -1.6619289489099747 -0.57021103229108361 -0.093697428979788486 0.76423833090647975 -1.9463574932334242 0.68681260501591623 0.086661702694422943 -0.5671359785819825 -0.091400845976361556 1.5284911260431207 -0.082579473124748171 1.2902297409414158 -1.8371301107543752 -0.071003956748554309 1.2 1.3966454224308202 -1.9615169842453126 0.51253892768930087
333 32 0.00052083333333333333 0.00092592592592592596 0.49183776947032798 1.6100291141703504 -0.62578685016409308 1.598770004108883 0.00017231835479036839 0.48344425823061687 0.27856037207794326 -0.4876294336427609 -0.070914993317821806 0.83813490742342189 -1.7472442747705714 1.8469936890391612 -0.046986220804448808 0.51647939732385373 -1.2189337571867433 -0.24451133642861222 1.2 0.29937203164709153 -1.2684162794358971 -0.75462753821361894
619 154 0.00052083333333333333 0.00092592592592592596 0.51001288418969104 0.7212322640300175 1.7098599096506106 -1.2487556492986669 -0.046925738673741148 -1.5090172815947347 0.058536920286875738 -0.56054155778322157 0.065145039880692507 -0.45898759385391008 1.0171507857169835 -0.32924658564945952 0.079938215485080261 0.095431531701047234 0.78798338098932064 1.9532202294144128 1.2 -1.1287049858409191 0.56910424997014464 1.4019680045182588
416 389 0.00078125000000000004 0.0013888888888888889 0.78173776812968876 -0.57338835672105271 -1.466732039070362 1.6649139977642529 -0.046533253929331275 0.24922188222831165 0.66024630825170494 1.3984947990414587 0.076430401740336856 0.8818217848623715 -1.2294327371115426 0.8056718571063497 0.0073810858696191362 0.39160168957563934 -0.4544903576214061 -0.95548761556581807 1.2 1.0370249786654662 -0.78755648035431924 -0.84036637160922101
460 551 0.00078125000000000004 0.0013888888888888889 0.72060500130031302 0.33003249307917981 0.43343780451781067 0.033204470171531941 0.0088094286101719349 -1.8797852071491197 -1.1230194580425481 -0.29639658571198391 0.020853708501141613 1.1460005618677163 -0.86121737201875037 -1.8644066313265637 -0.060958657861352288 -1.8581981550395148 -0.90969374614830301 -0.19029145673361691 1.2 -0.10941437709084273 -0.9229450223980713 -1.212627974573707
391 213 0.00078125000000000004 0.0013888888888888889 0.83742775377813772 -0.7687062339391284 -0.8391109776908432 -1.9371889235780819 0.042910582346983223 -0.58003510377697465 -1.8471169445667721 1.4281532726764277 -0.032454331320415739 0.49842135044492464 1.1814808351580721 -1.9187689168277813 0.039507005817800478 -1.1671825673906326 -1.352343898615644 1.0850798033345983 1.2 -0.5712678916405195 -0.65557815160520383 0.67452791966938019
2162 856 0.00039062500000000002 0.00069444444444444447 0.42786810163732319 1.3336579783393177 -0.99877997566526666 1.1135431026830873 -0.092205087851504677 1.9477573428910802 -0.49661874815254947 -0.018090963708372154 0.039778931733639028 1.7374471858993767 -1.8503579199206905 0.039978940267534124 0.099113874743416791 0.21021886397598166 1.663804663499536 -0.38145373768777002 1.2 1.2839201249785299 0.23703179643110214 0.34732278224628965
226 1074 0.00052083333333333333 0.00092592592592592596 0.85317613883286336 -0.025520736215174367 1.3246860136163634 -0.50145793377806713 0.056140802053821548 -0.98795108065651238 -0.9237419347236302 -1.5248677431431514 0.039122692668446146 -0.5681272861024973 -0.91267195149709623 -1.3343814922878692 -0.06669210380147278 0.85301154422128 -1.9562436678373265 0.51632498925139725 1.2 1.2865868404431011 -2.6686527214607465 1.1967665183758491
1648 140 0.00039062500000000002 0.00069444444444444447 0.18090866649186177 -1.4200835231101907 -0.61150224434646505 1.7714284546966699 -0.036420127996811477 -0.13456748084644277 1.5371040103661997 -0.14038158048165572 0.06423556621558113 -1.0178210177945504 -0.27623915095237805 -1.6655928252507799 -0.041771070976295732 0.95276551618477701 -0.31061868690693961 1.6117596119172211 1.2 0.2038618603288001 0.56783662673272728 1.3840368192543069
757 426 0.00078125000000000004 0.0013888888888888889 0.051016994351388144 -1.0934850376820382 1.0457451413397285 0.82222759776176702 0.017201837138641513 -0.039080194744304908 -0.73982324922468523 0.26433474122205691 -0.084487112609432632 0.21965286887624602 1.1984265176555717 1.4371343150463103 -0.028382564505565894 -1.2484080219152176 1.1333304640709536 1.9525798970133383 1.2 -1.1753226657554499 1.2512146754515974 1.7481279406832477
525 66 0.00052083333333333333 0.00092592592592592596 0.29601297226606599 -1.9463596004875239 1.4470718134120961 0.80391827632413904 -0.030432942556200257 1.9414566866309748 1.981689153933675 -0.94751942474447004 -0.051009449439715839 0.020693661840116118 1.2981497610437085 1.0427632366651607 -0.063219917157449179 -1.1898819394024742 1.2376327110976519 1.5938672538777645 1.2 1.2166430950104721 2.3511455298133748 0.61534192742281568
57 587 0.00078125000000000004 0.0013888888888888889 0.73395080134094071 1.4348888776233126 1.7289086274884231 1.0528049891935951 0.027903394550759825 0.41375843069034257 -1.5545954766081289 -0.67202412588716864 -0.022145306606795062 -1.860490562380992 -0.20713131506719273 -1.7988862931497871 0.083991953866780628 -0.13158320276448832 0.10872810728843607 1.2008984511084666 1.2 -2.4511510379457877 -0.50746498004812524 -0.52224258028812254
177 234 0.00052083333333333333 0.00092592592592592596 0.93452849525701753 1.6592370092711133 -1.8216384581604332 -1.3395462930332536 0.099616444627095124 0.2962834554791316 -1.6512876240060539 1.7718555883653617 0.092505454590631281 1.5239399742905935 -1.524281602451107 1.4470169813246989 -0.067773093762362402 -0.9585045809703856 -0.98352572268364025 0.61612823637410452 1.2 -0.64918788930478544 -1.6766430463969413 3.6673459922716751
1057 637 0.00078125000000000004 0.0013888888888888889 0.34962910518745255 0.62579664410759506 -0.23339897034154466 1.1981988563236579 -0.0014642182489496697 0.53514303030335553 -0.34844240100033597 -0.57607830206192423 0.07043523845008498 -0.16444443289325372 -0.64135582632016153 -0.051010497669078614 0.089193260979001071 0.47496289872001496 -0.53005328130535556 0.77157625112390038 1.2 0.35137706323606782 -0.54250871437681014 1.6832890017689113
1079 426 0.00078125000000000004 0.0013888888888888889 0.52367602401851232 0.77314507543627586 -0.76070293613376361 0.98377978020126911 0.053234357570968727 -0.47771515898177919 0.6776973313072796 -1.0524734557530273 0.076462292532131187 1.7112958180349196 -0.17957809152899218 -0.66636549757066543 -0.022724211901886518 -1.8187810998997049 -0.51931317100984797 -0.084454400692500986 1.2 -0.25066543351167858 -1.0416312749999463 0.3606521737532466
1398 191 0.00052083333333333333 0.00092592592592592596 0.10679643098225598 1.5731480146810495 0.58674576041149873 -1.0142460786694958 0.068961436800037773 0.088315952440141565 -1.4314380360868681 1.2294057539528263 0.031598577670463507 -0.4274641696060808 -1.4041862724267133 1.5755628370624746 0.0035547195464796788 -0.97025796078180271 -1.2934650666812191 -1.6002456671853138 1.2 -0.19192713868237796 -1.6763343037268681 -0.87987048174289162
843 222 0.00052083333333333333 0.00092592592592592596 0.077567713066589009 -1.1718798354249942 0.75772102276519826 -1.991473346703855 -0.097734254591022834 0.4315418156443247 -0.83656008090862599 1.9987167947954196 0.0076767253863623958 -1.3422888721932598 0.017648961047941114 -0.47426888685927526 0.0011476797967710783 0.96284030051602754 -1.7451437278682356 0.99589517867869359 1.2 1.0314041711194071 -1.9134108237879868 1.9531642507612919
2018 68 0.00039062500000000002 0.00069444444444444447 0.97439444445239332 -0.19172179720661964 -1.3814990019411386 -0.49335792769507325 -0.032567495810469721 1.7019615104308259 -1.0717679545508618 -0.80071013287640014 -0.082188753980087695 0.27784434150275183 -0.8357344581431998 -1.83271025762898 -0.080872812294072158 -1.3743650535140599 1.6156185706910069 0.90329096629893346 1.2 0.31690366988449487 -0.93924265004886309 -1.8400743746137853
1569 163 0.00052083333333333333 0.00092592592592592596 0.96743235781560455 0.89748967377984146 -1.1160566902735196 -1.0057245873072564 0.02476240544666361 1.2937667442002758 0.95693057124528913 0.35536759352583003 0.027429737141792948 -0.36469059584346653 -1.7778255403714884 -0.22448161760903451 -0.023180100249263202 0.74192779208492299 0.033182930084682649 1.8523728485027258 1.2 1.5349203793223958 -1.425354327962048 1.0264107188318317
743 578 0.00078125000000000004 0.0013888888888888889 0.041360072420785723 0.8083576395259473 -1.1161734845175229 0.83194608452094299 0.095669150525647006 1.4314597818572228 0.079195508563056904 -0.54936420791078744 -0.078868458927217 0.22738333706716718 -0.33371867545450806 -0.88792603459284214 -0.0086810246267007563 -1.5943112699187463 -0.63273143036195068 -0.91450266541326997 1.2 -1.8392962743516998 -0.6928903607655853 -0.38262842534429581
921 466 0.00078125000000000004 0.0013888888888888889 0.5303627982212612 -0.69272523366513861 -0.01841763220125836 1.9968144052216439 -0.090326975092349271 1.3843877776255811 -1.307358990142327 -0.58134050657259762 -0.054631766077523625 0.64973634017766191 -0.25935317166966376 -1.797128678890719 -0.093050725045473431 0.14671229768553751 0.2894255837345403 -1.1872905236545872 1.2 -0.19779459993370513 0.4707146713050061 -0.96723660490867236
308 286 0.00052083333333333333 0.00092592592592592596 0.46687835936403066 1.85378442053478 1.2105422830261618 0.19875827621914866 -0.097520463493509874 0.59645395057326267 -0.087096468231789625 -1.149065439237134 -0.063397072123369952 1.5431023308230469 0.097742565396451209 -1.602175871389921 0.066318193251059893 1.1878961594695818 -1.2488233608035384 1.5442695806119131 1.2 0.73401345739171786 -1.6298198183794574 0.096213597097557627
821 389 0.00078125000000000004 0.0013888888888888889 0.059817838527324425 -0.53343861395747139 1.2644932291845654 1.7930338517706357 0.0032850108136436712 -0.73011911803849827 1.0666030443042636 -0.46939448363352421 -0.050510442119814793 0.92732045901964932 1.4634505017498722 -0.26905520229817803 0.045222942968528801 -0.26647270803486034 1.669778390407882 1.3635460521081937 1.2 -0.25042152246954447 1.6795493198857745 1.5685106620781644
1230 157 0.00078125000000000004 0.0013888888888888889 0.76022688656262138 -1.2215592341126777 -0.89982198358873822 -0.97218074836015544 -0.052407741918982814 -1.4483850232286826 -1.2119907773885292 0.63404599843624476 -0.024913543467551105 1.6819647424835327 -1.0232200643834637 1.9792838682707092 -0.019898170536506554 1.5879854003271503 0.26344226339901766 1.8813804082308168 1.2 0.82392920150142579 -1.8052560237669439 2.5351764763405433
1070 435 0.00052083333333333333 0.00092592592592592596 0.24398753388584107 0.80444012400163256 -0.41448521518023229 -1.5120017477927337 0.052809549322435007 0.042311053765231588 0.13133411556626529 -1.949538740075031 -0.02678442322576971 -0.7532072072575815 0.17531908154059872 -0.29089941953643761 -0.0081570955864800343 -1.1589149943070929 -1.033107574028135 -1.1632541600544131 1.2 -1.0358666366317197 -0.84462507161113454 -1.4893085035773308
1012 683 0.00052083333333333333 0.00092592592592592596 0.57509265417950906 1.0227019711607777 -1.2333053155009943 -1.5569149045025368 -0.093149642675399366 -0.39379158979950191 -0.036928360844606267 -0.82190842456112856 -0.018077982432156275 1.9927781346192752 -1.5446988927679439 -1.9963711817063312 0.08822055550172167 -1.9841236969991911 -1.1238199574838283 1.4663089658876243 1.2 -0.54182006097215318 -1.6552491920912074 0.36105655163775507
1546 956 0.00039062500000000002 0.00069444444444444447 0.8763891902323101 -1.609605436504967 0.59664211544822043 -0.9360304308913876 -0.012117744501080052 0.61794470090769593 -0.14480256412679626 1.1262630729137397 -0.028232496066264323 -1.6075186720149999 -0.77592160215120431 1.6354997513568961 -0.099598045314815559 1.1461202492962386 -1.7904189347223873 -0.32578249300126361 1.2 -0.71533724839222812 -2.0533415015118699 0.4848045317035552
1756 777 0.00039062500000000002 0.00069444444444444447 0.21360578066810823 1.8470967840141195 -1.9425059918104335 0.91847957730108787 0.034470433512170551 0.63733020169886334 0.87784510302367469 -1.236929287618473 0.084126144744137821 1.7654168065269547 1.5742697189263892 -0.64128158770366372 0.027178623448699979 -1.6006930669401758 -1.725961355465639 1.7512774097356094 1.2 -0.48425428153568539 -1.8012108607778294 1.6956549355975203
225 38 0.00039062500000000002 0.00069444444444444447 0.25972799424762688 -0.9574621462769195 0.41107013642411916 -0.98825826416405471 -0.04985060521527547 0.82333763871314058 0.21246375598454836 -0.18312632708708554 -0.094015175297514117 1.4897093253269449 -1.3838650974308315 0.36142888136506279 -0.045669137683523459 1.2525337830456746 0.83414250796821765 -0.7774114372347225 1.2 2.8130997159082289 0.29570263913033756 -0.037464249302529874
1020 953 0.00052083333333333333 0.00092592592592592596 0.92916646981231621 -0.92917590863205124 -0.63899359489398622 -0.90332350246921145 0.048876075603439623 -1.6955038827782776 1.3771620633618014 -0.030774008403954944 -0.089899584831410612 -0.43684873836764915 1.1962772507883388 1.4372002002718589 0.066186594639621038 -0.34438937078073284 0.5538975085040212 -1.0561013939099841 1.2 0.36707488548676048 0.42793712197875994 0.18443840573478035
1188 601 0.00052083333333333333 0.00092592592592592596 0.0020397111314333165 0.90518972196923952 0.72220987714996987 -0.6171342099249526 -0.040946538289874206 -1.8852411207518944 -0.44009266568047067 1.4476537337105819 0.058242756145235969 -1.0168998099642259 -1.8996858601802944 -1.3036935734399009 -0.022735988569541468 1.8970801661743621 1.6802228524469189 0.35550313451578619 1.2 1.9645306814666077 1.6039303273639653 0.034709694444215074
1345 282 0.00052083333333333333 0.00092592592592592596 0.91056368826534306 -0.30136990136856312 -1.8411264481753156 0.88344541075047767 -0.028068225684846612 1.2588937651722256 0.025974068311651166 0.53272753380020887 -0.078274084264801758 1.0745143849034 0.58608493915772053 -1.3872690379492045 -0.09132518287543874 -0.12329042588472561 -0.3574020903905395 -0.98199583649880751 1.2 1.2491597752832264 -0.51549532651009744 -1.5318583040450144
612 998 0.00052083333333333333 0.00092592592592592596 0.15070994857831085 0.26830300255539097 1.4958725845114547 1.1746160074993326 -0.092409859795248767 0.13517892440433954 -1.4328524990018745 0.3047852069542718 0.04936105565402249 -0.49941192647889743 -0.70614830547681517 -0.06662927291689158 0.073693700480804925 -0.50408662019761108 -1.5925068608544137 -0.52044846669018918 1.2 -0.65792446811607097 -0.85129585714458744 -1.0098252356686352
1183 20 0.00078125000000000004 0.0013888888888888889 0.46133070825414674 1.077819426255854 1.3906945158601491 -1.0943116808577131 -0.068084520970512874 0.84674020074966316 1.448552862826614 -1.7853997704578126 0.09532187221208438 -1.8121867541418375 -0.2083482482124821 0.46569115000202732 0.014535814760278515 -1.5581732336551517 -0.28005576975482116 0.25226510250162804 1.2 -0.54921985662326533 1.7524457439763159 -1.7322984950253306
154 208 0.00078125000000000004 0.0013888888888888889 0.96447663475285006 -1.0992609960150248 -1.517450404782386 -1.84629600511103 -0.0014450542656410936 1.7647454083355849 -0.98217861761860314 -0.45257623175335082 -0.0032863574955747932 1.697123711084036 -0.18097294345804071 -1.266518901648809 -0.066170356919556611 -1.365874749092268 0.44237481063758732 0.79849982892097504 1.2 1.6264885154804583 0.88531678557530247 0.69293594008614112
790 704 0.00078125000000000004 0.0013888888888888889 0.73710280073648149 -0.96588709279999341 -0.43010696015628236 -1.4063267814866673 -0.055670762776011934 -0.93946359325255901 1.0055744589294724 0.61734569656876337 -0.0080200672280536789 1.5094300244102263 0.52518621125934883 -0.34535780083458345 0.00099704455917379309 0.084939577757415119 -1.5790927180123773 -0.80509854318069385 1.2 1.5639555333709076 -1.8868594400566272 -1.6574118547415204
761 738 0.00052083333333333333 0.00092592592592592596 0.85193987603047661 1.5693305029153741 -1.7281459237892647 0.60953994312481363 0.093977102222404491 1.4386487384166053 -0.98098486093130077 -1.4764827688302935 0.057404984316448082 0.74226151255846595 -0.278750181143399 1.4312783104383304 -0.088691235675647809 -1.0032481818079466 0.031965678255964303 0.26204584880689019 1.2 -1.1294459428722734 0.4727529307629274 1.7511815233643049
768 94 0.00078125000000000004 0.0013888888888888889 0.7378126187650107 -1.433710485557377 1.0302894714978232 1.704582563212333 0.042197016240638596 1.0680925126288296 -1.5162759236355843 -1.0041257079598447 0.079237393044368609 -0.54088244177885203 0.72536730701029395 -0.54740040001430801 0.0033455587137833503 -1.9285137204478398 1.2672525428838508 -0.84514009530291911 1.2 -1.4398603674490718 0.70195542155504009 -1.2977324842264364
791 911 0.00052083333333333333 0.00092592592592592596 0.25446499418736429 0.28387301311796298 0.79008684339214286 1.2511478042576858 -0.063254962190000874 0.96665716383930045 0.90166512769164742 1.2979747104490236 0.019935030235492771 0.5569122950594263 1.9387710025241227 0.58702016562601989 -0.0085962293846208321 1.0086061138038005 -0.60002246198661435 0.63350654837280906 1.2 0.36434959724624011 -0.72428180826620547 -0.2758352129529591
2425 382 0.00039062500000000002 0.00069444444444444447 0.56325729371434885 1.4732899548220018 -0.90120376994542095 1.1915051099005316 -0.066442934383539959 -0.70616509432164243 1.1722910270088986 -1.6629427976394844 0.014943150796002724 -1.349202861589649 1.2021988259936358 1.4905124726946903 0.050109083789436099 1.7858861692563894 1.3838972397987459 1.9691250279218315 1.2 1.712415116581423 1.5343583508351497 2.6327196010648426
1384 144 0.00039062500000000002 0.00069444444444444447 0.81049555273748886 -0.26284106841094612 -0.66950401144181093 1.8527410135503466 -0.028112574515064104 0.95657644117730722 0.12165558087896766 -1.5928410432888955 -0.07710160249266218 0.73700831784048937 1.4696483631412067 1.7215339092855935 -0.083994452764023952 -0.11883055549732591 0.37269451989330005 -0.10189268975885479 1.2 1.1438668170026478 1.5041378602127176 0.1605759611801604
289 462 0.00078125000000000004 0.0013888888888888889 0.38636595596916884 -1.4171046291720093 0.33662335777014851 1.4371754255172018 0.046159663310165244 -1.1971124341421531 -1.056778728123311 1.0286737267255823 -0.065492449310936451 -0.86671526583185132 -1.7049101881321032 -1.3557931469842828 -0.077233252038221178 -1.5342425542146825 -1.431868185519062 -0.54003681142146043 1.2 -0.64646626959893572 -1.6966108656727774 -1.8425297217633259
1262 478 0.00052083333333333333 0.00092592592592592596 0.052538079016778608 1.8070421534037759 -0.21437189421596914 -0.65868830651576982 -0.071321608922375032 0.10846388414425601 0.75737793763568462 1.7249400628633635 -0.053577867474030483 -0.91646498596692361 -1.793607235971407 1.9567002023400408 -0.04130487174248143 0.78054293589024271 -0.68749989692500213 -1.0071024249122091 1.2 1.1239240364605416 -0.65257416292715453 -0.78289650763999907
722 52 0.00052083333333333333 0.00092592592592592596 0.8340414156798418 1.744856759671245 0.49351495989593053 0.54478630982529808 0.066213610100407466 -0.95369586102260229 -1.1365985620748762 -0.34213498940990261 0.064592177173726922 -0.12758873586551722 -0.24528591139331812 -1.156453649288308 0.059478826724649547 0.21595235318351058 1.0303673557579258 -1.601942936986847 1.2 -0.9160447042226213 -0.24962518981421497 -2.3306477012923366
2008 1146 0.00039062500000000002 0.00069444444444444447 0.0077814967429104213 0.4125633361991401 -1.615829069115418 -1.0894032093289363 -0.02066148987974406 1.2076741390738173 -0.3949193012269574 1.2862594398890823 -0.09072999451371061 1.575979499605725 1.5900226273021851 0.774359424163229 0.0086033555361925418 -1.5992117536583961 -0.36251286738915356 1.529947978211633 1.2 -1.6646001605133152 -0.83397374903858579 0.12400437979709859
2175 120 0.00039062500000000002 0.00069444444444444447 0.46062810847118446 -0.40747348787793314 -1.0996889294193934 -0.79112165099715304 0.038727562318199571 1.6443859845479913 0.047896852796404321 0.39063083006073285 -0.072606235886905235 0.21209416279776994 -1.8459252102754813 0.72323244233818684 -0.0059943963863846178 1.6751317536493664 -1.4076742509445017 -0.047553761210053835 1.2 2.4546689912479192 -2.56679022298739 0.049288428174225643
2468 581 0.00039062500000000002 0.00069444444444444447 0.98354273438990591 0.59708369069061584 -0.66259875078692998 -1.4373091147288823 -0.034942684197054263 1.9563113501475349 1.4178713358575799 -0.16879981945056866 -0.04812045324188155 0.59920806941842963 1.952527899400923 0.48346164626025434 -0.0087840496902373 0.30768524936401453 -1.5572900454263845 -1.5549834598319379 1.2 1.5898205190116119 0.017931049875544152 -2.1280330774806391
565 21 0.00052083333333333333 0.00092592592592592596 0.97007457975555655 1.9776388277430197 0.53760564041700887 1.7926736472141114 -0.01889128912054841 1.3381069248726063 -0.99853169810155329 1.6187483650955192 0.087993335769329661 -1.6106632703959169 -1.4743748641638321 0.58133641722931673 0.02737711233462628 -1.5122276646895645 1.1706398604781905 0.24009897297939675 1.2 -1.9734040073735772 -1.0913705690497342 1.229638042405423
817 170 0.00039062500000000002 0.00069444444444444447 0.76920149042485364 -0.8005041225344911 -1.3834615671149471 -1.2625257596737032 0.0097967918555835337 0.29745512261998908 1.5910014285337168 -0.23241808167988953 -0.050142434372559656 0.2998618035971985 0.48708261324664992 -0.61802172648084142 0.064893502879058179 1.2951443455378091 1.9118766344381144 -1.3703158264928623 1.2 1.69029542008559 3.3115157572411 -1.2969811627404344
2351 790 0.00039062500000000002 0.00069444444444444447 0.15568262844222661 1.1539279098303656 -1.1587403018345057 -0.59462142047048916 -0.004193802883644196 1.9459414056690427 0.072049188667314468 -0.072726734260574855 -0.044569905893012664 1.662627840808363 1.4653608453579579 -0.51521912527840463 0.059197232660216592 0.92604863606103383 -0.90904437942279159 1.1988614353749449 1.2 1.6200018030792396 -1.3701365186599002 0.51898571913540814
1443 547 0.00052083333333333333 0.00092592592592592596 0.86090554909549211 -1.7592929995672866 1.0890733769013794 -1.2255683896793217 -0.014763378405813279 -1.9385923165356749 -0.46198808819079007 -0.59551087760410404 0.0113487526980975 -0.72139913942279987 -0.084023994957658665 -1.9639470438869329 0.048748079007841671 -0.42028109591886009 -0.77411177954319577 0.86566032767609524 1.2 -1.5396247534357785 -0.2361720590789381 -1.1617982842221968
1124 695 0.00039062500000000002 0.00069444444444444447 0.19821126548655893 -1.0508933258484978 -0.86553581443015304 1.018770120061117 -0.063427698254419712 -0.27889915642815133 1.1228757846144681 -1.6118304603455318 0.036863191889924762 1.4321735364073973 -0.71997180611243516 -0.13308511927110089 0.076644068699187745 -1.1497219611610623 1.6562285584320757 -0.38312419389814378 1.2 -0.61076769686916388 1.3534925973440324 -0.48042647726226823
956 87 0.00078125000000000004 0.0013888888888888889 0.55775036621875851 0.47063675910541392 -1.9207239812919519 -1.6826164049367596 -0.026841788465591751 0.76719965558257419 -0.74412459770617323 0.099227998474629153 -0.0023490039779391347 1.2345303054025458 0.19331267395593787 0.70319670159483927 -0.010430427056095273 1.4382777696006208 1.3058012923753788 -0.067347746637324679 1.2 2.4936257758618336 -0.084382114648139661 -0.36648694081139255
941 90 0.00078125000000000004 0.0013888888888888889 0.023857356098986166 0.09566591568542826 -1.9852173169819172 -1.6999113148826943 0.096632775059760145 0.7767762220751937 -0.19008917179818008 1.6241855515618058 -0.095979961676216724 0.89791109751964804 -0.19770723058375816 -0.72358690313426433 -0.052351436004761866 1.1556115418360253 0.95339927763606802 0.19031232011355081 1.2 1.538356955815348 -0.1098953957987068 0.50162396429663347
237 162 0.00052083333333333333 0.00092592592592592596 0.87775327386402924 -0.85795882285320735 0.17907854259121914 0.32468677993586681 -0.0098421524290690787 -1.3219738926334248 0.40577287512084625 0.99765175999433353 0.029081047279524957 0.78333396479365236 -1.7971276508362153 1.8843919908660776 -0.045451741255993383 -0.42101345554226643 1.0318661724807328 1.5112641793587196 1.2 -0.010012945401109105 -0.33394894974173572 3.0461697624639692
195 617 0.00052083333333333333 0.00092592592592592596 0.55658619357198358 0.059681631708782046 -1.2436630084933249 1.5339656483693376 -0.098886912783278949 -0.45798931166330892 0.8955989717835573 -0.43231530550632158 -0.050666955405855467 0.67958430645188228 -1.2675124772950865 -1.1867614038097094 -0.029341835467792565 0.76083907071231804 -1.3559906382220825 -0.67926528282970722 1.2 0.91147374529649239 -0.94480540733025387 -1.9684617329388712
1493 161 0.00039062500000000002 0.00069444444444444447 0.75410022071717575 -1.0870743913665741 1.9230494975456467 1.2263922283193378 0.097437886286485836 0.65008044375287311 -1.7535012006361503 0.57359458797544693 -0.094650430270626765 -1.5704060045073187 -1.7541356805886665 -0.41398519300944292 -0.068795854334120485 -0.96981862693711562 -0.99279987751056309 0.70962944644694925 1.2 -1.67845730837924 -3.075306427986118 0.95965189767860271
793 264 0.00078125000000000004 0.0013888888888888889 0.14359246563677483 0.70306633949499497 -1.1362981633383211 -1.7885983766117355 0.029280237249945329 1.8394470838262764 1.0213351577218313 1.9564334973820303 -0.014113433499762171 1.6469397870930109 -0.27605221329947582 0.31013882490598421 -0.018417848281832863 1.4083020493600698 1.8346461450887337 -1.6991414233297437 1.2 1.9168044754629043 1.4937196345378914 -1.3031394974608419
967 629 0.00052083333333333333 0.00092592592592592596 0.87072385439616573 -1.8923438014893041 0.29625223189115024 -0.78249133440876317 0.086102735176894873 1.0386268781999095 -1.4708091452642424 -0.52010409103800548 0.056436565802435362 -0.18794438413215797 -1.2952149363155394 1.3299497523249579 0.016854778116563399 -0.84608464442638365 -0.15327197958500793 -1.3332871730856151 1.2 -0.99225894632536649 -0.85817877657008279 -0.078921553372093223
1238 669 0.00052083333333333333 0.00092592592592592596 0.033387045491489201 0.31917983693338581 -1.9695324341878551 -0.49990666754215773 -0.06094373367467474 -1.4833237664465986 -1.2207242483036254 0.52740091754373308 -0.033666919052613098 -1.1682929833533775 -1.4609435183694286 -0.69809755250674055 -0.097414570924038005 0.62900281520503398 1.0328958780545219 1.5125721701081654 1.2 0.87463495948630332 0.59428260045753079 1.0257928704656034
1728 115 0.00052083333333333333 0.00092592592592592596 0.44933158819691377 1.7720710520101157 -1.5970206187466109 -1.6790228566492944 -0.093114100468931121 0.16488731581010185 -0.83903307576875541 -1.382677547190994 0.056274627620138323 0.84055036858278021 -0.063329454863349621 1.4771625020345902 -0.063404690426229718 -1.775700611524516 -1.5928402689530703 -1.5861226473011754 1.2 0.13160150260220765 -3.1189019130471713 -2.9384792808491143
685 140 0.00078125000000000004 0.0013888888888888889 0.95649151142834432 -1.1809120163329032 1.7255884522980067 -0.33631260475903701 -0.080166280241969534 -0.67604456269732438 0.83806179970879224 -1.3821513068492535 0.026812844076977621 -1.9893702777708953 0.09599968099989642 -1.6761989087298805 0.079368111817442827 0.47258291214394221 -1.3464426305769797 0.68788847007384746 1.2 -1.4973120205651833 -0.48264703366431982 -1.385099894826612
951 498 0.00078125000000000004 0.0013888888888888889 0.97121467096117153 1.4393018002153206 -0.78386018681591985 -0.14340114754576483 -0.034479875940782195 0.44221290567306282 0.35824296833194147 1.7991845183813853 0.0090293522420857864 -1.2746627980706635 -1.5041390489275654 -1.4745663660013015 -0.04692991593149623 -1.5534344551635826 -0.88950078170968139 -0.87098321051473127 1.2 -1.9935364430444991 -2.5302188944682538 -2.7025040434916816
8 563 0.00078125000000000004 0.0013888888888888889 0.0040504208802479135 -1.0287815719996765 -1.3625325180459615 0.24924143713924218 -0.018336846074970298 -0.91684223562028411 0.68686940957246367 0.86099466646207201 0.075099584445702888 1.0849031154892597 -0.16887208544608789 1.4068893203133745 -0.052703931003135952 0.37205495834033897 -0.29434714436749898 -0.49433867696597034 1.2 1.6248024984755391 0.56246183092670676 -1.0390026738238889
1858 851 0.00052083333333333333 0.00092592592592592596 0.2454844678526254 -0.4575183587514644 -1.6088530267421093 1.9310445628664774 0.0051587790193949185 -1.8325828592598148 0.97423561267213499 -1.9238408923562322 0.02053412839891304 1.9981541089690316 -0.55426889538243351 1.5821293680745936 0.01937046061449528 1.5723153293633101 -0.68945442402295765 -0.45501403263790063 1.2 2.2473618591797511 -2.4156314825182297 2.3798874716377734
1223 426 0.00078125000000000004 0.0013888888888888889 0.38545898734096917 0.47227857144578422 -0.66459969648002959 -0.49851745350937371 0.049617351376456204 0.13108921293797637 -1.9842659807976633 0.55200635868447323 0.02511235129863168 0.93177914576831089 1.9443051162862188 -1.9700720808718581 -0.0093625688196624229 -1.1587183100197938 -1.4957022770020307 -0.71496835258582747 1.2 -0.31785683390831571 -0.7968074743663387 -1.6417488585365654
696 436 0.00052083333333333333 0.00092592592592592596 0.4110840534949125 0.22687071853506291 0.32206133923566993 -1.1918209746173871 0.050899908852696046 0.28798209932117524 1.6826314244471257 -1.0887790088855192 -0.0072903270739496095 1.7497513451172679 1.5107540171062839 -1.0580649692466539 -0.074800291281655093 0.85910483730877951 0.76645240869727527 -1.5236255522939142 1.2 1.3617720821832779 1.4053462982738345 -1.5947306410768629
1397 374 0.00052083333333333333 0.00092592592592592596 0.73406312092873072 1.7291939428537311 -0.5638522131407413 -0.11523782451646714 0.064649594508379149 -1.9993656256362677 1.219708709941703 1.8216341039165327 -0.074571678964465912 1.0422152071712514 -0.54159086110067411 -0.63195385623901545 0.02941814807943427 1.5231790673403647 1.5017477205243832 1.4974283406104778 1.2 2.00578170148659 0.99416825157697719 1.253306372782963
1155 277 0.00052083333333333333 0.00092592592592592596 0.46587115866600404 0.61584798856641187 0.11386168156128784 0.21191812608311578 -0.035805212381809934 0.46633313375643137 -1.9104565248733825 1.7738592958431014 -0.075345016145993787 0.96942889410764943 0.013416998389297774 -0.36483375712650234 0.037394528666012061 1.2354908060260654 -1.7258920611007786 0.96362628576821585 1.2 1.737723437202122 -2.2370179364220548 1.4478950094506133
290 476 0.00039062500000000002 0.00069444444444444447 0.17208046168253119 1.9889940983942709 -0.87342594381824279 -0.46334679541090384 -0.084391596841300806 1.945414455380984 -0.26224063054513858 -0.021895349129021469 0.060945917203128197 -0.63020852417180251 -0.869929793249129 0.83102707838836887 -0.0033575417562786009 1.2497803673466521 0.14462359364342037 0.29458062958202014 1.2 0.20359611660493732 0.45238388105367039 0.61338594118868806
315 344 0.00052083333333333333 0.00092592592592592596 0.45724593500641364 -1.2327708026708173 0.58815097768580493 -0.28576365941598914 0.0903081937005899 1.0537202058119282 -0.85662358017130869 0.22736136083102521 0.0082779288615021651 -0.73154899594639078 0.5400474760303644 0.78916847465414586 -0.024844130144238544 -1.1860377470041392 -0.80538738786550246 -1.4070233438877362 1.2 -0.27535077094360122 -1.1170917091203845 -0.68259219600075127
1546 887 0.00052083333333333333 0.00092592592592592596 0.82279564525433724 -1.7214188044952872 -1.418238218674964 1.939525090418285 -0.084773666958773253 -1.8912414524556698 -1.6801621762206933 1.870675992186269 0.041038783833614201 0.75266672842745397 -0.083254155553381004 -0.39962823030351258 -0.069931630831465724 1.6484797471613164 0.24760993763312333 -0.18455957496391262 1.2 2.2862274372638072 0.37008754440102976 -0.50012028188803281
816 106 0.00039062500000000002 0.00069444444444444447 0.8717564528004158 1.3148586358314116 -0.2549842813661769 0.099654921169690436 -0.098542662291466979 -1.3378731136218156 1.3006843386716378 -0.26640681291483848 -0.089179782580228767 0.45727857443020214 0.71226875341343954 1.718761541842504 0.034896311468798735 -0.034879731017270821 0.87469610638050455 0.38872045341212536 1.2 -1.0522894571852572 2.265531522381607 1.3645523134807307
1027 531 0.00052083333333333333 0.00092592592592592596 0.29029221302256519 -0.21382180202737766 1.4564300605860589 0.57865621148018764 0.010174639022816276 -1.936332458355642 1.4976715522511852 -1.4878749783192693 0.032800878035669279 1.2507979366384161 1.6035744809798005 -0.29609708088732312 -0.025639403074064496 0.0082038310173468965 0.70554625182696196 0.25860936577363569 1.2 0.27290177348227773 1.0864829188773917 0.15909112249346821
1746 96 0.00052083333333333333 0.00092592592592592596 0.47500640278399475 -0.6577030555490202 1.8684854726522704 -0.50937744573296317 -0.020150183720524573 -0.19527844299534314 1.1618659795927462 1.3646217419211588 0.030876288057146789 -0.27870239361302085 1.4001240067380141 1.8802851609698639 -0.031855454177469197 -0.62445248395829411 1.7358371761169806 1.1652006304574449 1.2 -1.2197651305613026 4.0930391869724163 2.3136012697769632
1128 572 0.00078125000000000004 0.0013888888888888889 0.16581538156790637 0.86330105275897351 1.6808130596461326 1.9284573817600377 0.01808756873118593 0.5747657838776834 -1.7065640580287513 -1.0516734011026672 -0.077286139115739103 -1.181946937758048 1.0484573404046329 -1.5923630446268313 0.046990060558935232 -0.23869369006150309 0.75042328410321746 0.35140219329393751 1.2 -0.090756797608850831 2.536701583756416 1.7203819190926515
1316 478 0.00039062500000000002 0.00069444444444444447 0.32434319444594295 -1.7202849767663104 -1.8785215074975832 0.82999796447362417 0.035318245464428411 -0.83612903414552608 1.7822606055567358 -0.22179779434325742 0.06736890598925474 1.4226500008892935 -0.71761050197783716 1.7227337014423751 -0.049600004689634304 -0.25476182126270608 -1.2138411036395742 -1.8585849101000278 1.2 -0.10173078819466837 -0.74728635212073768 -1.1184566754488574
636 728 0.00052083333333333333 0.00092592592592592596 0.33872958383151469 -1.9759160629010388 -1.5957484134788871 -0.90315222619375746 -0.0121559132612101 0.51893056794686565 -0.71578778463569881 1.6331246675643518 0.014780450612874321 0.49909493918167636 -1.3902322857707574 1.9314490643964364 0.019636336255256251 -1.3971460256839774 1.8318270883612229 0.68919611016329219 1.2 -0.61662054108139919 1.7821269055359035 0.89391802988465607
124 338 0.00078125000000000004 0.0013888888888888889 0.63353034007803155 -0.25759388528482186 -1.389713373474545 -1.9804736261922087 -0.075008990437102102 1.812684410807567 -0.85271271976669771 1.3296127459506626 -0.03926345490393475 -1.9909802661374165 -0.89633545683926208 -1.4811809255112629 0.09910201599691193 -1.7490074470315036 -1.9622278964724837 0.72335328836765944 1.2 -2.0400491795491718 -1.1065839954487224 1.1050383840028348
384 792 0.00052083333333333333 0.00092592592592592596 0.3112014507093252 0.13563754671494088 1.2683789016339655 1.1627732274565381 -0.034888177314130506 1.195780740345306 -1.7005951000558142 0.69137139007871395 0.047175729526956617 0.32121546790901334 0.15176776069939235 0.91919754141252596 -0.072273210987915643 -0.075247833603757197 -0.64793476555174534 0.78602382680573291 1.2 -0.52342227136789365 -0.48104615927959721 0.043983801668261151
1448 574 0.00039062500000000002 0.00069444444444444447 0.090832778815715706 1.2994147548331156 -1.9169032428438566 1.8599113700251282 0.0095731307017037359 0.85595812974764218 0.82854020979281495 0.55469303981326501 0.021167405848969784 0.28092352365598483 0.96674243957212891 -1.2325400413301923 0.064713128933457792 -0.66885194795299308 1.2111567536143752 -0.95276715543963775 1.2 -0.24706977142197628 1.002183078618293 -0.58426515493595965
702 377 0.00078125000000000004 0.0013888888888888889 0.97706663611415656 0.86746211486451097 1.92561152546988 -0.1176979258840638 -0.091017444619494778 -0.0086135212891083057 1.7584302764761062 -1.45074513420467 -0.07036546096203225 -0.45423633206623037 0.3742387975675161 -0.42755175189512551 -0.00071495628392737043 -0.42499372915768774 0.85008714025304633 1.7134170439639664 1.2 -0.65644082202673015 1.1042679460214146 1.1347468617793337
1720 673 0.00052083333333333333 0.00092592592592592596 0.59958401652384297 0.77841273225001784 -0.59824695463394573 1.3441828357921652 0.063834958439669687 0.50634091148799509 1.254707036229584 0.5006890132837829 0.07323342975439795 -0.018591946039512752 0.75149170752302608 1.9119287710731485 0.088638676788207887 1.4299322946303792 0.11700841250129645 -1.4176340434418324 1.2 1.485873626629143 -0.16842143517863742 0.52099076310076786
1402 1391 0.00039062500000000002 0.00069444444444444447 0.10172751502491389 -1.7472701348069681 0.36064613093391573 -0.51041668871119095 -0.015420034641570712 0.94384877417489221 -1.2558924638181859 0.24113805376903263 0.087220433291147315 -1.7872744442068624 -0.72628113596906907 0.48054139642601434 -0.077184099376581092 -1.7602381722220324 0.17902303953738885 1.0911025277710245 1.2 -2.6949145998521007 1.1817516174100822 0.78087285876842405
82 639 0.00078125000000000004 0.0013888888888888889 0.79128797463896272 1.257075523278512 -1.0777108381065132 -1.2142446590728784 0.06661053893377461 -0.86735167455040374 0.38909120261962027 -1.5615904220457764 -0.03746625146770384 -0.9911547532312599 -1.6610452847091568 1.6935069348838456 -0.076949575309732079 -1.6924052118802155 1.8196497762926898 1.6294635243137967 1.2 -2.6106895395630501 1.0286536988108086 4.7196497745330737
34 298 0.00052083333333333333 0.00092592592592592596 0.81825677821165577 0.13862400239330164 0.081231911562878345 -0.9647338609003846 0.018425862099598761 -1.7120094759986677 1.1525512565561322 0.25172607590397078 -0.014949395362574405 -0.41877641044598901 -1.4303061703701725 -1.5296099926285995 -0.0078696172295963374 -0.57833726883549064 -1.0072632055784734 0.91941086798585481 1.2 -1.5569902292803528 -1.4887266144602125 0.60767386989575445
1262 995 0.00052083333333333333 0.00092592592592592596 0.75273334812734805 1.5857106669807908 0.72549434759489895 -1.6515539969267343 0.030010365292082508 0.53315993865790112 -1.3637871585944401 1.2218683413269602 -0.019629617987272557 -0.25136306526009733 0.14170702306211513 1.7497903175527045 0.075987017830722453 1.8359211692173685 1.5602094783121045 -1.3781939154148164 1.2 1.3221861764476224 2.3736236756599558 -1.2563381059010372
559 510 0.00078125000000000004 0.0013888888888888889 0.64260286148876822 1.471432167885681 0.30324200346275587 -0.31337097056537644 0.028489061747474648 0.82253775700457243 -0.25462366872708087 -0.84239318681850195 -0.009083750860923126 0.51129980507484918 1.2954359473708186 1.327376179144339 -0.092415984980906557 1.7871688221080317 -0.18604046061648027 0.68968639786776986 1.2 1.3909085267908825 0.62648837213180042 1.6954760763778145
775 262 0.00078125000000000004 0.0013888888888888889 0.20219156467054769 -0.10528664277504562 -1.1303840988868035 1.1727339236526531 0.090197673096508141 1.129420039772401 -1.8581005108914219 -0.29057120715413731 0.027438845752749547 0.8935527759819113 0.846955498269371 1.8163770696126931 0.038747143043885796 -1.8907198494841992 -0.36718834949197854 -1.6130881216114807 1.2 -1.1556231500082699 -0.76031178414526035 -0.87189851959876219
2225 416 0.00039062500000000002 0.00069444444444444447 0.41211179517659696 0.8470836816852918 -1.9194662140312193 1.7494716940250159 -0.092469717855683975 1.0320376011368362 -1.9377918040957445 0.44896309717115956 0.0028780664359439462 0.96074261295274521 -1.5556111607981942 -1.1448193439341505 -0.078124169896750306 0.69551301128073328 -1.1814273082715823 -1.5991203003703438 1.2 1.9552751117710774 -3.6859777172228894 -0.53545126012161326
1578 1328 0.00039062500000000002 0.00069444444444444447 0.98264008699625116 -1.2558060681608931 1.1412215738138585 1.5225491197283656 -0.014367163404459621 0.87416826182265384 -0.11529565919076834 0.90024429916068671 -0.042951355925633795 1.9962428585808687 -0.17931645540015051 1.2855885773627875 0.050555610695679876 -1.7999399740075059 0.43439714893750958 -0.87068911277350569 1.2 -0.67829771570716701 0.48476347216990062 -0.010280846707345278
2287 846 0.00039062500000000002 0.00069444444444444447 0.8262301029682162 -1.0709111961140345 -1.0583543536129714 -0.48062995297311772 0.073083640956867674 0.61556636244590068 1.2237156819311159 -1.6712608019516786 -0.011843728043463592 -1.0953337222587334 0.088101036326514226 1.2529830090988812 0.067952136023453708 1.3223519480170873 1.3660404994384767 0.74793136135005245 1.2 -0.40564063155771934 0.2970105320118418 1.2909038957856014
1515 270 0.00052083333333333333 0.00092592592592592596 0.53485894566253589 1.0324067871929672 -0.064963051189359078 0.23140791999095933 0.067990353921145691 -0.76317036641557578 -1.3461764796164162 0.334870323612523 -0.022879712129765944 1.1261442912692199 -0.56109312190698768 -1.1230709814841373 0.028272752417201896 -1.92957790002859 -0.28570798833865174 -0.39539111047285758 1.2 -0.89355548294141807 -1.0419939900817312 -0.55914871266996846
1842 1130 0.00039062500000000002 0.00069444444444444447 0.29341424287442031 -1.2407400280009147 0.025842934630225134 1.8218597962119674 0.041818609145237023 0.12153725419103489 -0.55594795128519259 1.7219615922663345 -0.038118530389262655 -1.0250869661477169 1.9546914819569143 0.28691731996726411 -0.088660813637974942 1.0390049181606282 -1.8956880606765583 1.7438834141517146 1.2 0.10187795841072188 -0.81857577438777906 1.3565105110614297
513 748 0.00039062500000000002 0.00069444444444444447 0.31223584249336039 0.8821634686866493 0.36707912514526919 1.8445935137379319 0.060990014017752447 -1.28262009924739 -0.2546454849613311 -0.8846250655245318 -0.02605907635975338 -1.9671584430586453 0.50259631405036931 1.608372895318035 -0.053063768811258606 0.9739237173840456 0.75086550712424938 1.0056539620752689 1.2 -0.10260772865561978 0.60809464235394184 0.38178593686817519
1628 916 0.00039062500000000002 0.00069444444444444447 0.39605531561936347 -0.84631758303032489 -1.2440831635023955 -1.2213907909454331 0.0032307901283582796 -0.82041723187758819 -1.9291933705299535 -0.39872789056680036 0.042312111557633952 0.86775585019230173 1.4542153785694985 1.0647856670824534 0.025403620814680006 1.7551081384044265 0.94472213525790938 -1.7460218517842825 1.2 1.7444402890618378 1.4244368083676073 -1.2906785525461868
283 736 0.00052083333333333333 0.00092592592592592596 0.84429040374233444 -1.9054733807867166 -1.7021355610243392 -0.58928189875644721 -0.009827875882682191 -0.8343903914905102 -1.4482158646322834 -0.46084161365976506 0.0686652882826915 0.97788572644672556 -1.631536883131889 1.7456436716120236 -0.0039196276923434831 -1.5579847596630572 0.25593010967151342 -0.88187912503332999 1.2 0.77549667059455274 0.5132252050497973 0.99684045327538251
724 412 0.00078125000000000004 0.0013888888888888889 0.41467128892918409 1.2458964285859575 1.3996378801786826 -1.3345491239432463 -0.016902239485854342 1.5370536359148423 0.64644271470373882 0.50663949173837919 -0.011375992241309391 0.19352336721983798 1.6454154671934291 -1.3181671870766425 -0.068330349976946481 -1.8482419351760058 -0.30894815324617575 -1.9780884719409735 1.2 -1.5606362159348366 0.39610991186706662 -2.3693953320215697
2483 1086 0.00039062500000000002 0.00069444444444444447 0.25122108015857941 0.18004902126059985 1.7256599975351574 0.56485904543748022 -0.098451630435830773 -1.0924752003402216 -1.9753447009122218 1.3329904128604801 -0.059364550003255911 -1.7960339904356926 1.8827606905417484 -0.23483671897983704 0.082128591634770237 0.18916201223341167 1.9286218689270465 -0.87619291744649797 1.2 0.4000308241863198 4.3423248724575867 -0.93467492706029232
1219 209 0.00052083333333333333 0.00092592592592592596 0.29626671494167345 1.7610382490446987 0.39867780447524703 0.89624081753288776 -0.0067279853743326817 0.90213930682922916 0.089210953767095091 -0.45712385092875607 -0.04501535372538408 -1.2835558389273451 1.6255707443494334 -1.4140840917512514 0.02427608315153755 -0.31765758594198612 0.46162309730223949 1.1535838528374329 1.2 0.28038254472615859 0.93867592840259717 0.59187711979157676
2244 1092 0.00039062500000000002 0.00069444444444444447 0.72191059071953512 -1.5805569940372317 1.2638993839910939 0.41051594946660863 -0.060264262584210651 1.1306975445390202 -1.6359120126402846 0.3644439815865077 0.032774717812259907 0.21740547737211768 -1.9711372563982597 -1.1817416422924865 0.062419896280590276 -0.047492934418575494 0.32570109792593316 1.0817641763235568 1.2 -1.4090688865583028 0.59308725823933339 0.29545517827173268
258 993 0.00052083333333333333 0.00092592592592592596 0.94217684800847501 -1.3730429816416483 1.6950738377442431 -0.2518627096591195 -0.040691702897394433 -0.33656893682895994 -1.9443551589098838 0.71142204210789117 -0.057628051663383584 -1.5628995509944819 -0.8162308605240316 0.3389310064222788 -0.027580234128819589 0.68940823209916235 -0.062685016169758967 0.66254670554343242 1.2 0.40159739630283553 -0.34936855935800193 0.45398882290155557
278 62 0.00052083333333333333 0.00092592592592592596 0.27296262600689697 -1.0965490389314843 -0.67976057774073251 -0.2761158500743699 -0.041341758291943802 -1.0907809262715382 -1.7192950631170181 0.99393927937821891 0.095424151258509282 -1.8434478591979815 0.023509025009770035 -1.1972250505817605 -0.0040232397824094129 -1.7663492513932386 0.8634960412784829 0.13761079915226748 1.2 -1.8707781055362644 -0.1278580190131674 0.67477256935871788
1891 1057 0.00052083333333333333 0.00092592592592592596 0.26881171395109299 -0.3751429807519524 -1.422493919982537 1.1646915103944 -0.0087163394442188596 1.8239258774215124 -1.8606129038419223 -1.4525412699570426 0.060965980778379752 -0.38772952795341364 -0.22646767841429716 1.0393479904728675 -0.013638835678830882 -1.6929777214656623 0.40540796616254626 -0.50929873179735985 1.2 -3.4610982409315625 0.66169751668470222 2.0295035511348622
74 964 0.00052083333333333333 0.00092592592592592596 0.98348204471662914 1.1207963745338931 -1.4180441231482881 0.92921877630439687 -0.0053870824355130714 -1.937343201909663 -1.9216302626154231 -1.5153694593769274 -0.029481121457981541 0.39815512189383462 1.9514243441846939 0.70096124581113628 -0.00010139628798751243 1.6317974700195159 0.0079114991577253768 1.4699860958851638 1.2 2.0459555882734715 3.8644481325288447 2.0304717407583208
935 574 0.00039062500000000002 0.00069444444444444447 0.85866378591980286 1.3625846309032812 0.11800343695829829 1.8907157413515949 -0.040174657292682062 -0.59081254372819725 -1.095549300443587 -0.80627909809745857 0.061417156621521585 0.15441169665587928 -1.2264436359686908 1.0875865686541064 -0.034201001234747522 -1.6485318759105878 1.7164202155695381 1.120676085101719 1.2 -1.6769718941041414 0.3435635561890899 1.1582153219728404
769 1074 0.00052083333333333333 0.00092592592592592596 0.96674977385196681 0.7105769396122632 -0.90433802282320741 0.5647110874198682 -0.059857036329758785 -0.026137232185971637 0.86231421003621422 -1.753563822749808 -0.0010448127726961493 1.2383792800491422 -0.74338502508699955 0.74020693273393556 0.050253590426488387 0.87611475685125129 -0.10688810048004838 -0.95733246867404587 1.2 1.5522725188892585 -1.188774087030442 1.0954513018010048
529 512 0.00039062500000000002 0.00069444444444444447 0.53412405258492501 -1.4839464446073576 0.72229154828861608 0.20024503009930816 -0.09650632256116512 0.65342508408350142 1.9253719022130698 -1.9159872312271791 0.079492976272810517 -1.4731047823770522 0.68348424109270045 -0.31375966976644598 0.095017394097257013 -1.8567529252127755 -1.9856259058142665 -1.6864204439557637 1.2 -1.1916457102492817 -1.1194772616512052 -1.8970892015905627
54 890 0.00052083333333333333 0.00092592592592592596 0.65537960593927735 1.9812673861767731 -1.2214385765518712 -0.75618046383167625 0.082310243666534277 -1.2755521615595842 -0.9467208651638046 -1.514797973983375 0.017840790119010561 -0.6854996551103123 -1.5124085581029996 0.49502850129480525 0.041696859880275661 -0.93075123647213376 1.8822875346630052 0.39665205693960459 1.2 -2.1271014108718989 2.335164974146656 2.1241808882730386
2052 1357 0.00039062500000000002 0.00069444444444444447 0.98295295911654201 -0.75420344441914944 0.84232455584418231 0.81011267264162923 -0.068481277796527962 -0.030615499541519764 1.5224834691265441 -0.97708937598082324 -0.058184459591399534 -0.18109113445194858 -1.4142547364701477 0.12424825122323391 0.019583694590347658 1.7388393599021774 -1.1320799090507938 -1.4523553146891426 1.2 0.92137169179502487 -2.7345034787576314 0.019376128992707149
737 258 0.00039062500000000002 0.00069444444444444447 0.83982689456924886 -0.5692164999165521 -0.917927747559244 1.8300563174128364 -0.03111194787962708 0.3032659088485552 0.091989236133633412 -1.0967382105464076 0.095854551929131976 0.024166515311159209 -0.40609859884935906 -1.2236279566339645 0.071564142580247014 0.3609961059543414 1.6516396590134632 1.5296536556686693 1.2 0.61205500678613145 1.3175670624842803 -0.73167737937330468
627 486 0.00078125000000000004 0.0013888888888888889 0.064131699838323078 -1.1127678897711557 -0.74766393702059064 -0.8077868512600701 0.034883345527425391 0.21297814812867211 -1.920644273097186 -1.611451760842459 -0.019998330891639424 -0.73272179661331416 -1.0190756830560428 -1.9756893055868012 0.017492432134985664 0.95701371597172402 1.167433150625941 -0.43061406887540965 1.2 0.70968243537654641 1.4837448406044793 0.020460131877215636
1184 712 0.00078125000000000004 0.0013888888888888889 0.885317846195672 1.6755789514721067 -1.9531395208706614 -1.3618515138314331 -0.076374982521531964 -0.33123099502778874 -1.0828954623843696 -0.85605109327151441 -0.07979735712593683 -0.10404926458815877 -1.3051214832291067 0.85263157403770107 -0.08823858639727078 1.5049223908257314 0.42625419383873098 0.36918236525066694 1.2 2.7864169623149362 -1.1722544036642466 0.70800428006182548
1647 860 0.00052083333333333333 0.00092592592592592596 0.85646437117913288 -1.9753180902159571 0.58055466398713129 0.95105817116473679 -0.049451972321753669 0.55541434589380101 1.3382645914349416 -1.6814908863708484 0.080645838278791654 0.73621173948834828 -1.6777948312687667 -1.4657887168186883 0.0019879207518986863 1.0693803172872567 -1.7293879032002968 0.38934106442653826 1.2 -0.039649648927159449 -3.1695365137252627 0.72695000686770406
2092 590 0.00039062500000000002 0.00069444444444444447 0.22893911357027208 -0.83476546998043943 -1.4948061656583826 -1.6503383905367652 -0.047701279018579172 0.87420830441928921 -1.1502118595382633 0.013638262977171411 0.016656178418213208 1.2744974463929597 -0.12371505259274773 1.7062719363591761 0.0031089473462225098 0.14985400764649892 0.67070095777868222 1.0469586115501075 1.2 0.058795213602033998 -0.43748063221872086 0.33446088453587014
1267 65 0.00052083333333333333 0.00092592592592592596 0.92903160283759723 1.7617199025576804 0.080978497489265333 -1.8771442799945133 0.0028178584649461158 -0.6222038525216087 -0.011130677234731934 1.3677431663152504 0.09285435883763446 -0.99060404344320085 -1.1092234875788383 0.52658480389791507 0.017843053208888751 -0.059101359469827752 1.9805063767053745 1.4468770246138027 1.2 -0.74040285323519428 0.74373201328585203 1.952671948049866
1322 534 0.00052083333333333333 0.00092592592592592596 0.64871989804397623 -0.61240954410176762 -1.0175219884038036 1.4812371274833795 0.080049089647237226 -0.25829052526705265 -1.7651535102769289 -0.37988948881690421 -0.054429703021965176 -0.0041195889605591951 -1.5729704112118861 1.935870225218479 0.03008386584470138 -1.3371674622405245 -0.88189857678136985 1.6045651743908333 1.2 -1.2597931053206906 -1.8448094483938895 2.7344590412154686
1525 619 0.00052083333333333333 0.00092592592592592596 0.62565014354468962 -0.63523479794768889 1.2515461708403821 1.0407239677629061 -0.026588841604967869 -1.1103265610235615 -0.19135413018633329 -0.19121538660042958 -0.060443890794712511 -1.7550908405290921 0.41964803795040462 0.090009045433873336 0.036246718985642273 -0.15304757128406887 1.234780295333155 1.2108441343481902 1.2 -1.2022632447078117 1.8609405950573032 1.5694868113542453
1203 55 0.00078125000000000004 0.0013888888888888889 0.67152629187616586 0.046264824444043118 -0.81328090898723771 -0.83799096543205875 -0.077006805923517413 0.34134585839974152 -1.2783690916554025 0.3994224932700563 0.089718886338158693 -1.3417619083711441 -0.34755164120459003 -1.6535628421303361 0.059788774499514891 0.20130561040700945 1.6649183935791805 -0.33318339784793416 1.2 -0.29663195545945154 -0.29307568204631879 -1.4769450534228208
836 0 0.00078125000000000004 0.0013888888888888889 0.33995574033437953 -0.94273382773591807 1.0736619220404622 -1.9952211389914698 0.026854758507519394 -0.6912680095160284 -1.7356078989408115 -0.59405281790287656 0.061668410655296602 0.73214316822283587 -1.4036145201509709 -0.86268189524210648 -0.094071779956929891 -1.4503731819448662 1.0083264822723521 -0.89601270017188517 1.2 -1.7621177863470905 -0.70476348032590264 -1.9348981419641929
1491 828 0.00052083333333333333 0.00092592592592592596 0.32001788445717988 1.7328731235242008 0.82940789548213179 1.2992620053296187 -0.044241314900286113 0.93206229350242653 0.36837742490631031 -1.5190756664740657 -0.018010626919706077 -1.5434452872463682 -1.8985750275374715 0.98870621299048889 -0.080173909992397402 0.43720898470802805 0.94700020223418901 1.2494599834234927 1.2 0.34905045451155697 0.51903953565866012 2.6708509746564597
1136 313 0.00078125000000000004 0.0013888888888888889 0.64507275062161928 -0.8243729110448923 0.43912628942507093 1.200212877312596 0.01284483679263182 -0.86775198272609222 0.61052839971705453 -0.42360316518737573 7.4149647374704974e-05 1.0945772857280471 -0.27398089761491828 1.8101594828328329 0.039545131393184302 1.140876462970926 -1.2507374945686638 0.91034832564727353 1.2 0.88656825972904285 -0.81583360844390618 2.3913061467740713
1813 1040 0.00052083333333333333 0.00092592592592592596 0.40067194564231884 -0.16110398109476165 0.31941226517740562 -1.9865941530401625 0.031468340453145005 -1.1136015608559746 0.2447888822596691 -1.5338686971989821 -0.033621635331697264 0.65800508294387638 -1.6175367835094012 -0.41794471138514311 -0.098866270200607398 -0.08200868785148252 -1.1210984927563259 0.23517494976180586 1.2 0.87783866371625752 -1.4039099981682621 -0.22699060438543492
1070 886 0.00039062500000000002 0.00069444444444444447 0.78300937333940335 -1.9158884922721575 -0.26873895604925213 0.13627307611626227 0.062283849825686938 0.94728427073816723 0.88403194280563557 -0.038672402403229889 -0.059716177860713371 0.13195441532839158 -0.78101219963772239 -0.52346029802991856 -0.09676826816190652 1.7434673908102933 -1.0216440064772958 -0.64372508835611608 1.2 1.7212532479639351 -1.5903174553199548 -0.94601712395953375
1200 681 0.00052083333333333333 0.00092592592592592596 0.11968862293226852 1.3058188025927815 -0.84006395251729149 1.4381268620880117 0.059986956473246866 -0.60142233457485439 -1.9534212002939131 1.552192666364018 -0.00850292209962418 0.087929329064597272 0.346051390394162 -1.8657741043446672 -0.089796648112267133 -0.90165583380428238 0.97669060049079715 1.6832497326051095 1.2 -0.33684137107941631 1.0936717628789054 1.1715513476665025
655 790 0.00039062500000000002 0.00069444444444444447 0.062063182749106258 -1.0678118652459867 -1.2522467857258093 -0.43346652433004795 -0.037650178816241914 1.2698073743552523 0.70530324548914836 -0.94132745874740875 0.021554757251900966 -0.47360449871024723 1.5427244918523062 -1.2999901459302778 -0.02071428881536444 1.7194739463422155 0.29941378405895236 0.42035115065705186 1.2 1.7175037048540749 0.77125886479320527 0.52949779352819037
1534 392 0.00039062500000000002 0.00069444444444444447 0.33332023522423709 1.3268869635309031 -1.2004854121515662 1.9617538933785088 0.00091975981436671905 0.40515094928505579 -1.8177256140344942 1.5524447667216097 -0.045176475337368883 1.2808281313106828 1.7556434292832033 -0.34921881854973957 0.037902032386663204 0.86801868760402412 -1.214929546273849 0.085290747107826359 1.2 1.4619661061774636 -1.4218631398320798 0.89332953158980333
627 652 0.00052083333333333333 0.00092592592592592596 0.20376130726991001 -1.8423632630697124 1.1888804902032271 0.97241705387707889 0.0083530175354256941 -1.4443515862549212 0.85501418571204058 -1.667515437771883 0.057623386363155754 0.38611697667049727 0.15172977282059597 1.7828341612319076 0.059477857599199269 -1.1059103495772944 1.785522058999832 1.7902369353238443 1.2 -0.073685521350073974 1.0244864816078154 1.8076089067127084
191 471 0.00052083333333333333 0.00092592592592592596 0.11130165256066084 1.6380601716359044 -0.54684908377284058 -0.63997702580098847 -0.060291692931403684 1.4486055818416141 0.37954801474598243 0.95008150904898381 -0.031991717922742899 -1.6883505414463387 -1.1090633588528251 -0.84408151845132728 0.046379650591751947 1.0453372612763379 0.41176958867894786 0.3109934190532111 1.2 -0.2162067462863024 0.61970455128269686 0.6802477971746681
446 1030 0.00039062500000000002 0.00069444444444444447 0.52605184400351712 -1.2632892816673364 0.34682223904931986 -0.20676756226020609 -0.04000922721029912 1.0147922434924932 1.3287285511682141 1.7642849092119079 -0.030167450094279749 -0.46046116841722196 0.41400997730700118 -0.31832427683661413 0.0017681932309387277 1.0402134105555287 0.67352854794194883 -1.7751293193137747 1.2 0.95401868415108104 0.074568326293860621 -2.071617775307232
802 967 0.00039062500000000002 0.00069444444444444447 0.78383236233995268 -1.4251851552543569 1.7933279441168297 0.89400746802133613 -0.007272970944981319 -0.48181776266691179 -0.27698936850059575 0.9311783370069362 0.033360719267419681 -0.82196101478868711 -1.4801527940435038 -1.2160486266163191 -0.038273564452373288 0.96966716055491853 -0.82510790688192648 0.72190634545415255 1.2 0.88066939339969341 -2.2037374363311302 -0.76200190183579752
1110 462 0.00078125000000000004 0.0013888888888888889 0.84400938056056318 -1.1558471334028471 -1.8502612204103865 0.66752858648306423 0.081601315441940242 0.9850790847324955 -1.8576881957883904 0.84801485752797667 -0.0073661423730604081 -0.3672857922725572 -0.87409577475933098 0.38422153832475781 0.054181208836063671 -0.88813784933554363 -1.0082065170738881 -0.60168345397762968 1.2 -1.7803206390385489 -1.9706568915726368 -0.021492108693585883
406 586 0.00052083333333333333 0.00092592592592592596 0.050876024650132953 -0.11912980101055037 1.1088815949440973 -1.6171420342031015 -0.028244219667153334 -1.6170181015596241 0.52650760100355054 0.35697413338982464 0.001817536785801252 -0.37902659488141444 1.5431263292906308 1.0150921733245744 0.069360301375310129 -0.66983645134619429 -0.78097559978280851 -1.3776657076934167 1.2 -0.39452967988917426 -1.1373241539890107 -0.3479485622614823
1136 1158 0.00039062500000000002 0.00069444444444444447 0.72859625449978649 -0.94024098552763213 -1.8379224045432401 -0.2493593146631472 0.016314901273058527 -1.0836498382996176 -0.25296496831395654 -0.66573983566592521 0.094646519313730693 0.29943282875397959 0.050611169158196301 0.020086706899944851 0.046830311992820922 0.057608568770608493 -0.62580505848017109 1.2390221612351979 1.2 0.88635576127967108 -0.19479770557647641 1.4362306212388836
117 385 0.00078125000000000004 0.0013888888888888889 0.56486180051870427 -0.089126383774046136 -1.1782419494345655 -1.7035168979721482 -0.0095434484367733774 -0.067772609867386091 -0.54861679079227299 0.32298098208981152 0.0855538269682663 1.9593072063704016 0.31078109192688563 -1.5514891272583857 0.055287295244070889 1.1659720999464724 -0.42974288776678726 -0.56954600239792752 1.2 1.9062029451743778 0.6055260122620818 -0.063293911642072972
1680 1070 0.00052083333333333333 0.00092592592592592596 0.87610033649452879 -1.3235363833432672 1.2059356495455771 1.3181731624746655 -0.069362305584258807 -1.471652215455252 -1.7722824691576822 -1.4552717040158054 0.088661845461912692 -0.77434538176254319 -1.7541339591815355 -0.31494702148505693 0.028775117937999473 -0.73876315512995605 -0.9500822282639203 -0.41380342379356394 1.2 -0.88830810089388612 0.14668171532945745 1.5922448658367458
889 550 0.00078125000000000004 0.0013888888888888889 0.23070121188419609 1.0379552966060452 -0.19312420302471045 -1.8855051304774366 -0.04270008899451827 1.5938438537317059 1.6054814411737364 -1.9960179556921624 0.070412098404040252 0.26399094693527481 -0.79004508677575513 -1.4206608343082867 0.029459559489531328 0.42163416460337499 -0.4411816813209759 1.1205092837154402 1.2 0.037964187471122957 -1.3429739351886389 0.96621068439852764
1600 1192 0.00039062500000000002 0.00069444444444444447 0.56524140464217587 0.42013982529987981 1.6471692429068452 -1.6587857259752776 0.070553727669724453 -1.9300154441829132 -1.9752560438030455 0.081695992280840457 -0.068719891266172728 0.60653757938276032 1.5881983611878709 1.7391752934713396 0.0050811671048619084 -1.4085422891711956 -1.7572449892699531 1.9074835922929823 1.2 0.24183074135510033 0.67094198429141116 1.9133313468075417
897 698 0.00039062500000000002 0.00069444444444444447 0.014402077177995767 -1.7276316092914636 -1.1089397859178312 0.012989745702325806 -0.018150786730268015 -0.74353369857245832 -1.79116903788342 -0.10712280938303342 -0.043998215692692778 0.30670969026482142 1.4995916197209973 0.69321186023176296 -0.077629340981604858 -1.9883624444485992 1.7039409366432716 1.9662098351110675 1.2 -1.2384811238862827 1.6653760734323877 1.636846167328277
1278 509 0.00078125000000000004 0.0013888888888888889 0.34748043453331068 -1.8272142617937686 -1.6183474218965341 0.54387968742022696 -0.076043826828790628 1.6244292497881614 -1.2981711482835334 0.25717238144023824 0.039236561818311727 1.1146515434070641 -1.1457938486088026 -0.07450750243459181 -0.085279094775288417 -0.64901632991421287 0.46130355809407009 -1.1189876141090296 1.2 -2.559078650894778 -0.93886396239757386 -0.65763826661417601
1213 294 0.00078125000000000004 0.0013888888888888889 0.87754879030629296 -1.7032599901752521 1.0639659896783771 0.87638321452169921 -0.085262467205313275 0.88673842635676925 0.17914523364474144 -1.9428068020300677 0.052859329184850007 0.35651048458309997 -1.0951175120525702 -0.80543106881028281 -0.080110024462728663 1.1883079028003798 -1.4357265412722744 1.4082722945401298 1.2 0.12815690265091206 -1.3272363004093604 1.0662255079016716
1115 86 0.00078125000000000004 0.0013888888888888889 0.67591865404459395 1.6017282910819568 1.3775710524214859 0.45864265355496814 0.012667608583563 1.1971346273337442 1.8439154116233869 -1.861401203575475 0.068848534090365093 -1.1710146001815382 0.6670489045342376 1.4093758778252701 0.056338595828712368 1.136543295906514 1.4445518403458943 0.87272940502227314 1.2 1.8807207590179633 3.3234236169677684 0.57852244840013356
1388 6 0.00039062500000000002 0.00069444444444444447 0.20126997159632337 0.15217929153520293 -0.53256081630549845 -1.7491409590765814 0.02342087733554872 -1.5072776480050059 0.041126835329270861 -1.7198273375845607 0.037012533089572031 0.41616461700075158 -1.9712464913682539 1.5152327477564902 -0.077345889656028469 -0.61196460936420261 -1.7888393264930564 -1.9476161129052394 1.2 -1.6425312721095942 -1.7905208283122898 -2.8576764435352691
684 300 0.00078125000000000004 0.0013888888888888889 0.56877064340547989 -0.13994018263987096 -1.9981667455567806 -0.80149401498372264 0.079132894603899162 1.1029052329052211 1.5197323832907621 -0.79980311583004715 0.070260889542163946 1.7647547940410764 -0.44324642251927537 -0.56129240402333869 0.087715078343830605 0.2968419858349205 -1.1399972587769991 -1.7156496035728694 1.2 1.1626937203221859 -1.0101462287150274 -1.7543858348763475
268 8 0.00052083333333333333 0.00092592592592592596 0.87834455001784661 1.7953965899055349 0.75481451661995003 0.18283586357896642 -0.070194885849140826 -0.89600394834863684 0.40643874529900481 -0.60978530498423167 0.031797068687402563 1.1962602699644611 -0.79589053204418603 -1.1180373028431347 0.080243777997276527 -1.9481510016980073 -0.19781545084357122 0.089220030805700734 1.2 -2.27203807490383 -0.76943846367572377 -1.2013895418836393
1192 1268 0.00039062500000000002 0.00069444444444444447 0.14169734590904887 1.3523574726482663 -1.9454577248843292 -1.2270554902389357 -0.064610392003397132 1.5229358402580182 -0.73242412574888016 -0.59185511436339633 0.065716937464156189 -0.11151689689023492 -0.42123440927239653 1.1795588714582443 -0.047007448589593409 -1.8950050410322046 0.48181344899176048 -0.83783571925258693 1.2 -2.7563431413003276 0.96984237686583685 -0.11844297399933057
1280 738 0.00052083333333333333 0.00092592592592592596 0.22817443222884701 -1.3452964755909371 0.22908557234057492 0.55158853656386553 0.056681652905340579 -0.66558025603962001 1.4418961455060657 0.70061648709757396 0.045769658795263762 -1.9169436339309653 0.018405954999586527 -0.11871625784220319 -0.097622487898460314 -0.40206643468350034 1.7393938676732397 -0.23443281091478063 1.2 -0.88482226444881529 1.0934212362146878 -0.28386620742128355
176 944 0.00039062500000000002 0.00069444444444444447 0.29383049769150715 -1.6485959503685357 0.5523115205890905 -1.644584128575465 0.068516855335382154 1.0229641172180024 -1.9001830915881253 0.22783491338101225 -0.065814454644422371 -1.1440467581505995 0.58027909703739811 0.60054683555737398 -0.010042774382974601 -1.236301060074807 -0.00052692937994658351 -0.061997387724756603 1.2 -0.40582838522888165 0.24713950910227619 1.2613129093483566
658 897 0.00052083333333333333 0.00092592592592592596 0.95809235967517914 -0.3093562684466078 -1.5003734786417482 -0.64174530141176378 -0.081582486379607508 -1.663761043793325 1.5440568459073329 1.5573375446435294 -0.086249759991587127 -0.78898861458642688 1.3098733711141675 -1.4031089664125047 -0.060715175980059689 1.9389545079468244 0.035826030243796936 -1.7684511698711947 1.2 1.9449231961854712 0.60413445333806381 -3.2193217027939891
31 505 0.00052083333333333333 0.00092592592592592596 0.42822129390541008 0.67336383279986922 1.7510575691407331 0.30596475285692293 -0.023333336721931691 1.8562426595639927 1.9060063340108915 -0.62839174475251935 0.066490221034857744 0.53502581260610382 0.82673093673871767 0.71193285241882887 -0.0096437192689576429 1.938189072534779 -0.61271014530987689 0.16974120341066135 1.2 1.336911232924026 -1.497125706648162 0.11330257318004973
1240 496 0.00078125000000000004 0.0013888888888888889 0.91708052493251047 1.3373789069908821 -1.3276929934644284 1.1291829533158708 0.080751776548142223 0.51934816291030517 1.3209165735050292 0.088160599419713215 0.02552592582702623 1.7804993324696134 -0.43576340990188767 0.13365539015018069 0.090017559061763536 -0.61232767187333836 -0.43661890429497197 1.6305567584115668 1.2 1.5411433373830397 -1.9151448462421825 2.0607335459122615
13 553 0.00052083333333333333 0.00092592592592592596 0.46036962544837851 0.20402617787060473 -0.90499329414608987 -1.3889022360299528 -0.026209572839252848 0.052770846634608404 1.4724833536968984 -0.70143108867412796 -0.04976900643617304 -1.2091348958874151 1.2043369621836453 0.8553488677656329 -0.021402602890985611 -0.87367901207062992 -0.77420587960604381 -0.64390118386318074 1.2 -1.3414075249090249 0.52224141106569844 0.93390735680438397
1084 135 0.00078125000000000004 0.0013888888888888889 0.63584751200424194 1.8170986114973711 1.7009080922259567 1.0339811133285952 0.01199492910510358 -0.52064369746395478 -1.0372999243442482 1.2935310272442817 0.08414829611487018 -1.6616706964797734 -0.19876021924121723 -0.30288922055223022 -0.042917810275401938 -1.9396163786321399 0.098774113671949326 -0.16601645806779919 1.2 -1.6690748289784869 0.41090215174122796 0.945414002880824
2067 1311 0.00039062500000000002 0.00069444444444444447 0.48101934059908502 1.9684919728685122 0.0046020321878179615 1.3868415208724194 -0.057267381156577771 -0.70955186283590921 0.2865071917559634 -1.2505904898527858 -0.064316278907541186 0.49450973225473405 1.4522640295115297 0.13368525495217165 0.028855537967583944 -1.2899947708428949 -1.3018118273754293 1.6157182683452391 1.2 0.6024227469999397 -0.67868236462304476 2.891347750158797
1263 512 0.00052083333333333333 0.00092592592592592596 0.1490475910256335 -0.88853360314307439 -1.1403855314144411 0.83375196807602681 0.0050844706009952612 -0.49473192959290513 0.6671257283192662 1.4398294531057276 0.089457221098800804 -1.7817666907777037 0.56200263911648696 0.51976978684814634 0.08348760163251176 -1.8154128066378052 -0.23325158034514892 -0.36398403449836003 1.2 -1.958861391444074 -0.39064331361501425 0.041357278593463845
1811 1083 0.00039062500000000002 0.00069444444444444447 0.02691312769748886 1.8444116916831885 -0.26295805407200401 0.78883562368865912 -0.077742399437280479 -1.3870863274029936 0.99627521754411363 0.6201314592043663 -0.093626327207490034 -0.054347752811297223 -0.28478399929178222 -1.6692045804715243 0.0066406561885302973 0.30568376410452913 0.34873818001157586 0.90992875209656088 1.2 1.456896111167683 -0.22309392505636788 0.72375038958215365
1672 223 0.00052083333333333333 0.00092592592592592596 0.35757282105706062 -0.7037285543974896 1.6438921981194139 0.52131175641211858 0.074938161566305811 -1.158519789674338 -1.7412592819597497 -1.0207389898331178 -0.02244946910295513 -0.91221702506862323 1.5793476206530279 -0.3118993664564238 0.073162993167132928 -0.32177501940632025 -1.0817090828297138 0.65286372192031683 1.2 -1.457707491981832 -0.25024997610402827 0.26011038134991171
342 10 0.00078125000000000004 0.0013888888888888889 0.65922220757362127 0.14991726704790942 -1.6230631098940878 1.3058603502494197 -0.095323561225842582 1.7305310528991069 -1.6177652028181928 1.4631460082928318 0.098432425756643321 -0.91618080197600227 1.5890517852415096 -1.7183515960245739 0.029751166232402537 1.4662773019059658 -0.40988366407606414 0.2662920914422231 1.2 1.8188360262397136 -0.13126671007047816 -0.039010036673550658
1132 19 0.00052083333333333333 0.00092592592592592596 0.38423278168215941 -0.4828726699494581 1.7563070284197964 -1.7149223927738531 -0.0094174509830299569 0.17521372605015806 1.335364849365134 0.041416996195522859 0.013612937436352016 -1.1899073292700382 -1.8013824358881112 0.58244606886825645 -0.015993447306735062 1.9761691434719739 1.6443921838577698 -0.409082293372665 1.2 1.3283908042609327 2.1198089884879554 -0.37627328696309442
2280 331 0.00039062500000000002 0.00069444444444444447 0.78918883739055812 -1.3604711935373923 1.7640387041812811 1.4109280252822236 0.027392456191240699 -0.26514833717700181 0.45578167092736521 1.3239833961770464 -0.021886571453936202 -0.71924321974196426 -0.71678017667977034 -1.067086438805497 -0.068783633547512227 0.32721764156801392 -0.48848673784097363 -1.7018532455443531 1.2 -1.2523565516755979 0.49390278824823103 -0.62904569868584503
1074 478 0.00078125000000000004 0.0013888888888888889 0.47650218990112653 0.43273031258611505 -0.007081424387759494 1.8455891083422657 0.076350199929098639 0.15515409355093235 1.5232064416281825 -0.32389418253149271 0.018981866082574933 -1.8881361314091207 0.66102091191060453 0.080700733256428681 -0.069408068885460764 0.38659595390773971 1.5538160703727502 -1.8000425099377684 1.2 -0.22300232259806677 1.1237794542081612 -0.33153555816760139
108 306 0.00078125000000000004 0.0013888888888888889 0.71154374576984092 0.44427627893548616 -1.9455679987957599 0.23421307781590706 -0.034587929316283808 -0.017850610930573385 -1.3614516958499041 1.869915350020205 0.017545465078925182 0.17906576590716838 -1.50000064812071 -1.6725440355103034 -0.070415522914836548 0.3188515139575876 -1.4458964172754554 -1.200650839045867 1.2 0.063200567244446879 -0.93107003585660419 -1.9533533630678128
1269 567 0.00039062500000000002 0.00069444444444444447 0.57048829299898274 -0.831308357262039 0.93957997935044801 0.42720375618955098 -0.030693979209297756 1.012577673999139 1.5004766324397805 -1.8371134891408141 0.079927095183863206 0.075534633715149901 -0.40333599104099349 0.84632339328431883 0.077377258858387032 1.6465197322779024 -1.1550783339335049 1.5760933102955632 1.2 1.514996028798725 -0.85233875907099477 1.3210691027118753
554 641 0.00078125000000000004 0.0013888888888888889 0.33613863413801776 0.21865064763134789 0.57313079952928359 -0.43898068455009742 -0.023287785568958164 0.70585040383864728 -0.91434117254186154 0.39422374928556181 -0.06176434431439979 0.78916807641911557 1.9485696594432258 0.061308750496179343 -0.035351767107153917 1.2466183159735547 -0.52624691897625908 -1.1284312913062022 1.2 0.75088647967463362 0.61889866633381518 -1.0951290371994218
145 451 0.00078125000000000004 0.0013888888888888889 0.57081656394601921 -1.0497268008013063 0.54890940264205224 1.7362022272158479 -0.070559810735960127 -0.41787340702902132 1.4444229586796036 -1.2480748078569803 -0.031172681110571324 1.3315533915823123 -1.1701381175174967 -0.16427200911143558 -0.060143241358212966 1.6096737949750541 -0.17487260461253618 1.244921919861159 1.2 2.6764963332716785 -1.3305389907132106 0.10331661443109794
1266 507 0.00052083333333333333 0.00092592592592592596 0.86316379466784432 -1.9425735612385004 1.3746450718921621 0.079346913135531771 0.083218658851344385 -0.52612157479739041 1.5116316729409887 1.5816304723439027 -0.020935912431315915 -0.11774282439408301 1.1954178426538684 0.24769067603044803 -0.071734638818511706 1.8189982677505299 0.27693229212702652 1.7662052374082218 1.2 0.91585336661877292 1.5804113737694827 1.8055216290350113
246 343 0.00078125000000000004 0.0013888888888888889 0.78475143551451354 -1.0690228562335253 0.87996529500864273 1.1508581238471467 -0.034204667276420117 0.39302329309607353 1.7781114985451194 -0.17729731881772848 -0.08037333973413395 0.76647443866943687 0.77562169894977639 -0.39678845678831065 -0.08976635566812266 -0.47192463646087779 0.63264835595199864 -0.66087722171294105 1.2 0.70177097794822052 0.6816396618802123 -1.4717743022022509
1621 164 0.00052083333333333333 0.00092592592592592596 0.90623202529435087 -0.79830845470030454 0.33567126937564629 0.35037392837315862 0.038879832864902208 -0.85046321554671112 -1.7906060649263251 -0.20706411770164923 0.024860270346421715 0.37203666836841265 1.8533896773439666 -0.57262647847916126 -0.051826667056438416 -0.027171477699538205 -1.8157756852469675 1.1597442264307709 1.2 -0.6945817491099644 -0.9606550837528558 0.61669737668216384
585 968 0.00052083333333333333 0.00092592592592592596 0.33158117958560063 -0.28934818564938336 0.57430039390666243 -1.0401159837866416 0.075225344309693382 1.5229599761259793 -1.7384973310086336 0.82148598167378006 0.089256568865621083 0.7775712777843955 -1.3685609428975503 -0.84728219861896736 0.015293432353810574 -0.13158781047030876 1.4070754963899503 1.6877934448113199 1.2 -0.8773482568363975 1.9085727710858209 1.050539753082903
658 280 0.00078125000000000004 0.0013888888888888889 0.32554637078688953 0.34600627073690005 -0.19410682057119066 0.13548831397049899 0.028491151487736205 0.99322849744408437 -0.34127819568280815 -1.9220872849457957 -0.059793240038595367 0.6377369452286934 -1.4328843049753459 -0.94798930077613575 0.062548228500302255 0.8383602250374631 -1.7528422490845497 -0.47744859003611095 1.2 1.0557386777599609 -1.9042418138216497 -0.99886253964169802
1974 325 0.00039062500000000002 0.00069444444444444447 0.09634565758157955 1.9916527975777329 1.7833094855309839 1.4365768074868233 0.02142298698357295 0.59486144025070686 1.3757291797706643 -0.47101337994184789 -0.025444251872536544 1.0606952594589845 0.070711516473048963 -1.9109713279937659 0.039397751200241138 -0.29409022982575594 1.7984844978655983 -1.8534189119555671 1.2 1.0109754589821951 2.935273526680259 -1.2619069882215581
990 1310 0.00039062500000000002 0.00069444444444444447 0.1713809022032261 -1.9875618079345503 1.4413259333385122 0.70087120863916397 0.0012855443540949751 0.38714782483412025 -0.82136115200883175 -1.694720403775646 0.022789042879806126 -0.44222963401964854 0.22716456350461245 -1.4925601142824054 0.098766244381190166 1.329509298317006 -0.76819987145277935 -0.26248512689161974 1.2 1.1567595781631339 -0.31856649718202246 0.59527516102114175
994 827 0.00039062500000000002 0.00069444444444444447 0.58372565313840818 1.5165614528161098 0.16471978685795463 -1.92896776889391 0.035093699758843022 0.59780704413183949 0.15340069295352432 1.7637810779910441 -0.031912852209978637 1.7965164409459877 0.65042112001478758 -0.36264967720787311 -0.063836350400101785 1.4187269306775354 1.9183853774557003 -1.8073688204161993 1.2 1.7590106455117165 1.9302049208466103 -1.5971284384431874
1227 431 0.00052083333333333333 0.00092592592592592596 0.81571464572469232 -1.3775877365843261 0.8322464747150673 1.4005916695992666 -0.058927587046946367 -0.76930402187397506 1.0715344460230094 -0.71571217162332168 -0.028774483819005853 0.84548941153957324 0.26372047396070153 -0.63003482523542331 0.06028981976372072 -1.1914697258722575 -0.61050588008441498 -1.463446801152898 1.2 -0.84779351077653997 0.042230458582234454 -1.4107113441046861
39 116 0.00078125000000000004 0.0013888888888888889 0.28376696233150694 -1.9097213151553625 -1.1526047701906097 1.1436093299904626 -0.039005276633573782 -0.2294393298131725 -1.3675961556009524 -1.7057433325986913 0.062516130146320154 -1.450344674666225 0.88631263067342747 -1.4548776242669303 -0.016184939155984332 0.23970436992790667 -0.94825328666132869 0.48110453433441469 1.2 1.149510327044033 -0.4240057446519121 -1.6938954613783086
740 913 0.00052083333333333333 0.00092592592592592596 0.65268931466454083 -1.8191111566451585 -0.81295008450466488 -1.1209836225373526 0.081580527849139495 -0.4364417001649552 1.0016960092117499 -0.22641170509513486 -0.075599882359844675 1.2172619824823432 1.7591156232619771 -0.41508961647846965 -0.052146754648537887 0.31149227432517934 0.97148921092298757 -1.0736401538908953 1.2 1.5203306423220246 1.3443493019034694 -0.77663728181512881
718 1062 0.00052083333333333333 0.00092592592592592596 0.53072337791214819 -1.8974099961883293 0.50684101746720822 1.2489586359175306 0.0065358378673825157 -0.83758184752375753 1.4639142898334474 1.1255951169173808 0.075335050682405535 0.48724561089391649 -0.86279523470959685 -1.0010137340000806 -0.054860793070885296 -0.66780435040658581 -1.0280972526213743 -1.6630368839501184 1.2 0.80133758003549349 -2.7637049621764214 -3.2814512848699171
585 52 0.00078125000000000004 0.0013888888888888889 0.72656743851605654 0.98558354193545794 0.23987990810084447 -1.7564282415065318 -0.074509682133891253 -1.4442498249519184 1.5393744116788706 -1.380571353134707 -0.091812422490389442 -0.19623392868796197 -0.74147406986223841 -1.8402480926568736 0.052305948975714833 -1.4803242380186075 0.13721491033136957 -1.8249063038205193 1.2 -2.5219962088842633 0.76586275330112552 -3.5951158824966951
611 980 0.00039062500000000002 0.00069444444444444447 0.71002057835803989 -1.3374676367154708 -1.8256203842989951 0.24503678046358335 -0.060476291252209859 -0.055362959022313252 0.59523298646014711 1.9869748007763306 -0.05659909334250466 1.052506471958055 1.4790925748514487 -0.042229194260490655 -0.041368739147770464 0.049585941816924439 1.5537873718373936 -1.3883733926104194 1.2 1.2394239906153652 2.7333780310272049 -1.8526609253426503
1726 250 0.00052083333333333333 0.00092592592592592596 0.70963414110911593 1.3791663573971493 -0.44616764233488837 0.42508437876280114 -0.051684799165199441 1.1397118919642337 -0.20144678590256948 -0.05552117219547581 -0.037398067003187582 -0.45100124080345871 -0.68052767227396549 1.1072868268719143 -0.029613437285688757 0.053606384354004444 -0.9088165640639958 0.20803456316832358 1.2 1.2935415143775117 -1.6605789205850425 1.1662140125166853
1499 65 0.00052083333333333333 0.00092592592592592596 0.93951299603672722 0.62978674668224599 -1.365540877610377 -1.5828471936004824 0.020549363210985994 0.66649517342365305 1.3115507554881454 -1.8235281432220729 0.025005622242720432 0.9632902092554394 -0.91233167895941669 1.3032045250535762 0.027356233634905081 1.8348719410495504 -1.2162689849785071 -0.35046245518788144 1.2 2.9220211354810246 -1.3407937260577865 -1.2848826133912694
1315 1251 0.00039062500000000002 0.00069444444444444447 0.51329375252005782 0.30810231286443468 0.54439907054083614 1.2562799286725461 0.030668322867386244 1.7381596759083577 1.2424553281532975 -1.441089941052049 0.052125165935443057 1.3947243356723611 -0.19639712849433533 0.25726134027701253 0.09646984059176647 -1.3051301434829563 0.066865511874276695 0.36005158385027292 1.2 -1.5379139447488483 -0.77236333642667088 1.3126188878239913
2383 360 0.00039062500000000002 0.00069444444444444447 0.07115312609601146 -1.7299204405652544 0.59768805616879428 -1.9287628209834264 -0.0012488751656827696 0.598199393693712 -1.5402761150222388 -1.0822395387308834 -0.0020687551731505965 -0.15029456154564924 1.7280692087163869 1.1842593240024257 0.096937444566514458 -1.7608997965237974 -1.6335517931214607 -1.3491088038252959 1.2 -2.4604250538625942 -1.4644821436302877 -2.8785299714515848
105 1020 0.00052083333333333333 0.00092592592592592596 0.16169980146037363 -0.073222732954047576 -0.22275343568235684 0.2892140436698396 0.09197723958947937 -0.37485997685103101 -1.7703767497463874 0.028583370450281809 -0.051364351292836612 0.3533396685429655 -0.53669809872029495 -1.1929102425548512 0.087556512439453726 -0.90972204909698284 0.42474612389796107 -0.48245362973611705 1.2 -0.38527831311566868 1.792491821410827 -0.81342695672525012
747 978 0.00052083333333333333 0.00092592592592592596 0.66688960466301739 -0.076540986453222715 1.4840527992477774 -1.4523504658113775 -0.064894461411802995 0.84962786184189421 0.49690712410850191 -0.27194624096560505 0.078917888547914705 1.8273704019519399 -1.7245359817541965 1.6774107636248554 0.072115740459091499 0.30038298097572591 1.9429553664550543 -1.6870012828812024 1.2 0.70599906931524326 0.050795499393780467 -0.021728811446903779
550 1061 0.00052083333333333333 0.00092592592592592596 0.32744037969052309 -1.8085584069742073 1.4770958458647301 -1.5002885599214291 -0.079356443334624799 -0.58568463343843913 1.4904398257099585 -0.28801318362015182 0.073741517523329275 0.9828822621698845 0.87767150788384907 -0.36875032396349905 -0.068796848364852628 1.960438342337 0.70287648676145764 -1.9256699975675406 1.2 3.1745720834529894 -0.94656837201562838 -0.9896434504557643
1163 539 0.00078125000000000004 0.0013888888888888889 0.11470127237647629 -0.56636225036124888 1.9812618456479578 -1.4559832123254619 0.082362124778810081 0.37295711348182836 0.90227824992110639 0.31028638595093483 0.027449920366149405 1.0653508683628092 -1.5665910337375513 1.1154881110400261 -0.0067792624488741682 -1.7461725150637468 0.23565009506790613 0.74114266948834961 1.2 -1.8143452220600089 0.97907200501145264 -0.38037229434632713
1463 99 0.00052083333333333333 0.00092592592592592596 0.19396685178843678 0.59768226550312864 1.1277359776714202 1.2269748740663213 0.053356989580120778 1.2858881526303811 -1.9023844278522226 -0.64656022638848221 0.035300251339982658 0.11832098900344468 -0.93158809866408099 -1.8716223257005802 0.052783592704991472 -1.9530890673113706 -0.50106377341750896 0.9781865032337973 1.2 -0.44807187497035189 -1.2960656191993238 0.57714304109238379
1134 692 0.00052083333333333333 0.00092592592592592596 0.2696401860793356 -1.6967064813992607 1.8215481386821284 -0.97891221575486886 -0.098464522817973965 1.6798896666042831 1.9001523194583108 1.5784227903462549 0.024327665148970445 1.7047433279440796 1.4911912344610827 0.94001147722495748 -0.064774830950332388 -0.16454411059784047 -0.82923281006265048 1.7722537798456299 1.2 -0.42124394604441756 -0.546449453792204 1.2109725978611463
39 30 0.00052083333333333333 0.00092592592592592596 0.9978716086272309 -1.822618210821481 0.17007337864863814 -0.63900791384613154 -0.023231670385472913 0.9761467728083022 -1.2316234951712524 0.43744726707052006 0.028316722453658683 -0.691459966739425 -1.403952360863177 0.91077964863743777 -0.00075547083987315133 0.041213432693537388 -1.0102659257814115 1.8274019735295939 1.2 1.6181695525801643 -2.9933085350475976 3.013603405913202
363 958 0.00052083333333333333 0.00092592592592592596 0.50609588829840191 -0.10485879754060967 -1.857903905206562 1.3260048540579019 -0.022975327727117079 -1.0983885346377051 1.7045545589357762 1.220240589194141 0.020073380762868326 -0.46831827279606619 -0.78769996507074369 -1.6495930261983527 -0.096017076506293431 -0.47150786055147043 0.65023292415326406 1.9853539103228819 1.2 0.18074881824543346 0.07387697248301428 -0.5382922574672947
1093 6 0.00052083333333333333 0.00092592592592592596 0.69172474634972581 -0.81797103548909433 -1.1760126352980431 -0.57603959237852154 0.0079298720244191101 1.3426223264857069 -1.6941852695159954 1.2224779006130593 0.077160579714873362 -1.0207109178824867 1.052473033505156 0.21626005697583084 -0.039631312647531794 0.32162599882423182 1.2082683201908253 -1.0259355438548048 1.2 0.66267172806644647 0.07917175530576824 0.20106419210298901
207 481 0.00039062500000000002 0.00069444444444444447 0.35639420953926615 -0.53166263106677825 -1.774002285403637 -1.994983543229309 0.0962136008727634 0.45766182705053149 1.0350639061082614 -0.93059553969809228 0.073529079159107447 0.0069417524527790597 -0.11731721139551077 -1.4279497888762136 0.070495411832961208 -0.70241400883594762 0.11755263987950793 1.1426164612681458 1.2 -0.088003717544116442 1.6298097624349837 1.7085147082679095
310 604 0.00078125000000000004 0.0013888888888888889 0.66249279658609483 0.57652180238025874 0.31831962529779378 -0.9867389820913548 0.090642554174138024 -0.062225406059444932 1.398913879960245 0.33866446920489146 -0.066883154013642379 0.91163575393117213 -0.54310480966460073 0.345650132863069 0.09427509558547631 0.57061943571362939 -0.33462105007420639 -0.61286083719176121 1.2 0.72946690460676256 -1.433859535504898 -0.083937604701671317
1796 78 0.00039062500000000002 0.00069444444444444447 0.063755233360600599 -0.77508664285348328 -0.70564139404540649 0.84799670810660821 0.060222221286450356 0.54921153930439148 1.3916733240344326 1.4474181768435956 -0.018365886841667775 -1.4137772004523939 -0.22916632292729266 0.78704557729620062 0.020173919955633335 0.016099721459398086 1.8330350681137726 -1.9076267508707816 1.2 0.084795488315251161 2.2937280895217649 -0.18661496538588201
2334 203 0.00039062500000000002 0.00069444444444444447 0.65802179563076113 -0.86775200909874117 -1.5785901042016337 -1.618817544232797 0.030343347257056841 0.07670293642021031 -1.4798674453363145 -1.5955168137013449 -0.032026690582504139 -1.7600965651102944 0.6174906784778007 1.7330197129591904 -0.036623458549044127 -0.10765653198675151 1.1582078157230735 0.77495737624918082 1.2 -1.6348196452458583 -0.67708626570160446 -0.47784664612635847
1743 960 0.00052083333333333333 0.00092592592592592596 0.39989053659019513 -0.66734915117750804 0.12015565790472316 -0.15378374876337197 0.061226663304871587 -0.159482855036996 -1.0921940343822962 -0.45981340649354419 0.054609971146996117 -0.32235827222741698 -1.1624393112699556 1.7110386585546 0.01673766196266499 0.039464955966264981 -1.0005980800084631 1.155823702982238 1.2 -0.41997478892793638 -0.4257229610414926 1.7070547844208281
1640 414 0.00039062500000000002 0.00069444444444444447 0.63221693875029594 -0.08103193805965736 0.31309130724277168 1.9851292005189713 -0.05942713870424763 1.39579963024637 -0.048126811971230588 1.3834210826786175 -0.061428225558197096 -0.08634494467889775 -1.462794115338784 -0.15027676354007324 -0.094397829709924122 0.24513546491662552 -1.7283083544060909 -0.79794044501180172 1.2 0.69244415464702402 -2.355634496554337 0.23064602796937067
465 104 0.00078125000000000004 0.0013888888888888889 0.14854154393016289 -0.048933155594664157 0.53941784729135156 -1.0441339186921379 0.033000801548865533 -0.77326603906275215 1.401693507603718 0.5519381230665279 0.051899740344330592 0.18979016080840294 1.5091752776558245 -1.9951381205750276 0.010539620675406439 -1.6958033245673199 -0.086459879846696008 -1.7879703449727082 1.2 -1.7919879667745968 0.8015707253187937 -1.1452061588222904
1064 1218 0.00039062500000000002 0.00069444444444444447 0.1050606543672401 1.6167961426517761 0.3792363108973027 -0.029126183225921309 0.033761897861503715 1.6467438554577289 1.9197156179867796 0.24234196736228286 -0.071929997761836603 1.5140722170464462 0.50902720393869139 -1.0274148931974363 0.037772057935119785 -1.0356170789285386 -1.5136552922454558 -1.1901613281204364 1.2 -1.8339219396048596 -2.2860296007406555 -1.1705819790103325
317 60 0.00078125000000000004 0.0013888888888888889 0.49432573452989309 0.096108372896952954 -1.2045319892931166 -0.4703409593008816 0.099733409326324934 0.81775212412189457 1.5739837632470461 1.7141727805342222 -0.0987834099966452 -0.28266277934931372 1.6273854041862954 0.53740254404866805 0.028825493111937078 1.4969986087926435 -1.6804302870484591 -0.68716305329332839 1.2 1.8387376459772871 0.96178245737817669 1.1476991824173515
579 524 0.00078125000000000004 0.0013888888888888889 0.81691263213152787 0.78339154209724082 1.8476321044354358 0.41077721472814988 -0.099966029388464828 -1.4041076036849338 0.63869751735259239 -1.1953577698321265 0.038707242740453812 0.54406041694441454 0.27664549729738086 -0.05853754238853659 -0.067887222682603915 1.5941121722471729 0.15988143248925901 1.3177031347569668 1.2 2.293491941015446 -0.070959492492554468 1.5640730293481557
426 406 0.00052083333333333333 0.00092592592592592596 0.5672671992222893 -1.6552920615440319 -1.4401824596960617 -0.48568595784098445 0.088407506192646146 0.63279756612547455 -0.1357659064233121 0.76819470442501236 0.017859155649697714 -1.5228797043735214 -1.3861909077499961 0.40241871801869022 0.0043209874588752556 -0.70548649210413572 0.39633075075471247 1.9893392609814513 1.2 -0.42585755645443368 0.32544315981116134 2.3126546442112903
783 827 0.00039062500000000002 0.00069444444444444447 0.78430639997953233 0.59818397260603717 -1.7643635649172644 0.18492575337000972 -0.046421540496247228 -0.83198496456128046 1.9486234131925979 0.54801253758998447 -0.035314984659532631 0.55314116350549947 0.20564013588454655 0.57121464976486624 -0.039410856241035443 0.32087043243915225 -1.5864508476422876 -1.4506723893322166 1.2 0.54252718764406194 -0.86527423443039375 -0.96968082004979672
443 238 0.00039062500000000002 0.00069444444444444447 0.047884589121398147 -0.63516387256405027 1.8483090107677125 -1.1924401533989184 0.011197215146737036 -1.0263026502198889 0.96130228909903215 1.296284140689111 -0.041172326577243526 1.6467014962264761 -1.064623933282971 -1.238939464859576 0.084502811404627481 -1.5841931185314424 1.1287116488435003 1.7897842406142659 1.2 -1.5195002787986969 0.43851088100275981 2.8879929388621801
190 355 0.00078125000000000004 0.0013888888888888889 0.41936380626144243 1.0171375674015501 -1.0471922341194775 1.6600462632329998 0.062025401651262774 1.2553823617726292 -1.2854973079010481 0.86302140301589381 -0.0055205500962460519 -1.8601498083000889 -1.6500158949930719 -0.97687233195264556 0.08020361841248233 1.3666863969208829 0.16699420548293675 -0.29823697850537467 1.2 -0.094185563738466857 0.16340931277368814 -1.5655744310826127
57 116 0.00039062500000000002 0.00069444444444444447 0.82931426844383882 -1.5451660792266551 0.79969958887565529 -1.9135602082174303 0.022970867696753744 -1.9418670062846117 0.34517103295916618 -1.5050585233966265 0.087025534588796666 1.4177661739213145 -0.90694203144402685 1.0354591789282184 -0.088007865393958884 -1.9858648234353433 1.2336088267231515 1.772624049964973 1.2 -0.8166241663013788 0.0059538230696236667 2.7142282668545787
857 779 0.00039062500000000002 0.00069444444444444447 0.55415080423903096 -0.84601704147836632 0.12189107616221051 0.56770544448498317 -0.085044715159947118 -0.34879063730947735 1.0720614928891816 0.087223536085450082 0.022562362135270436 -0.069877515362337661 0.97664849916321161 -0.44142143606750528 -0.09378740781544137 -1.2589672967373704 1.0122109673608142 1.0358446137109731 1.2 -0.84277423727045153 1.2132107898137949 0.50810580258025206
934 352 0.00078125000000000004 0.0013888888888888889 0.12664486374845885 1.1048551769777997 1.4838802599199568 1.4284801455023146 0.038680930189736146 0.7689799324857054 -1.7287147128834244 -0.83100195383342301 0.026032939231415031 -0.80166647544070369 -1.3063434474029423 -1.7956555673154049 -0.049902528099743493 1.3713689093091088 0.65355285792841178 1.3530939970011353 1.2 1.4803929334231716 0.93638012574871066 1.45681791917238
656 58 0.00039062500000000002 0.00069444444444444447 0.37609852033315611 0.20354476088672913 -1.5506076856056517 0.16886657083969192 -0.0045989033264776796 -0.40343413313258081 -1.5718849516360685 1.6863683724453078 0.09920441408289335 1.2717107372997245 0.11143877784593048 -1.5182150189080938 -0.051066933654793936 0.96440392619906001 -1.548834022109181 -1.4735623428534335 1.2 0.76354226938897485 -1.7232880933834278 -0.45320693085596858
1489 955 0.00052083333333333333 0.00092592592592592596 0.20505943083079892 -0.024166351130387564 1.069939248716687 0.032661424600971767 0.092061246167410016 -1.0800657524973629 1.6335210973169687 1.8409066467702404 0.071371319163350294 -1.6604270538254835 -0.53321772229781317 1.9840262960868711 0.06425217660531915 -1.557382246002589 -1.3482092607100129 -1.5313126902361578 1.2 -0.89339476670476026 -1.7570316994300996 -2.0867272214544972
692 250 0.00052083333333333333 0.00092592592592592596 0.7528507166159325 0.24987522462429279 1.4696614009980409 -1.5926315302428184 -0.097943903842003313 -0.95254025655335361 1.2980202915971861 1.5676130014552356 0.048012266166571088 1.9376585852235437 0.83589736202601195 -1.1284064788009545 -0.022658813107294701 0.096809895550056702 -1.8340354549551408 1.1710693033546864 1.2 0.78908159799157884 -0.7430271949664693 1.2991729905815581
678 374 0.00052083333333333333 0.00092592592592592596 0.39147024169502592 1.2420377963633178 -1.9965636433257732 1.684108709320046 0.01268808595552573 1.0824613729143868 1.352158142260008 0.99623398085693626 -0.032638327813241261 -1.1461940595921303 -1.1630402353278297 -0.032497914649482595 0.060621577628865525 0.245909085132614 -1.8602644114661029 1.6372418542515605 1.2 -0.19441121575262335 -1.0873464863317541 1.186783376657591
989 686 0.00078125000000000004 0.0013888888888888889 0.17569110951019054 -1.9974830599371791 -0.1459331976924565 1.8957903494276613 -0.094382927990140197 -1.0612218791517671 1.810823994161229 0.7428316628952123 -0.074862046152751924 -1.0783119885686001 0.23182818490197787 0.080849200020070899 0.028588482652856129 -1.8838876386824084 -1.0482219744839951 -0.8217490882596139 1.2 -1.8026228094194838 -2.2347750431345301 -0.36513915209895537
676 556 0.00052083333333333333 0.00092592592592592596 0.11246727421049792 -0.47814108807189548 -0.22931667142804102 1.1158140707839879 0.089221632013012642 -0.067937966219650203 -0.026360097469337873 1.515546466175123 -0.057373959723303947 -1.5182550305956277 1.8615728571553918 -0.55812317326700844 -0.0053966148725604068 -0.7186614838979839 -1.7080345069358698 1.4030734700772158 1.2 -0.63512079341208316 -1.2173523380295013 0.82097583030296239
1562 1429 0.00039062500000000002 0.00069444444444444447 0.30747815243215976 0.32643710664263592 1.9147719663162914 -1.0762015676352363 -0.065861423699161481 0.91017369710747298 0.49536953405745798 -1.206958934404033 -0.067472891705890353 -0.049609791849210438 -1.0568254618193351 0.84557618953607028 0.043559866942834646 1.8764413223176009 1.5815137099767855 -1.1052498578389582 1.2 0.81901084837340998 0.94125478767968784 0.084232044301915165
1841 359 0.00039062500000000002 0.00069444444444444447 0.90699397719399466 1.5320139432146127 -0.33939362835186149 0.064679638733592171 0.075293215838388328 0.33973572490379356 0.49984703253097917 -1.0973358249565845 0.044809432329831173 -0.27332012653817239 -1.0839618507629769 -0.49384344295730465 -0.020621677635940056 -1.0537933392169285 0.35376137386116691 -1.1256066771936744 1.2 -0.37156555467735797 -0.42691939289748254 -1.6935983005769033
710 342 0.00078125000000000004 0.0013888888888888889 0.95498180002913757 1.4003558703408534 0.19015059407454116 -1.0682760195744949 0.036432197036872338 -1.0240744289541288 -0.72192386585546631 0.53807074457988469 -0.052222075071086962 -0.69385388639153245 -1.9876883238024559 1.6082246304028587 -0.0087444049907317023 1.4786561340566893 -0.90884324099112845 -0.31019755941644389 1.2 0.77151655897062399 -2.3645462364191223 0.95053549478019206
590 688 0.00078125000000000004 0.0013888888888888889 0.68786142943198936 0.99189375358046128 -1.8589107264154094 -1.9896359417119847 -0.084954147524770401 -0.483077143170906 1.6209878439531327 0.053579396139956437 -0.076803820748740481 -1.2907056507789134 0.74111528392204473 -0.66348203667346972 0.031749613544008182 0.50889494643298816 1.4848694456945299 -1.1272063175881581 1.2 -0.011429072940240832 0.50772513419505161 -1.1387005952935045
1134 1356 0.00039062500000000002 0.00069444444444444447 0.901031466506651 -0.1377523563180163 1.4691260580307546 0.89486387426122072 0.044059467654564533 -0.064379941441521815 -0.75960462849623278 0.43146331534226023 -0.037775004373442771 -1.1649581240579887 -0.31517332191889746 -1.9221842282226675 0.01820248611859461 0.50316650592344958 1.0597754893089615 1.8314474915708319 1.2 -0.38072799230238452 1.0285356834355155 -0.30820328376256162
965 598 0.00039062500000000002 0.00069444444444444447 0.87472757924907196 1.5069660009091645 1.7117673256398307 1.6065557696510289 0.0004348673348804899 0.90267879707635945 1.1759682517268586 -1.8796500576364283 -0.020723979766813866 -1.9106128990855722 1.8378972085249838 1.8011563037746758 -0.081234004308870358 -1.8907980873436991 0.55030296698329551 -0.058449667717118459 1.2 -3.3589924943649483 1.7202118755837317 0.7154689973678493
1724 926 0.00039062500000000002 0.00069444444444444447 0.32593427560011573 -1.0092437372898702 1.9153391952496452 -1.5599128014729731 -0.0058344347793016366 -0.320109698952463 -1.3226693453738245 1.3942099045641991 0.028481400950567642 1.8181752892754592 -1.0278961313610959 1.9571336367228591 -0.028191606683244747 -0.99786094950265847 0.56757893388952985 -0.7900270975603334 1.2 -0.56235164191268405 1.0816658517281774 -0.92638147055274822
408 1308 0.00039062500000000002 0.00069444444444444447 0.25932318611822025 1.247288477800494 -0.020470908693512424 1.4186507234511461 -0.096393858259317858 0.12748140428575638 -0.64421659158805511 -1.3946280162146945 0.041694049908273301 -0.90825244829174867 -1.9234028376457442 -1.4797765569540013 -0.051454519778673574 -0.3370465948662269 -1.3053579423144295 -0.68499448436437405 1.2 -1.252662630086643 -1.0372984498120368 -0.73445719974272905
1219 1254 0.00039062500000000002 0.00069444444444444447 0.48281281665875692 1.9257795600509411 1.7106546467960975 1.617322192686109 -0.070610274435619944 -0.14666834890419311 0.18280924734968762 0.095268049284901402 -0.098560212575298747 0.63450447857324077 1.0754423280977692 1.2671212523800262 -0.059286328978813141 0.40094539704730092 -0.080967094454873934 0.91488572673044422 1.2 0.58110531474064631 0.17766493398167002 1.1054752914278696
809 126 0.00078125000000000004 0.0013888888888888889 0.72091152022714322 -1.9751057462655912 0.5410412813304788 1.4590097378510984 -0.021325884271270024 0.56394138912104053 -0.24122494138823036 -0.46099581585249894 -0.096365368227828554 -1.6945257661720703 -0.35530164219750349 0.03981187206481529 0.012254882317190449 -0.8757270690724166 -1.9394245029970443 1.4764695352165678 1.2 -1.9765753997495876 -1.9363270126986325 1.3961573550424937
1470 309 0.00052083333333333333 0.00092592592592592596 0.13310670680455328 -0.1259900220359591 -1.8668013361984754 1.0213843037330212 -0.024190446489198741 1.2706442848373114 -0.16862522728931806 0.54212269627388787 -0.023636535792227159 -0.81488881387257805 -0.7519231465262104 -0.068874166424994776 -0.06815522657985898 1.1155235583886411 -0.18398985568979231 0.94938448319152258 1.2 1.2692355805620228 -1.1547887168284787 1.4681524136060085
625 175 0.00078125000000000004 0.0013888888888888889 0.82988319727236759 -1.9227416821557619 -1.0120306063319258 -0.85860696924038438 0.094523183255151355 0.1708698290230295 0.55627196127580447 -1.4627179486028661 -0.078811574046259672 -0.063538315978747928 -1.5687300372034287 -0.8299719146063671 0.084135381419594091 0.51147120560062564 1.9795812566886797 -1.8116434519623263 1.2 0.48063187698688048 0.80318156483774827 -2.6323144137594174
549 535 0.00052083333333333333 0.00092592592592592596 0.55954096077728765 -0.30589008741103152 -0.056310075966294448 -0.074033584391373086 -0.018553538159024649 -1.1143746455135655 -0.84475740794978682 0.44675181342344672 -0.026525188942516389 0.21608402123193482 -0.67318700354133876 0.5295702160181901 0.079664435583542637 -1.4089870001873894 -0.33776602052813409 1.9144613821051459 1.2 -0.93154743944891905 -0.55690298233877678 1.7936429443734478
905 9 0.00078125000000000004 0.0013888888888888889 0.45709788406314023 1.3286476932402351 1.3794574805115283 1.9133471635416268 -0.071857459069852844 1.905929595921009 -0.33088707192173583 1.0149290718635142 0.051059239243564564 -0.73647170837277587 -0.2885756419665233 0.3138389929998362 0.032216334853575918 -0.34011764181617687 1.2524995362242608 -1.412302026787998 1.2 1.4012785881055625 1.1102096624596531 0.41554164125055898
2327 686 0.00039062500000000002 0.00069444444444444447 0.26515848067611303 -1.1131008029425726 -0.96885189358862833 -1.7357595720631251 0.017411061340542086 1.1472013720434138 0.7319141237777278 1.7118300049279958 -0.052093344148954217 1.5282106888676799 1.1664988490038626 -1.0049470269708669 0.063528414340317058 0.38554845621180123 0.75122940097549451 0.49041812370357718 1.2 -0.054345980858780958 0.2455678224246117 -0.9090152305057706
1328 1000 0.00052083333333333333 0.00092592592592592596 0.8155231153690321 0.15127333322515879 1.1287350580747724 -1.9005550299670295 0.0020517554910403774 0.88744298724857229 0.54949717264589459 -1.2859388475432825 0.037944756742173208 -0.20889073843538286 0.04559213493651626 1.2348473759960221 -0.081544313116506922 -1.7803073711444073 -0.1666237084296176 -0.81393246410136078 1.2 -2.4043201546351569 -0.14953028921040198 0.5083801238031187
2285 335 0.00039062500000000002 0.00069444444444444447 0.4788603505213066 -1.1301552197269875 -1.1395822003595741 0.21735621653304582 0.087165996820218444 -1.7930091725684481 -1.0227962254035159 0.16832360930285839 -0.0033523111516552684 -1.8532054895614918 1.3980028073107529 -0.77477676103305537 0.060177163074013967 1.9808865532627333 1.8022394761471867 -1.74684585769175 1.2 -0.58035286964785915 0.79528474708241015 -1.4335962075484068
1116 492 0.00052083333333333333 0.00092592592592592596 0.4782356092411113 -0.25206744612512111 -1.6481837924551903 -1.2873702065631543 -0.047584607357670873 1.6712541758178858 -0.0012072156990940996 1.0195402697970564 0.065934316281745786 -1.1197925821498473 -0.86706189587743765 -1.6045133060940104 0.061440613834514796 -0.83488363480650207 1.431946222636904 0.22747244882894124 1.2 -1.0301985831979807 0.60980630698854721 -0.53775099580474295
963 265 0.00078125000000000004 0.0013888888888888889 0.95815618739173525 -0.84558348820997464 -1.5896148209603269 0.74169191225584186 0.042324365711305739 -1.547133614906401 1.4581553706821495 -1.166513293059189 -0.0021407187733857719 -0.10358879809828636 -1.4675610692585757 1.581780695094277 0.068478420595277256 -1.0517877628730252 0.88941770356006566 1.3293899534805922 1.2 -1.5426862657354843 -0.72872920747109282 2.2649051254403885
264 424 0.00078125000000000004 0.0013888888888888889 0.12233489724283414 -0.91611453499965778 -1.0659326504132411 -0.92160031129842634 -0.025320879772333035 1.7739258711040904 0.13014977719105225 1.2957729705109959 -0.081847258339210791 1.0080466673987716 -0.086419620280794529 -1.400968365686821 0.026050971854002986 -0.34262826719000872 1.1780697331573173 -0.7219699017535719 1.2 0.00029545360999801791 1.4355244852188975 -0.47439994834256161
1792 612 0.00052083333333333333 0.00092592592592592596 0.54135336511834953 0.53824698663727633 -0.55558841202011244 1.3908960474890684 -0.086416091427673772 0.64706755944449768 0.45748089643136236 -1.2904062019311988 0.098244446497739724 -0.20307070983689801 0.241203140698242 -1.6846222208742843 -0.052828160896240206 -1.8295165373087641 1.5596003501126861 1.8425581795502457 1.2 -1.4396782473050593 1.0587885465567279 2.132427192847107
279 634 0.00039062500000000002 0.00069444444444444447 0.059495735095292171 -1.4125164528013352 -1.9374864470939497 -1.5255762628559832 0.083130875580816083 1.8562654719170451 0.24669641694332167 0.37179545896875732 -0.073547686990233049 -1.4028469867037776 0.15619801121877197 1.7613117026808558 0.090674913139092345 1.1875201976928973 0.56413952322631644 1.112623289444306 1.2 2.145980453324174 1.8707949720083636 2.1684676484453758
1100 740 0.00052083333333333333 0.00092592592592592596 0.72583458439179083 0.083172438967333395 0.55281185726589754 -0.23142639720880576 -0.068341737594391133 0.50682672810643759 1.7554190727638508 1.9578023857602966 -0.02295131048246242 1.4899636193926025 1.9402974580945829 0.39730091337276008 0.055157496695312891 -1.2433677615606307 0.51546427319754118 0.6648987243431379 1.2 -0.27282674575711724 1.0923415970955777 0.1554056926405574
951 689 0.00039062500000000002 0.00069444444444444447 0.38097849430725061 -0.14586044905387707 1.5456813372502838 -1.6602633436225966 0.061472175976759691 1.4329723829294392 -1.2564571183534841 1.5471370660923771 -0.035652260927729398 1.2322463402488619 -0.0067640278067346848 1.1670080121532167 -0.015087213679203265 -1.609372144923543 -0.63711503552783011 -1.6704597333123044 1.2 -0.88513784761328607 -0.92577179604550852 -0.62382904819281704
2244 1416 0.00039062500000000002 0.00069444444444444447 0.15284826686162079 1.9903167325955136 1.6988867348206877 -0.094182266870228126 0.027409488951054578 1.2388454381478766 -1.1707329936786031 -0.58711633609003044 0.044600154401292141 -0.59926590789199219 -0.2341952452432654 0.91355174411541551 0.074192413602172935 -1.8354904512532841 1.624987661339651 1.5831322629518576 1.2 -1.3675101455277259 3.3661549136381721 1.8671440883560575
757 49 0.00039062500000000002 0.00069444444444444447 0.44088770415018702 0.14317580585130507 -0.68779574269225474 1.6443236067554956 -0.081972312800472416 0.36457862311702982 -0.43519275357551113 -1.8696765135700586 0.067911663200236672 1.2909843536513743 -1.8329646399915931 -0.95645978858872382 -0.032366389930796144 -0.76298264846274488 -1.9550511621209234 0.53410165679772037 1.2 0.068046777219716123 -2.2517301340216083 -1.7934207354646028
787 623 0.00039062500000000002 0.00069444444444444447 0.92774960996237532 1.0590831990296539 -1.9327040880536579 0.74340410978399518 -0.071023682453079093 0.37891056737864304 0.65399012592083006 -1.3482725028888152 -0.077771510962262966 0.38878417084976613 0.18669090750656814 -0.5840384790794344 -0.045711299526343147 0.28250277497015563 -1.0546396408392029 -1.7945227612515455 1.2 0.24391998245347726 -0.042696028722115517 -2.3866477577724949
705 684 0.00078125000000000004 0.0013888888888888889 0.74777368328460292 -0.39237989660350081 0.034781812311689198 1.1052353157715 0.018934047827867964 -1.8693840292443937 -0.99114141124937438 -1.9134112257574833 0.062885593856086164 0.78226415445399633 -0.88618276435909848 1.654407042678133 -0.016133818822810952 -1.4323747832502449 1.6383196080842293 -1.3841415660983722 1.2 0.70373623060915169 1.6525214061258708 1.4920918629034006
85 1345 0.00039062500000000002 0.00069444444444444447 0.30622627426622179 1.4581842501694693 0.092210087929492701 0.35415753451571907 0.050308566706841917 -0.68465941061164903 0.41341921243049162 1.5862966913346468 0.01831399029707588 1.3012993879690913 -0.72068811508093233 0.44795092504221712 -0.064294018639326767 0.79279189812522732 -0.5352422940753061 -1.8315738928566923 1.2 0.38059738573010771 -1.0748948860898075 -3.0453141563847201
2010 1137 0.00039062500000000002 0.00069444444444444447 0.93284040627317855 0.090969314259445433 1.5530282367624375 -1.7343304807853408 -0.018023206842096767 -1.3377140156589782 -1.9184995097799695 -0.16448494956232818 0.060335267751374211 1.6374186163719058 -1.070252283418974 -0.86856375030526856 0.096780085208324929 1.0172370405694422 -0.42765785201803919 0.37676935319355076 1.2 2.7086500784563676 0.46003617268681535 -1.0665561855259436
1435 1001 0.00039062500000000002 0.00069444444444444447 0.065587067767952215 1.6952495944044945 -1.4314793088412334 0.70494869281635042 0.044308573532755274 0.097035575848418265 1.4456561591925814 0.45978429294230549 0.020584053323200818 -1.3546273907540982 1.4225561540846212 -1.6546895666150667 -0.032044534040121087 -1.7426296021803789 0.92404233664291402 0.17510347999686982 1.2 -1.3917513166317552 0.23278288297894636 -0.023046038092474849
735 1145 0.00039062500000000002 0.00069444444444444447 0.62498545515120696 1.6637785443689825 -0.9700778072367835 -0.56361435218413503 -0.00075865461125071421 1.7739463415769392 -1.6509851453033093 -0.18107296319969812 -0.022974273179728374 -0.97994162222362302 0.96166279487338313 0.0073851028464591018 0.070404260018272852 0.94254196390760603 1.2796539396082096 -0.68492933694887004 1.2 -1.1336468557132644 2.5987945091369204 -0.26516257172297969
78 653 0.00078125000000000004 0.0013888888888888889 0.31131910451457223 -0.10705501850438326 -0.30513086354748253 1.1016532154442857 0.0016736003039159869 -0.97644032167668149 -1.4297511003206527 -1.3805295138152194 -0.057563660747322269 1.1702988308034419 -0.61950302872164364 -0.22641400556791469 0.048714003100094605 -0.067470898393793721 0.046701292008167972 0.81080221791197005 1.2 0.9414831034076 1.0210684489525297 0.71337613692332646
2119 873 0.00039062500000000002 0.00069444444444444447 0.77544138025809328 1.0311060696450878 0.92983960043874259 0.663468100355463 -0.050175551303648459 0.16615553150065132 -1.7062280468750535 -1.131746649173039 -0.036991038368035634 0.28231585249260993 1.6537170072197966 1.5735267560125501 0.053767410364665563 0.41821920956407332 1.991123390938033 1.2345235680983482 1.2 1.0503867225309236 3.4907415970668416 2.573517013836323
2155 349 0.00039062500000000002 0.00069444444444444447 0.46093657876963556 1.7910665661095142 0.32896150093372434 1.3165294018883897 0.04577827671727977 1.5735722771349101 -1.6047406365997112 1.2981668555700705 0.085484293663544014 -1.5396674567726278 1.353999476908295 1.1269072024009614 0.074507873003795716 -1.4576937182937053 1.057256243177719 -1.9247047290437056 1.2 -0.10123909458122679 0.82510668287772004 0.12463586393227288
1191 801 0.00039062500000000002 0.00069444444444444447 0.44568314133495307 -1.2772153440531686 -0.23612573701681505 -0.039007531806931617 0.070190600647367346 1.8613433158109705 0.46295183483327218 -0.62114315871522097 -0.051825803221242688 1.6612316047656184 1.1115011116902327 0.95650341060957578 0.045109931758016503 0.081657014009596018 -1.4906568720515265 -1.4514425091230949 1.2 0.57296151341462065 -0.84460074231526217 -0.77972646458296535
1073 278 0.00078125000000000004 0.0013888888888888889 0.60519574488351402 -1.0631361903141396 -0.32319982478590692 0.62067065512971586 0.096438743099232588 -0.93010247965225989 -1.8119574837430257 -1.1316970605019825 0.09164913823921006 0.97796676396885074 -1.4265595278156082 0.59182378213389031 -0.036619697094293094 -1.6609965898295633 0.92486148820960867 0.82080447383843724 1.2 -1.5822418148589419 -0.44909162083213505 1.0627173719728664
758 41 0.00078125000000000004 0.0013888888888888889 0.95408319645555151 1.0330718955737486 -1.1228925321598653 1.4124230114956244 -0.038711087938400862 1.1965252465985956 -0.91463237688877541 -1.758054528573878 0.027413558249096526 -1.0292374437709912 1.753798341811907 0.68110483792638155 -0.028654260812028778 1.5825772769308557 -0.20690888221275916 0.11224411556203728 1.2 1.5553482829418177 0.37760498436372431 -0.44698247555726422
1653 924 0.00052083333333333333 0.00092592592592592596 0.76777038018627475 1.6878505579256329 -1.4733794710865022 -0.74404641506059432 -0.021742117154738422 1.7267691987226037 -1.9535719206969713 -1.920607172734456 0.034800896631546341 1.3128631585011914 -1.2828394627739788 1.8474016672389273 0.05048901420831492 -0.96791703537517337 -1.5551195238640783 1.3200137442407542 1.2 0.024896557147419323 -1.8471450230708684 2.9779745212620434
554 1308 0.00039062500000000002 0.00069444444444444447 0.82473155965539147 -1.231506428096564 1.4342077193235401 1.56305492502368 0.079706063089557216 -0.22354115863333623 -1.7214248003873296 0.055546566081826843 -0.089737715992026235 -0.61477514761703222 1.6949138308893836 0.2985205887243163 0.011285373064177345 1.466544393785953 0.24842870727028821 -0.80216721517633216 1.2 1.4870948933462707 1.8104549652762676 -1.2018829131078603
262 944 0.00052083333333333333 0.00092592592592592596 0.9686396215746168 -0.64872420556331267 1.4654271739844291 -0.73486678369292413 -0.0013722195331349052 1.3537074103599047 0.91378259816933882 1.7581979653268047 -0.06242874837087134 -0.58254717374096554 1.2545460124623404 1.6480761398015495 0.010127949997123117 1.9795120359016209 -1.5482662211322022 -1.1847121819712809 1.2 0.6938337895261163 -1.6557938882217476 -0.29534250652822031
1752 50 0.00039062500000000002 0.00069444444444444447 0.011204917552700665 -1.9886525028062096 -0.53845218623362046 0.31835694339905407 0.084651502021555247 -0.51830430477893108 -0.10325199719427891 -1.2378821151526402 0.02557010067180901 -0.043297796643821496 1.7031030986718263 -0.55427461641279629 -0.041142848101399412 0.32586758232901758 1.9276949808384471 -0.7859560067838971 1.2 -0.70993671673956116 1.31679498633932 -1.4552518972854629
1088 1382 0.00039062500000000002 0.00069444444444444447 0.42341237211509258 -1.7242182944249422 -1.5656625882142867 -1.6724876836889053 -0.022906798199920142 -1.2771767422768669 0.25576025770107513 0.38207208640794299 0.0040396098278302067 -1.8874025186782899 -0.5148712145396237 1.9767803734441105 -0.035074953620031282 -1.3223215392042067 -0.17124807420797516 0.31556363557423106 1.2 -0.58093998080699027 -0.32944688556103258 0.88720889409182802
2194 427 0.00039062500000000002 0.00069444444444444447 0.60095849352877051 -1.7384980102929259 -0.987193774587102 0.23545750554587785 0.064191231112371322 -1.7764090312621792 -1.2502291692105012 -0.08179794493757786 0.0057234359658897144 -0.74232895711682501 -1.2233271472550733 -1.8333560554981565 -0.033181256968092196 0.90231098743818006 -0.8423814487961554 -0.91985946663800267 1.2 -1.2273918642594486 -2.2721499445719622 -1.5360417185671791
1717 314 0.00052083333333333333 0.00092592592592592596 0.61754950788423313 -0.97893792203647134 1.5124135111095356 -0.70524877507060069 0.068577827258764018 -1.4538747030188186 0.91369185768895411 -1.0745099647626404 -0.016987578525877317 0.23172472222056673 1.8524849114310609 -0.062528536659072653 0.049224842195465357 0.35871899679747798 0.73746458274486448 -0.61284524663275519 1.2 -0.68712876795524358 2.7057767700394693 -1.2968767214972663
1389 274 0.00052083333333333333 0.00092592592592592596 0.91433851518328391 1.614181883487174 0.91772481009385443 0.75172170094099977 -0.088508077557720055 1.6612086841391993 1.0979305099651309 0.3093522642653932 -0.016454127818669215 1.214893432871214 1.7598457926166007 1.8339945828518593 0.061566902053773215 1.0795206564832642 1.8302465782736239 0.83023795731577144 1.2 3.0856102799725718 3.6320748516643455 2.4785148547382767
430 587 0.00078125000000000004 0.0013888888888888889 0.54614292168234246 0.79548434162199877 0.34236562504486212 0.63374737960317873 0.067107747749422686 1.5281120609249683 -1.9146348680973984 0.36874690149766076 -0.038728886043033622 0.96070624852327047 0.054567318791786779 1.4315004352066008 -0.085340660739109467 1.7257886822180435 -0.30215509329475765 0.49685252709132843 1.2 0.88623040645243623 0.7141783829442867 0.72512871288981584
1403 654 0.00052083333333333333 0.00092592592592592596 0.25719124385267095 -1.7182185601488458 1.8323763182225914 -1.9151932839625663 -0.043988402432183785 -1.9555095940708651 0.61734494467737644 1.410288481311722 0.048710640506299335 -1.1857077589173586 -1.3680132313386757 -1.9937650038731025 0.035065103598687697 1.9686821680942277 1.2882930016597278 1.6419068891814685 1.2 1.0901412134625164 1.401999473064661 -0.046407224809962344
387 390 0.00078125000000000004 0.0013888888888888889 0.13850616387682299 0.71708904452085287 -1.8890134182602876 0.6936348079513146 0.008145539322521933 0.27096224532936075 -0.44877216440782286 -1.6931560480737917 0.077790427576164944 -1.1166413529845025 0.69577066735238091 -1.3647827721234567 0.065059612113614856 0.54673152442500728 -0.86746840157757532 1.567478646148027 1.2 0.07188021754086156 0.010169992026359889 1.0408838916842245
1250 366 0.00039062500000000002 0.00069444444444444447 0.86400985171292988 -0.19581990246776781 1.40633470761908 0.14764077216364235 0.024250426861646426 1.8170722807193225 -0.20915207456570073 -1.697063995394628 -0.0033809957702714832 1.3457694243638882 -1.8190866580096423 -0.20575887277011784 -0.050882837829450023 0.61330228967289724 -1.3182893418431334 1.2472680343898026 1.2 2.316401475908906 -2.6218155670890364 0.20183116484325486
1321 205 0.00039062500000000002 0.00069444444444444447 0.53193234387791155 1.6395975136420295 -1.2933282536844199 -1.5804008357061483 -0.074603249822213585 -0.88276950631844509 -1.7078687891094559 -1.4651686147295746 -0.0010387575030579577 -1.4481279885998366 -1.3638811570530089 1.2552001072241472 -0.080994722596960569 -0.64441026252698963 -1.8092831682726676 0.84323516843771706 1.2 -1.7268566801621448 -3.2910987226791351 0.3576946490463927
158 949 0.00039062500000000002 0.00069444444444444447 0.20805600728681733 -1.6144031547966402 0.77118863260204717 -0.4457873013362792 0.0030896196625334049 1.6338375651429207 -0.76933287594102007 0.48479425208402782 -0.0064413580616188015 0.45300005471580862 0.84379574225625875 1.7231291253543635 0.094428072239464922 0.97881035641788872 -0.64173241991284691 -1.3543855153566775 1.2 1.6134378992321066 -0.7355620341244038 -0.62331805871787149
479 960 0.00052083333333333333 0.00092592592592592596 0.52688846948800816 -0.70608556131918876 -1.8817740480978622 0.78807268886693738 0.053822728037005024 -0.64862667742561841 -1.7016081855850911 -1.0126750949402417 -0.025236479882057281 -1.0954877465030139 -1.7647581545698858 0.32057165089000472 -0.092873709461470624 0.31021956754055768 -0.33043687327716231 -0.51433255945156819 1.2 0.51716163635376278 0.88010775561173182 0.042578178827369979
561 294 0.00078125000000000004 0.0013888888888888889 0.24982064950291463 -1.6819636202153108 -1.5535084975682305 1.9965902241574303 -0.006275598231557683 -1.9604404222972422 -0.67488862005603778 -0.79002104604564938 -0.020457273342740195 -0.53340324954895912 -0.94062725503699207 -1.2463790252030003 0.043011780257929372 -0.39698544747673425 -0.58586264513035502 1.4553357648632193 1.2 -0.56353079687118612 -0.62353030446234725 0.62538068127529289
563 228 0.00078125000000000004 0.0013888888888888889 0.96485455656958907 -1.9609112459016709 -0.9684699915356334 0.33280303648580167 -0.071867965024531577 -1.4259886202671006 -0.65811497573150035 -0.40728849616266993 -0.070902568060588617 0.94188661432806198 -0.1683068197534614 -0.99372858935143871 0.054676076324003703 1.4102424801870073 -1.461032295324737 -1.0363144382431693 1.2 1.6451828930486527 -1.4149194155657074 -1.7675172811959092
158 549 0.00078125000000000004 0.0013888888888888889 0.24845036822453914 -1.6436643481739872 0.1573765519980328 1.6610764788248962 0.022266897619734993 -0.97835013615780886 0.94774032360746929 -0.57980374076941299 0.089488575811902671 -0.034976131704533397 -1.5206446127746398 -0.91693368358353577 0.081314864099036988 -1.3892593789149097 -0.083886866950589223 -1.4221466883727349 1.2 0.30582928541082005 -0.93308937872885556 -2.243671619701368
1055 308 0.00039062500000000002 0.00069444444444444447 0.35109659897038314 0.45798704545678515 0.97789139626995913 -0.083250205218902362 0.037035281694926842 1.5440773995013459 -1.215717001365737 1.1038481366096997 -0.0034105471811545912 -1.7326525727680826 -0.39107885965562783 0.21593729021233843 -0.047383363244942571 -1.1315204463994832 -1.4958981895508665 -1.2014367884680404 1.2 -0.79809108734662093 -2.1274093527493343 -0.40865860777211938
1567 636 0.00039062500000000002 0.00069444444444444447 0.95308227442989923 0.76612725566102835 1.1965172493066958 -1.7793836391036355 0.016973426344617709 1.5343316621487704 -0.64181291944981078 1.5279672180294472 0.082434337226309468 -0.96413355916104981 0.3413151737407305 1.6072987571256308 0.013391853267074344 0.34141962110644286 -0.79864152839659663 -0.010305839717328791 1.2 -0.18550940816934164 -0.22756330480153175 1.0595216182147129
1736 859 0.00039062500000000002 0.00069444444444444447 0.44038250831787784 -0.98998840253623044 0.26303914389979388 -0.1684744447264297 0.05746717833585438 -0.73081952177555687 -1.530649215396616 -0.3572929476477773 -0.030094918819423347 -1.3715710944714514 1.4639500622705666 1.1931559972025365 0.053424803707428525 1.4912599666120245 -0.54138491016752832 1.2947422492171743 1.2 0.54067962182020901 0.3949957909678537 1.4636340560873944
739 837 0.00039062500000000002 0.00069444444444444447 0.3895278106587326 0.32299302285150722 0.85646540346482425 -0.74791647454630361 -0.063305407414146336 -1.1096753006665803 -1.1971044019842942 -1.1823596194875918 0.077910255157742442 -1.5141247340409403 -1.7786923016142135 -0.39259871036554994 0.089423370005507291 -1.2200739690155484 -1.9804526252864547 1.2085733896228263 1.2 -1.4134312164602088 -2.2737700316266443 1.2526877763030311
1078 6 0.00078125000000000004 0.0013888888888888889 0.22933363440548671 -1.5034341892529524 1.9155962150154688 1.9744072512069035 -0.058417370509156963 -1.9098229486890199 -1.2852645142642678 1.9883971885458362 0.079606438718458711 -0.54536302363614508 1.0878152890968722 0.045561595847835257 0.0024199410957054662 1.5251845866460716 -1.0449352773681486 0.10015638878852773 1.2 -1.2152369585662401 -0.60146835118770514 2.7576336985010799
420 610 0.00078125000000000004 0.0013888888888888889 0.31841421270739262 0.11463090655565855 0.76516207942832892 -0.20763941028520794 -0.068630707239414168 1.9302895232312633 1.0650919958558944 -0.63627090391153152 0.092388407320196264 0.1836544486648144 1.6460142112787368 -1.3226716702780554 0.034313252875960265 1.6895349463125111 0.98102459227644756 0.55633802304048441 1.2 0.31237880717706962 0.42864086430617537 0.55473048269092518
1967 1306 0.00039062500000000002 0.00069444444444444447 0.010379576996318751 1.3096052500975803 -0.73285958106920157 0.53719224661404752 0.046779377365578662 0.23077485756411065 -0.96462300699364256 0.043607697610048124 -0.096004398488505394 -1.6714902385943624 0.51914500856458057 0.60044275756027199 -0.020509040526988723 -0.25165111881651692 -1.0298613216894639 1.5700042560818535 1.2 0.18909702439308046 -0.48524657314635261 1.4037468612820949
1423 288 0.00052083333333333333 0.00092592592592592596 0.78669573792333036 1.1837580897860298 -1.3758866760686947 1.7416740012537013 0.082323884686596849 -1.411678840997701 1.0839299484852001 0.68579429651183732 -0.076054699310525956 -0.89835278819148767 1.0006064704891857 -0.49118956695525462 -0.095288391470175704 0.85200796151535529 -1.2077392107113107 -0.59587651514155793 1.2 0.052538063096276164 -0.51359190555872414 0.15762087610124956
1234 573 0.00078125000000000004 0.0013888888888888889 0.9937281835872056 -0.14361911932104787 -0.42068835075107458 -0.4524857905422488 -0.044932703074246107 -0.51512459782358366 -1.2487322347812873 1.967175418707535 -0.034009770188588861 1.7946553403811047 -0.016701664195448274 0.11044962414890058 0.038736146052886722 0.50416890172744422 0.85189073466666176 0.42874935652014967 1.2 2.0212076171180313 0.97383301894862517 -0.86156111586212825
1022 928 0.00052083333333333333 0.00092592592592592596 0.88850590026653253 -0.36214040769724853 -0.53720442647999178 0.33910763403623445 0.023337818448335268 0.69582432480833578 -1.5991615986506349 0.36879486796062189 -0.020062362906641179 0.45969946585355093 -0.24179636015189843 0.062492616204397056 0.082466337793882932 0.94430756471350774 -0.8397839088005945 -0.7595556577912741 1.2 0.64268803034442379 0.047247207620932347 -0.73476756871390481
1377 598 0.00039062500000000002 0.00069444444444444447 0.45000118204417927 -0.75971455555743539 -0.9641118540435718 0.88112089294328699 0.043789540966875318 1.6984615072814675 -0.63373043064242163 -1.8794747544842569 0.057028440977220013 0.60688190622609239 -1.5481384703738361 -0.13578007146050908 -0.077435311585178912 0.50038690667018226 1.031127593210182 -1.6389855332763736 1.2 0.85070862872337172 0.13078815088899071 -1.6553007191806701
1068 372 0.00078125000000000004 0.0013888888888888889 0.84333116537160657 1.4550526320827171 0.69942172115299472 -0.34415968279358999 0.086816287622084098 1.7762949075005605 1.0770775139141522 -1.7129297800038379 -0.0011420003890590669 -0.031142156153133982 -0.66954642689508059 0.57510054092787799 0.03760781558052978 1.936221611354608 -0.074820387658659282 0.71160124087098753 1.2 2.1881733281946132 -0.16170752675932756 0.79515238144001343
743 260 0.00078125000000000004 0.0013888888888888889 0.11928037052935678 -0.1230199571197228 -1.51981884920021 -1.1605245840408007 0.078900054679787363 -1.9610799356978879 0.24707399556442411 1.9439433856534847 0.037394399584490368 -0.028256935133528227 1.2859385715001457 1.0184415081398113 -0.0076845292355197381 1.253655852736455 -1.1243321694664226 1.3418192638118618 1.2 0.56323202585259768 -0.9396661210781605 1.483339183315872
322 157 0.00052083333333333333 0.00092592592592592596 0.16058761646410005 -0.44608155970190566 0.84048358793325928 -0.88044146216266661 0.0078569568322264527 -0.68756156340628038 -1.4156963113418963 -0.82973974773355774 0.026377850172641326 1.3633609684185313 -0.33573528118816842 1.3085939967392881 -0.033018837512934246 1.3192272749303959 -1.8360647071764262 -0.63076425613258502 1.2 1.1152202821370574 -2.8563150859567785 -0.35068442161284158
1605 814 0.00039062500000000002 0.00069444444444444447 0.74939810561021747 0.46803617264863151 -0.73726816219372626 0.88354205595261126 0.022037516696877993 -1.1841993125347061 0.28995121882372388 -0.69081698700133209 0.087212106264409422 -0.43070879911136073 -0.019469674816623428 0.42549156831062751 -0.075947115711886282 1.8986027307198983 0.76885090799596023 -0.1696199356366459 1.2 1.6269846456946904 0.46491325901052483 0.40852694710495374
577 104 0.00039062500000000002 0.00069444444444444447 0.33176498325986759 1.7737022014472226 0.12022679472071918 -1.3376665274582011 0.090673689719635159 1.4014417570561326 0.40104320154695605 -0.078625725177973393 -0.048615574837692722 1.0117726131131093 -0.57519935981190473 1.1438368677764421 0.040064844212285677 1.8557272693531321 -1.0036316587844238 -1.2211468999764223 1.2 2.1533393119460889 -0.81785759283418846 -0.15573251661977261
2512 575 0.00039062500000000002 0.00069444444444444447 0.098915061752267053 0.69931572888401705 1.7528337180736631 -0.89679823346191823 0.097570978594787888 0.54324959889048152 -0.46024852191510002 0.04217742453669393 -0.090818780642566724 0.33207438117509236 -1.96141092198856 0.69175547362926437 -0.017129833427918559 -1.0796684140062789 1.6155951388542977 1.8804740591155356 1.2 -0.20755377565688632 2.368077956151545 0.85857173928812436
2480 102 0.00039062500000000002 0.00069444444444444447 0.070126236848251727 -0.32080987722843046 -1.4428206392747818 0.064982468897931689 0.086510319135406494 0.36243797413530876 -1.4839931920189899 -0.89286987605229573 -0.094403740787360246 0.3915867551282104 0.47519323587415796 -1.7206197835074399 0.01015341991258864 -1.3074960763908248 0.11119277407286576 -0.64684888592435641 1.2 -1.0576194484007526 -2.0663278359120327 -1.2260316813671899
642 259 0.00039062500000000002 0.00069444444444444447 0.41224347369385866 0.02375852724681593 0.6290716285980702 0.59613551361295158 0.039780000814657379 1.3528089972754782 0.96975267996350301 -0.15207377805994637 -0.041561730086627363 -0.634214552486144 -0.58147337131369392 0.22469732372396756 -0.039076768405689057 -0.94121468359859239 1.9608872949583911 0.03285248698078469 1.2 -0.30704649067050271 1.7829588318059606 -0.23620716529775099
1631 361 0.00052083333333333333 0.00092592592592592596 0.23976901470654097 1.9790391322389507 -1.6523292348856145 -1.2553699443355351 0.07108173603706977 0.76928472576291318 -1.804127865532517 0.90925173402100778 0.040786621073027801 1.2199090105058028 -0.58474700050675654 -0.82309305631492302 -0.023587569050904492 -1.4127585348275971 -0.95141968031025703 -0.62911261665547702 1.2 0.41217217596759359 -2.2613536931615714 -1.1164687156328597
1435 700 0.00052083333333333333 0.00092592592592592596 0.4802637042471628 0.52634040624373002 -1.3717080449778267 -0.27155865792934675 -0.058497536394526685 1.2253709831618753 -1.761454334204299 -0.24877274055088705 0.061743998605336331 -1.0390831062814954 1.2267159727747377 1.8088052005615851 -0.076913989079949382 0.68206974119854502 0.033282366331902846 -1.0945739327412585 1.2 0.071281579363525624 0.4181538243331348 -0.25672415151588962
2248 35 0.00039062500000000002 0.00069444444444444447 0.4693266735522118 1.1441094443790774 -0.35274236567290407 0.50379187089120503 -0.0018515092410610612 -1.0931912024879313 -0.69002094673406811 0.46931564850310936 -0.093138504251423837 1.9641396812985006 -0.98839891431462457 1.2747359210378777 -0.026829062663189115 1.5342369415417383 -0.67791467506910141 -1.8137949029293696 1.2 2.0797536404342778 -1.8813374882214839 -0.35369100131718689
1226 219 0.00052083333333333333 0.00092592592592592596 0.7229105664307176 0.54884088758501726 -0.99963453070065267 0.24437401553381299 0.072158934333619085 1.889668600662509 -0.10419970775271636 0.97078311359715164 0.058518929195177455 -0.3651163092013392 -0.4778021190797852 1.7248889280823199 0.077508633523668324 0.22524609424571107 1.7444743712957251 1.3213163831514354 1.2 0.9423388184715582 0.80845486911466313 2.4506292686894176
1278 634 0.00052083333333333333 0.00092592592592592596 0.74507178349384762 0.59217569569929873 -1.9004636061199633 -0.41717261278183271 0.0046903001589235493 -0.95540059236090924 -1.8961257069568234 1.9011452855797004 0.0008396765377639559 -0.88226544813285424 0.18053861000984917 -1.2535773620010224 -0.041715470512322411 0.9871151375812306 -0.53718687916622043 0.67665730541942093 1.2 0.59250542630782432 -0.59929264777973223 -0.62243564008934826
42 117 0.00078125000000000004 0.0013888888888888889 0.33926553814833144 -1.1797574725413109 1.292078300402558 -1.5362855470531005 -0.019965866902170476 -1.6789398927618739 -1.6105131484172359 -1.2662344810384281 -0.087178363493515265 0.13050531018922085 -0.1584124046066413 0.8144050786895014 -0.098482471928157539 -1.7390796604483474 1.2635928479966738 1.6358317097665469 1.2 -1.530702147748521 -0.95986060664544548 2.2134393562548658
1128 295 0.00078125000000000004 0.0013888888888888889 0.2785843658365641 -0.15704506988158284 -1.5737932436210156 -0.81518946119734403 -0.053033962631567212 0.24595480308707618 -0.17461708867531911 0.3349400854356186 -0.060710257993414944 -1.8581134795529124 0.85047609203432817 -0.87540265970308262 0.064572964174551356 -0.057134459943703586 1.9459761613002082 0.12840400912457861 1.2 -0.55765529909160205 0.81462973887419332 -0.58088433718545407
769 548 0.00078125000000000004 0.0013888888888888889 0.68730774421375251 -0.42249840129651606 0.41994894896860036 -0.65393733720283276 -0.047023076114804767 -1.6403278078018029 -0.5026926068206734 -0.22513722079135823 -0.010132865930007284 1.4547183179972953 -0.026303177653374643 -1.8911733616453943 0.069643289186664625 -0.38925984507414579 -0.023786795014456796 -1.0720607009900185 1.2 1.1128333795995828 0.24630927238724279 -1.9187880131630475
1396 193 0.00052083333333333333 0.00092592592592592596 0.36025506021514814 0.59692180767188274 1.204974288420861 0.874431180454732 0.086464419530689257 -1.8407899505419523 0.026658464989365527 1.7760476892683932 0.053955693768230562 -1.1952669825645117 0.65452484188722515 1.8826508789129113 0.064287214908037321 1.6333768587400361 0.39589137224246729 0.14073684908091399 1.2 0.22590100550489822 0.92258411993013556 1.8165159007306499
958 669 0.00078125000000000004 0.0013888888888888889 0.64179944781574605 -0.30435827022330875 -0.018484345381209355 -1.8025565517923701 -0.0033345425671253565 0.1548769717130245 -0.36608901670032479 0.10129803536938109 0.023489611013042186 -1.2491181007011529 0.69472602136758077 1.9561042932441479 0.092125896414594927 -0.94332161796690395 0.021249878373022835 -1.8816776385733993 1.2 -1.6404002644785702 0.62448713608549278 -1.3015668583812647
1702 1377 0.00039062500000000002 0.00069444444444444447 0.38632284946168322 -1.6491577943270426 0.3630872278245052 -0.65472163869825728 0.065792450691529281 -1.2773162884709452 -0.38878291160501721 0.91548190151246311 -0.094082401661962967 1.1939622236528185 -1.2048075605912332 1.5748865715342988 0.049899712852990025 -1.3747720220242745 -0.16069387046364403 -1.5568345090057898 1.2 -0.21963057119786417 -0.11399195309335111 -1.5076702714709356
1233 1230 0.00039062500000000002 0.00069444444444444447 0.09173990266499446 0.88418832082129528 -0.17613245449498871 0.21807721174990569 -0.08954154683992957 -1.4407254457698979 -1.8690039137658303 0.30292102066951809 -0.079538974941460838 0.012069897687529529 -0.66614276009561735 -1.6683158919136827 0.064217642640502309 -0.95985615506841349 1.2265466928876623 -0.33017424770537218 1.2 0.024214647251516633 1.9730786724192793 -0.55780725736266723
695 489 0.00078125000000000004 0.0013888888888888889 0.27204307357441526 -0.76152838324261785 -0.97047572983921215 0.13644600289092335 0.087286501656896748 0.12580606706800568 0.67829713056173757 -0.24189509077139038 -0.072951132135332872 1.1495341065397162 1.2517471149001738 1.7190408892615276 -0.093586595648426071 1.5557029153230024 -1.9795421867374721 0.34547666559346313 1.2 1.4541555560898933 -1.6279777367308403 0.75472821538038715
1065 406 0.00039062500000000002 0.00069444444444444447 0.5382427768947311 0.60378396751397956 1.3793869692509744 -1.3212925565965348 0.036723529751930023 0.15433269356721979 1.0514660151152433 -0.73434260187698008 -0.010813101287141108 1.9143696358780726 -1.0076960673621818 0.40107373231721777 0.088411507369765635 -0.19994594422661383 1.3836965491635818 -0.62022457065482728 1.2 0.64401381887778564 0.86355699021336718 -0.40645654966426092
25 752 0.00052083333333333333 0.00092592592592592596 0.23781204872165607 1.54848658125348 -0.70246812745426856 0.15056061845777835 0.094309464965428191 -0.1360884294028204 1.3085433744558475 1.2631735192461435 0.079501507940314298 0.70129574182909327 0.0046931492114397066 1.6690105137756404 0.0058479474389381975 -0.82900491637034257 -1.0133786105896978 1.7526583170636894 1.2 -1.9623740270145311 -0.78214685362296288 1.3965725387543544
151 79 0.00078125000000000004 0.0013888888888888889 0.52775834998455418 -1.7143188504585001 -0.25727522967515348 1.9828726795461371 0.013731432390568205 -1.1133055998458805 -1.9968230113175158 1.3391577609208034 0.073846765101945849 -0.71636421106635195 1.5291465285494845 -1.258356665103133 0.02073910255489142 1.0542990198710784 -0.49695313101688399 -0.2825015943363316 1.2 0.88814450019945723 -0.83419329144603449 -1.1261276993425964
110 1046 0.00039062500000000002 0.00069444444444444447 0.98461977982119464 -1.0621828581916826 -1.5338795030459726 -0.41031463352781428 -0.031435083133714445 -1.343948944702178 1.8280503211264243 -0.18380135607188919 0.059731049904970551 1.2002268018520241 0.32808662370226127 -1.6595232918591503 -0.00076472388467907493 0.3422642497356323 -1.2288647172419518 1.1423162847957458 1.2 2.5847346974394032 -0.27757232864940845 -0.027847384692700618
970 236 0.00039062500000000002 0.00069444444444444447 0.87086081396666648 1.9137698207633318 -0.60303339390739685 0.45123517882093944 -0.014535147048448244 -0.53211102434738367 0.68003121144069212 -0.52526958125202627 -0.062539468221126021 1.4827597956969636 0.17059800366484623 1.2482569984629497 0.087730064161308324 1.9478173707958342 1.914065069370162 -1.104999980674255 1.2 1.9541063400629979 2.1528914770632239 -0.38757183709536708
135 897 0.00039062500000000002 0.00069444444444444447 0.48912185969263228 1.6464081841823672 0.038000045371026747 -1.7927661520961693 -0.023455795976169397 -0.97400735770132485 1.5861985853118061 0.079283858388910833 0.089436060935417006 0.72367194797986834 -1.0004895539065752 -1.4526960372103068 0.013693007705953608 1.5363135765052593 -1.8835035500045447 1.6972370889217969 1.2 0.54600600411694178 -2.3206980229321372 2.1317887220566276
288 1002 0.00052083333333333333 0.00092592592592592596 0.87829153638248902 -1.3944504142754992 1.5557393473843395 1.5433592486974792 0.02242307123617486 1.2567343622657865 -1.8106131685519613 1.3567797183953094 0.064524080743274953 1.3668353876242629 -1.6010202050264657 0.55429557444192001 -0.013508142063042669 0.63638473193834244 -0.51165139874548959 -0.039645647438744991 1.2 1.5537978926484717 -1.3026140793416006 -1.6061909570283623
35 383 0.00078125000000000004 0.0013888888888888889 0.91611223746885173 -1.9107169007441969 0.33269934427622605 -1.8144234294087869 -0.067396344227900723 -1.1671658413035155 1.6431113542971079 1.2377889750011839 -0.071507868393437438 1.37572542253554 -0.0012798309443438072 -0.18529511212777061 -0.031243872711593332 0.61267364926089929 0.50248679023287535 -0.84391926340792844 1.2 3.0280757242508405 0.064378920053640445 0.49956252911415777
1552 401 0.00052083333333333333 0.00092592592592592596 0.37696348175213651 -1.5419412750720203 -1.1693274405394942 -0.58661275818250447 0.086646802617996982 0.5630670950016321 1.9764644780923315 0.98085672046480399 0.067824957926544277 1.6573519742695559 -0.21712541691427134 0.24945303627711857 -0.08396666066901598 0.51710653095676928 -0.65194217437145019 -0.68191858738530309 1.2 0.27002218043992932 -0.76544734109779122 -0.56354959237950009
1387 288 0.00052083333333333333 0.00092592592592592596 0.14958160947634194 0.62511924277203779 -0.38857094072105003 -0.85292595203825528 -0.021025800013230109 0.85469437327161524 1.3789075704673319 -0.84781465921868149 -0.0071708134587274985 -1.104852954064238 -1.9290349714466717 -1.0491938799082376 -0.066491243935223016 0.28784650870661554 0.24009137307732731 1.5698345436091472 1.2 0.67865912321166277 0.35734545741857915 0.54207609629086306
393 484 0.00078125000000000004 0.0013888888888888889 0.50601825214697049 -0.060790310058326913 0.16320896303832599 -1.2986585075972803 -0.076802797899519035 1.0158350931541715 -1.0131315543775945 0.065900171396072071 0.077172476429661158 -1.7032563748955654 -1.7342126842973182 0.71574301814062569 -0.04696148556405131 1.9678551983848176 1.6132169245742247 1.8115287862730778 1.2 0.6598774061292545 0.8677485292656153 2.2483579154238886
1689 1188 0.00039062500000000002 0.00069444444444444447 0.92189956945961027 1.6693263118771644 -1.5703023748246223 1.641264593669848 0.099534881740259817 1.2545707837352902 0.67700494408905154 0.78412694776622516 -0.018402169941777985 1.54842367197939 -1.6474836543437945 0.075447024693088061 -0.091670411196598342 0.18907801428228899 -1.471351397802255 -1.4224409027460738 1.2 1.150930066912746 -3.3925995860980649 -1.1541699605420976
1862 557 0.00039062500000000002 0.00069444444444444447 0.54696555712377171 -0.71931229561439336 -0.56217114798201484 1.8744315390748114 0.088277748196445849 1.5649728038776165 -1.6750523418997463 0.05962567450450873 0.0073526200423211785 1.1273341927866141 0.98842654040879641 1.3873493161832764 0.0056542271197490279 0.056862721795871263 0.31471532163519322 -0.07067044217831997 1.2 0.56175099467509593 0.17789724425365741 1.248775100734056
1375 617 0.00052083333333333333 0.00092592592592592596 0.64658884580814269 -0.75099144026917175 -1.8446438607978268 1.1960564750709128 -0.017296145088473852 0.9580233366961175 1.468751209154092 0.99041938895122383 0.0088483268233857382 1.1522944261001067 -0.51294434921701937 0.83727156028291638 0.0079562286419948836 -0.14430053657246056 0.49671836175867767 -0.17366102613211076 1.2 0.11553739537140538 -0.70555980432349996 0.62123138228641783
294 90 0.00078125000000000004 0.0013888888888888889 0.46316262907182831 1.3617191638614092 -0.95950214550727475 -0.23015257553835244 0.029114810275121999 -1.6160034614555401 0.44592372129333446 -0.84138337133885432 -0.022310352410026837 1.4924294407512497 -0.25709121218038655 0.66692251913675893 0.042231494355806781 0.32378547331068441 -0.93462370829610597 -1.8137374639206025 1.2 -0.78326908754264857 -0.17006749085381256 -1.693536560406848
934 251 0.00052083333333333333 0.00092592592592592596 0.096116107165190742 -1.6872382513973778 0.53631079822132621 -0.46154710890500539 -0.039181398309381145 0.7101835389397646 1.7763431523667315 -0.40287645768294444 0.07262483787859339 1.9214694157145611 -0.80764635439453381 0.30071559857244301 0.067097368426432102 -1.8207969107917537 -1.6931597365435898 1.2982941876279375 1.2 -0.97238441922099905 -0.67079514405278273 0.90205074220998038
192 601 0.00039062500000000002 0.00069444444444444447 0.29717124556545482 1.5668102757261164 -1.2857867618173433 1.1556107785214533 0.014949591315852356 0.3042001725620378 0.8322424469179559 -0.79097531348265493 0.039813492748198703 -0.53940339699537221 -1.6433203484772765 0.85304441731377523 -0.04053823742800864 -1.3874272711010969 -1.9450721352825955 0.29320855012029678 1.2 -2.3936554727494874 -1.0188063597363703 -0.47832807408789085
606 883 0.00039062500000000002 0.00069444444444444447 0.91349433584356987 1.4665322763124773 -1.3156030330271276 -0.29032686725188217 -0.086193482605763039 1.536415492693266 0.79706393875211523 -1.1621508940042231 0.0907013515895089 1.449457441300718 0.3204396284016533 1.0532286879206327 -0.010843540224013265 -0.96809460270383285 -0.25040214181723242 1.7754594752168842 1.2 -0.62934982499995307 0.45565368702271991 2.5964061784413701
210 597 0.00078125000000000004 0.0013888888888888889 0.21791959768956201 -0.68781783923920248 1.1522693747631223 -0.22922534101544256 0.043020992894047733 1.9555653211107322 0.19434300323875364 -0.5906466526940517 -0.009276404106372621 1.9095748522208442 -0.030182432687129168 -0.16539545354265028 -0.021005533768587908 -0.15093182673048844 -1.0629947052043094 0.62896588409471033 1.2 -0.48038843557937 -1.6808336391391889 0.96908440895337966
1795 958 0.00052083333333333333 0.00092592592592592596 0.64054450781534644 -0.24837616946073071 0.10107361538727044 1.2233730082784557 0.072956291955803526 -1.3941641526765531 0.19383808649705703 0.35366844685917087 -0.085070123475584181 -1.9605170994258097 0.75526209043884673 1.4101507223138574 0.076938189751480091 -1.310407635361198 -0.24436533519071624 -1.328162479690556 1.2 -1.2344134302923064 0.1284934600963934 0.26526719645282321
1899 406 0.00052083333333333333 0.00092592592592592596 0.73991990655114126 -0.76853271471732487 1.8246374609906697 0.15476052253153982 0.018755493804963622 0.092343592710478539 -1.701988062327322 0.64344338608340568 -0.0010059417656081565 -1.2426306525430224 0.76087861812472379 -0.0050842387018086299 0.010354668874886813 -1.2222363966297825 -1.5299147278825642 0.099856328256303417 1.2 -2.3421852180633391 0.3246773545904692 0.33172971523254663
1326 68 0.00052083333333333333 0.00092592592592592596 0.85188214615828772 1.0993170288288119 0.8578062610887649 0.19385873002040555 0.014096209966875189 -1.6843245493374464 0.84978274987049396 -0.75908415609693858 0.037220854824105365 -0.087495102740395847 -0.85827946648526554 -1.0226485737808391 -0.055425483349110995 0.17755112219983005 -1.9110763641109223 1.6026263252538726 1.2 -0.79616196499429459 -1.3209071015188725 0.11982124581278103
2181 1392 0.00039062500000000002 0.00069444444444444447 0.62475919635189148 1.8144897997433453 -1.048431969747007 1.8807350887954919 -0.0049918526423839565 1.5192546811865584 1.4021940207206325 0.50292268000062368 0.088320977208556056 -0.83971505805056568 -0.61529737961390429 -1.0853301973324547 -0.05904086757247054 0.32003326952704247 1.3222922981188034 1.1779508087220258 1.2 -0.32092826244584793 -1.0307419250469103 1.257755312810988
1606 70 0.00052083333333333333 0.00092592592592592596 0.78538841869400744 -0.36941248371341073 1.7167568160980307 0.3965116588130404 -0.092833736975321379 -1.7371406113957777 1.8057457915581483 -0.89401506295975297 0.01976226643647612 0.41831283695801691 -1.7007038737287674 1.214418294440311 0.082885311604043443 0.52844837536155342 1.6821162359315918 1.7034206724237015 1.2 -0.7396010934899977 2.518957050286319 1.760130882944434
1119 640 0.00052083333333333333 0.00092592592592592596 0.16598856912056606 1.8761131544592975 -1.2657681571276531 0.0073721646350866088 0.0088788353143612608 -0.0038285456777265026 0.086401565396832414 -0.70999550070341177 0.057329449984340669 1.6834580979041571 -1.6307680140651355 1.5490689095527217 -0.08959756823225816 -0.77166691985244418 -1.1421307997871168 0.14362060357745632 1.2 -0.15290934545842061 -1.3939582794367604 0.45420196304635357
1871 280 0.00052083333333333333 0.00092592592592592596 0.28436505580739779 1.5946810981166566 0.092153159947968355 0.093126516157564954 0.065779172239816552 -0.10599516662452224 0.97502864253865251 0.12105541795204733 0.052673557027239415 1.7796711996038783 -0.22647161125596416 0.84924628259343349 -0.076210201538448999 0.56597560423956939 1.1822924253291731 -0.24891053757405102 1.2 2.0023993472830335 1.3221299329201199 0.10992915148309436
362 76 0.00078125000000000004 0.0013888888888888889 0.0086773322063227395 1.2845093407740129 0.44027213066652315 0.66987541283587237 -0.065742263419574259 1.9070656490778886 1.6127579726931565 -1.1770283461977864 0.024865361842193748 0.97083132097276037 1.9377540408329099 -1.4129721383522611 -0.095933763472489261 1.9884436521212097 0.7088707576031763 1.2890609885984432 1.2 2.3585619086623604 1.4470446997703195 0.047653904675813021
885 533 0.00039062500000000002 0.00069444444444444447 0.04571824656784032 -0.91354003723273758 -0.26331771778000768 0.81680646842960369 0.063399773135837084 1.6874611724485731 1.8493119393355895 1.7927201442479035 0.084056803868884367 1.2445833458706166 0.47911852626099716 -1.252121900457897 0.075642604471399449 0.48214819920311625 1.0695856056463109 -0.28421280404224092 1.2 1.0431389807688929 1.3698934288476576 -0.10685621953850978
1505 370 0.00052083333333333333 0.00092592592592592596 0.54943013749191061 0.24270892351570517 0.32453866461820358 -0.43144821583340232 0.088756440053310959 -1.8037282836597792 1.4021985500238503 1.016567656819094 0.091371745620516975 0.65700180022988608 -0.73166727702550372 1.7592723343658294 0.061917207975866057 -1.6257129556939311 -1.5611334294685264 -1.97120148260379 1.2 -1.2892763885377696 -1.0193832870615709 -0.70874456409378928
2483 1166 0.00039062500000000002 0.00069444444444444447 0.26635931209244784 1.4636593769855777 0.65618774098979582 -0.83416729521882127 -0.045890900531605494 0.5077771304587646 1.0486156370464341 1.7720413020782146 -0.056853063355675464 0.62872204198916881 0.1316034059904867 1.0079178003140781 -0.019507848155563126 0.019604336322169846 -1.3777763020343263 -0.94726581984019376 1.2 1.0517715710428244 -1.1593437419192574 -2.1585601511438717
1184 89 0.00052083333333333333 0.00092592592592592596 0.87957616488178281 -1.4329785257179273 -0.7777205135364289 -1.3377023435577571 -0.022184748957376502 -1.1068356555265773 -1.177347957163053 -1.3777512176783362 -0.078859441740437117 1.04444885007775 -1.4599894817321091 -0.26885506434904238 -0.02933028463935676 -0.33305234672978212 -1.3976902426163957 -1.2610803699718929 1.2 -0.60991746106625011 -3.4860978715981465 -2.6828516574120127
1687 807 0.00052083333333333333 0.00092592592592592596 0.78465385236275365 -0.39839321298021479 0.25253398929852455 -0.22855030744154048 0.097195177238821512 1.4101983662435882 -0.87151147119706662 1.5008875396307491 0.053051132348501812 -0.99762947531132351 -0.85097406753329397 1.581101338424324 0.0071227952513593235 -1.6899190851295973 0.65993830638716977 1.1821386319372285 1.2 -2.7719781473813474 0.49108534743889359 1.2019990698804019
1101 577 0.00078125000000000004 0.0013888888888888889 0.49136609488997818 0.8008738460423559 -1.2021631663020211 1.3808756029706637 0.063724533016630475 -1.0180174874959258 0.1698870288619676 -0.50325178385032121 0.060725813425998199 -0.8773564210269762 1.7850610244021272 -0.60057865979036729 0.085368991910401232 0.20119513321022886 -0.052340449916006282 -0.38414130800258217 1.2 0.76937450751860181 -0.11567552900899372 0.49595454221908986
1220 666 0.00078125000000000004 0.0013888888888888889 0.74274708719009808 0.5393242823847153 -1.2972588230441202 1.2698454452249348 -0.093912059610091747 -1.5909133685793466 -1.2122860339640464 -1.2189931764456183 0.056437659637083443 1.7650197367422562 -1.5514494494981346 -0.77398722708890944 0.018295953144979921 1.0988001709221291 1.5457339006523383 -1.0235911590841269 1.2 3.9370602858531942 0.23036065693311672 0.5471880579864945
776 754 0.00052083333333333333 0.00092592592592592596 0.606264805214622 1.7573243396315714 0.011357606446483093 0.84631497408808443 -0.088071681854413345 1.7293814180643099 -0.77771527685100761 1.874554131235465 0.048701525050183436 1.917370589759563 -1.7352843002389822 1.3402811391408447 -0.04932173958035211 1.889811150400905 -0.26325454222494349 -1.2675732459032001 1.2 1.7381070558142837 -0.86378262210955148 -1.165987545308687
1298 1109 0.00039062500000000002 0.00069444444444444447 0.36317564746929287 1.2791831050589888 0.40643960369509458 -0.77059086269649235 -0.053512237945552647 0.10467721935595264 -1.1791676531968669 1.3652240414123007 -0.021603799670065538 0.53099668497947361 1.1685833441718576 0.54276099317760007 0.084554268416860839 -0.74806127283041945 -1.7477517972772598 -1.0184382525357756 1.2 -0.47788749868491609 -0.5473321892541172 -1.2652858939601483
261 955 0.00039062500000000002 0.00069444444444444447 0.16374846920512565 -0.91752844786807097 -0.65566193921870042 0.53140880981485639 -0.0023025335235769689 1.8399597196081579 -0.14173076602087376 1.7188663441284358 0.028239248477646167 -1.5024303216189723 0.32074042213761045 1.8594625091092976 -0.082092286989015162 1.0100366699599288 -1.0257853747853756 -0.60772924878048062 1.2 0.7567093115264939 -0.34363189163362495 -1.092564941638827
1072 857 0.00052083333333333333 0.00092592592592592596 0.40913563660895846 -0.42855323754013819 1.1189069656498671 -1.1680576650469252 0.099756037737834924 1.3650930201218903 -0.20429431544416721 -1.0647617047242868 0.011221107538779362 1.6985774862108225 -1.3730564721972911 0.2277017138116566 0.064370839073003089 1.6061200430210918 1.1328170095455583 1.3534222060754009 1.2 1.1760511088897547 0.66775274683506014 1.5719475740557163
99 277 0.00078125000000000004 0.0013888888888888889 0.034326433398832824 1.8026006792682621 0.42330622055894018 -1.4548080887082846 -0.043748549107014451 0.33306187978549673 -1.9592885625192809 1.2978705679267066 0.070630680497210413 1.7236804431750805 -1.0244968493096986 0.81195787886575355 0.049710006273337021 0.88994367489341508 1.8935793085249255 1.1928941700229441 1.2 -0.39599838461448772 0.83828486167569205 2.1889852644305066
655 316 0.00078125000000000004 0.0013888888888888889 0.2348970604811238 0.060965529120011741 1.6440125260805249 0.051615141320523694 0.018774123178256219 -1.872021832847405 0.27336115760514135 0.075307255532330863 -0.04782045648485294 0.053343173946318601 -1.751062314093081 -1.6753776439917911 -0.051348485988826513 -0.27545056629701881 -0.59965506550240777 -1.4659473772523315 1.2 -0.41234605910847866 -0.79326540611294805 -1.5636021327886764
815 1021 0.00052083333333333333 0.00092592592592592596 0.58702303171924597 1.7673197368352969 -0.35551920337531318 -1.3511185344646472 -0.083908437050452811 1.8859067368345381 0.35006226420656317 -1.1241931718641904 -0.0078486604400664073 -1.0108367401503204 -0.2247756082893102 0.40951732005419617 0.036934493704215532 0.41824865858737503 0.74764615900669407 0.42000190383563041 1.2 -1.710092419299148 0.28765736591923663 1.503391929949526
1519 558 0.00052083333333333333 0.00092592592592592596 0.27434205481269119 1.8811978953963679 0.23710543447193277 -1.3501106473225963 0.045743920489611012 1.6618363634643591 0.07770377292810382 1.2137545329368842 0.056751407699785233 0.88515318172807733 1.8138510788922475 -0.19996207282333245 -0.041659510440558649 0.76357360579579225 1.1181424961389785 0.54999293742009847 1.2 1.6862134539078022 1.4434212127220931 -0.27471553360716028
208 689 0.00078125000000000004 0.0013888888888888889 0.41699291211123757 1.3224092566851868 0.95124450141919237 -1.8093435401240723 0.0027470318189634357 1.0642818705827994 -1.8624218451620309 1.4386307274935635 -0.068545021929623251 -1.9445582865070792 0.0081213313482462191 -0.89477021853278416 -0.019340596905898108 -1.855426117860993 0.9269109252562111 -1.240590663465861 1.2 -3.6174367535941925 1.5912762642029521 -1.3653644443989952
2210 896 0.00039062500000000002 0.00069444444444444447 0.90562387541562028 0.55995038067273262 -1.8832909287085609 0.56755237276541548 0.075275242042754931 1.1486975933630883 1.486071935034345 -1.3877747997643475 -0.070712934946322456 0.77311081270734849 1.9182532806031483 -0.90515250571038264 0.043758319711395322 -0.51676795564342282 0.026032925305291332 -0.58027589776083355 1.2 0.23545818271264665 0.022787982331069115 -0.49342811051088781
2272 467 0.00039062500000000002 0.00069444444444444447 0.85948447089060342 1.7741190450397317 1.1158046679298073 -1.1538444556628242 -0.028331529574366229 -1.5423375404142052 0.23192174237830931 0.29997380849592803 0.05253663305247297 -1.8215191858375146 1.5155801179418407 -0.0335612246092305 -0.047957464672384223 -1.9865555939187467 -1.2713710831144187 -0.50311888535484117 1.2 -2.3522234416353558 0.84637535374595274 -1.1438731344091899
33 933 0.00052083333333333333 0.00092592592592592596 0.09091984519769522 1.6443818731259476 -0.93896704767230421 -1.6127677507096134 -0.012937534824682892 -1.8522253530118911 1.0299064272088327 0.0034559621756500292 -0.040389477618010219 0.97234474325041909 1.297701692052716 -1.0954519750934719 0.057868462355089689 -1.8175925390015113 0.54909593880591689 0.98075912363310591 1.2 -1.5767285706934362 0.65971835577202886 1.9525108093218353
335 1102 0.00039062500000000002 0.00069444444444444447 0.62058915572778239 1.3252491139672338 0.066609871996376135 1.9945716680287982 0.064019524378381848 -0.32930957067052624 -0.1460910725791229 -0.029394230142515188 0.094502672763606549 -0.27557993969302341 1.6007769005927104 1.8263934220493487 0.0024817855763986374 -1.5235405294299804 -0.60983691153485164 -1.3017251015544065 1.2 -2.2620362244023595 0.37319931852652999 -1.4712895253364791
1985 119 0.00039062500000000002 0.00069444444444444447 0.91086991111479432 -1.4719467824710439 0.18984844659445432 1.3965380219037025 0.022721453052368279 1.3581540425618028 0.64533303446415813 0.94792608944806256 -0.065432949867797546 1.9936608201596373 1.9386554626129024 -0.18922300120069036 0.076738883647706618 -0.48954298084054848 0.53379228569570358 0.65867117794698249 1.2 1.3420740713153652 2.3964823151101253 1.6668512950141905
644 1423 0.00039062500000000002 0.00069444444444444447 0.9344480321431915 -1.2621532702813938 0.098561090905841642 1.3836731638366371 0.0012189455860116827 1.0949927238028847 0.11373640705202437 -0.69789655574309162 -0.08908280118073271 -1.7109214611411288 1.8080816567209821 1.8558047036789769 0.044289677278615408 -1.0641610163050412 1.3720586051724326 1.0314648085311107 1.2 -2.3393095769489221 2.1851963543085202 2.0790043676191448
577 570 0.00078125000000000004 0.0013888888888888889 0.65661590481411991 0.70313825046241307 -0.30519133932494213 0.98739806734414515 0.099738775152442116 0.69282215038679462 1.9361166308005968 1.0689450981888839 -0.074474299590646179 1.7781745103195163 -0.74896061579533235 -1.417727814562729 -0.080964831474428622 -0.15994153076285178 -1.0640348776385662 -0.77358928624775691 1.2 0.45217850781776059 -2.2513994111121898 -2.0547715795710042
2346 192 0.00039062500000000002 0.00069444444444444447 0.96190295019528171 1.4744400631362384 0.93639293567116511 -1.6323891640220967 -0.059180769853513816 -1.4779033236627206 0.9166630825642903 1.2785949369221097 -0.078694478608001828 1.1142723741761098 -1.512394507788017 1.4988675736173844 0.052220849599720343 -1.0543728888652324 1.8213698335638879 -0.76436610551172945 1.2 0.14273795433797154 1.5905133237995608 0.22220148318504643
231 611 0.00078125000000000004 0.0013888888888888889 0.624339066123203 -1.8166925271202037 0.73337848834095265 -0.07903331128365787 0.033193848233479428 -0.47758987244769235 0.66633510329324697 0.68044658950378611 -0.023942636147077728 0.96315566894442872 1.3675544300373961 1.7107460667102914 0.081396477720729304 -0.73838018136376959 0.53787562713882675 0.9589984968178622 1.2 1.0881025076378428 0.36753663390608443 1.2854743850821242
1123 346 0.00052083333333333333 0.00092592592592592596 0.45024279242809018 -1.7230447249972891 1.574180902547393 -1.2966113506696062 -0.05010036766722166 -1.2943327168343277 -1.7665760633750667 1.7851062942011211 -0.081426402727377875 1.8270956596934798 -1.2625996760452156 -0.37716440500762838 0.041600285798640779 0.80862375866399949 0.76498884476884399 1.9434876317469234 1.2 0.74003997336649674 -0.14259538707930744 1.8564516881854842
756 155 0.00078125000000000004 0.0013888888888888889 0.67665977481454853 0.23143334415157968 1.2060841146166448 -1.7559569133221622 -0.06638939149090986 -1.706700556916434 0.17566529240977191 -1.2214571309685844 -0.097981607082588518 -1.1237578207216186 1.1485118550023246 0.070887401239817738 -0.017515026979834647 -0.92538691476780555 -1.420976574157796 -1.4579488675312073 1.2 -2.3323376698702663 -0.28962058027300225 -2.163037625690579
710 163 0.00078125000000000004 0.0013888888888888889 0.25328533193620695 0.92701292460625195 1.1953187882570222 1.108627603652268 -0.061960165889207747 1.8891646937883335 -0.25519614035289928 0.2181953159005463 -0.093808990157713878 0.26149648850125118 -0.85142929250630317 -0.34876435451670718 0.064543544604998726 1.1620677873163063 0.28895656756706556 -1.8629182126545918 1.2 2.038805578763724 0.056702270169932768 -1.4763076680636436
2229 540 0.00039062500000000002 0.00069444444444444447 0.028467589118666078 1.9185892347397182 -0.70335817847105009 -1.4553548646468988 0.034385338107769226 0.7325281743028369 1.8429285168757001 -0.20013904704364727 0.063453807442013094 -0.88271726543461781 -0.50793830440639942 1.3072708021906077 0.033402293905816782 -0.84765693794410257 -0.23936804572504888 0.20062738426932381 1.2 0.59007850130174733 -0.25447171068641244 -0.71773935027675062
316 69 0.00078125000000000004 0.0013888888888888889 0.03045928129472163 1.9782466569777748 -0.50232966184555572 1.6863202080750561 -0.040908666397917862 -0.63744544973894746 0.087875351282006964 0.34889607773501208 -0.079372738340250854 1.8254839319230669 -0.22882428388857567 1.8360963706286246 0.042931153748282297 -0.10952871065613801 1.3920681495292198 -1.4853719129205234 1.2 -1.354349709813784 1.4766967560697248 -1.7274595575054814
537 1236 0.00039062500000000002 0.00069444444444444447 0.19007830239927259 -0.26744537520969036 1.567988373792347 -0.89859771040486436 0.03528615272416849 -0.6558251981459331 1.6197412412509591 -0.37396201182325406 -0.047758871195969069 1.4288222127445365 1.0898988165985273 0.38782576846390659 0.0059806319475812914 -1.4786235830418257 -0.81532867208921633 -1.2915741060385288 1.2 -0.47857369062297728 -2.2056095187490503 -0.3525591763333536
563 461 0.00039062500000000002 0.00069444444444444447 0.58280673295213814 1.7932070059522305 1.515055069333104 1.22087779175004 -0.0061509353969046582 -1.3953975859758363 -1.9687423918429143 -0.28694253058908226 -0.0087959646280718617 -1.5497953695940714 0.71854298921735316 -0.2705695067472087 -0.020825428703245691 -1.0256347778886314 -0.93114320349125679 1.8085352633254037 1.2 -2.8898995889786803 -1.7399184804408487 0.72753550600038985
417 1083 0.00039062500000000002 0.00069444444444444447 0.14611158128870225 1.4062521076135019 -0.49590275778948012 1.5905987838146061 0.076005028512235451 0.49142362012496665 0.44617918511611299 -1.3689680074660071 -0.072876269459003079 0.93892539394527974 0.45438579519348465 1.6948794501301703 -0.0085294795974076576 0.14377020720233968 0.16215474951654585 -1.1994701018155087 1.2 -0.77234673994886383 0.28492055962755958 -1.125090162822721
93 226 0.00078125000000000004 0.0013888888888888889 0.5974982147648531 -1.3586287695375563 -1.0121371386198619 -0.32628372420593621 -0.061487278472333554 0.64634459712918924 -0.73495420719489024 -1.2193966283034081 0.077045412534895247 0.6593129610272972 0.51122038088316701 -0.35769440668932928 0.054915627840724512 1.3440126495016824 -0.27271846806223721 0.039453761227087103 1.2 2.3881641318529909 0.47527628473917988 -0.26474507754266718
1135 540 0.00052083333333333333 0.00092592592592592596 0.15499697093494993 -0.81072563119859264 1.7130782259867088 -1.6719533516232943 0.099045688772926632 1.0927028826572007 -0.60117488542329811 0.65268644219513927 0.036862115502545506 -1.2783379480507833 1.3509269824996006 -1.8281331026893888 0.087671752626583749 0.73918812528304878 1.5278825478051665 -1.5888786205094347 1.2 0.31812886049803796 1.6652309668916587 -1.7687424667131417
46 1052 0.00052083333333333333 0.00092592592592592596 0.63661490674508792 1.0133868010487261 1.6727089289779231 0.10217157005222255 -0.02752074283035362 1.0141003128139578 0.63799613816958312 -1.7699517610801951 -0.0072056572976075539 -0.92576356937132953 0.70213501703870129 1.5938837145163087 0.094271523353099879 1.9843236059203888 1.6733646374144842 -1.2009752315027566 1.2 -0.41126959502384181 -0.059424584812347539 1.0798633014894834
2320 960 0.00039062500000000002 0.00069444444444444447 0.07451056371919354 -0.11552790225210652 -1.9063940295493547 0.74542382181470179 0.084061406475800154 -0.49536130406903922 0.45118435041222549 -1.6959421100586671 -0.085249130467770814 1.6978764812246094 1.7678084609312847 -0.59526199709123384 -0.087252154447442082 0.73470314676691473 0.89548184385346108 1.8759681472966987 1.2 0.72290214298252076 -0.52173292038340247 2.3281702873932471
1131 659 0.00078125000000000004 0.0013888888888888889 0.3355237507085409 0.51590875708403372 -1.3317999775898186 -0.077101833209921367 0.013662560516501693 0.84789548817547677 -1.7297911562215615 -0.856023443071249 -0.06393043380201105 -1.2240668878704533 0.96595659561114999 0.17499470309786069 -0.021317035715762642 1.5747136007761973 -0.45907782339920411 1.9498441786000638 1.2 0.68029593510021114 0.22389731439733673 2.1181494853213101
133 29 0.00078125000000000004 0.0013888888888888889 0.92740483497192172 -1.020645201650896 -0.11678849570724648 -0.23162213907952678 0.069708206803468731 -0.61357875980231791 -1.5575687223069017 1.1784873555799682 0.025489708284237578 -1.3355766653231034 1.373041611321661 0.14863746357742658 -0.02984870728372134 1.0477144888489538 1.4226591236396979 -0.47269860130775987 1.2 0.046942052702510971 1.1911052974585445 0.81572158184156696
843 505 0.00039062500000000002 0.00069444444444444447 0.44532928416976125 -1.4811451333112386 -1.4301448191805486 -0.38697012416938126 0.052331236504073897 0.063992858213024917 0.9292127112128008 -1.5647850712222819 -0.088175742292748327 1.7551422430297103 1.981102759106113 -1.1685702506060891 -0.071862072140281799 -0.81466698530410175 -1.3074187249782647 1.672184299664651 1.2 0.43697383064921469 0.30194784952056669 0.72745393360354127
1511 698 0.00039062500000000002 0.00069444444444444447 0.6938611237305633 -1.1394764073954819 -0.51969737805599969 -1.9219543396259477 -0.020623332871798253 -1.4762135396435503 -1.9166313472931606 -0.28203166536765689 0.079018948809257639 -0.54145733103026039 0.73216700402943458 -0.2890137738751557 0.044871612039545289 0.44019885949380733 1.5740982431463437 0.13511655058511707 1.2 -0.15097502373388347 1.5701346343919129 -0.34270314885507303
1862 476 0.00052083333333333333 0.00092592592592592596 0.075170255006905953 -1.9552410602006605 0.31351816879334171 -1.4356512477526775 -0.066517195609977514 1.8180873303044143 1.1307833832609111 1.1105958568212499 0.093571933562590998 -0.49569009693132005 1.2272984515892191 -0.61674240922143442 0.096348596973152484 -0.05753096945625602 -1.5093437071188367 0.090352683660419153 1.2 -1.4875051590231034 -0.85607415968946698 -1.0167507461996586
596 363 0.00052083333333333333 0.00092592592592592596 0.67893509061661894 -1.8900709415742463 1.8308675836158379 -1.4873900412538892 0.0403529501112318 -0.24483832426146579 0.54905575536324047 -1.4710290579583907 0.011285732287690101 -0.77918547110247971 0.87388590479626993 0.93393080696507802 0.065226312774290085 -0.16670869625332552 -0.12662104325399914 -0.45117392258385802 1.2 -0.048741570377219219 -0.038208784624111598 0.21521156504633332
394 62 0.00039062500000000002 0.00069444444444444447 0.72330288085753813 0.56051364024876582 -1.8776295419475844 0.15095952068524277 -0.036822839296212106 0.39518051191387471 -1.9150076092337591 1.733909348937714 0.044992553860355777 -0.33467731580520033 0.090654331812590527 -1.0326568550542596 -0.027076603271370625 0.62881224522640267 -1.9791462292412225 0.56456566033060485 1.2 0.2885814627588818 -1.8953141039565549 1.0397992746531597
847 87 0.00052083333333333333 0.00092592592592592596 0.70698257288057709 -1.8315005614115374 -0.91917382309454743 0.22025338943521078 -0.078153413229071045 -1.8956777418546906 -0.50170531977411725 -0.94619805210490204 0.070389674074287201 1.1855316558475084 -1.5438252604427576 0.64024771376514567 0.026329952463985118 -0.41470381633791531 -0.44865794616566612 0.92416901554155961 1.2 -0.73862593724279757 -1.4399065058011253 0.43374387531594671
508 934 0.00052083333333333333 0.00092592592592592596 0.38075434317438567 0.21644604205579832 1.5745440499020855 -0.89911516000897462 -0.081832073353422005 1.9813767406215712 0.11096891881969917 -1.5644504867058 -0.043622996285796314 -0.64727491243551372 -0.6403573381741885 1.1304269039651649 0.017497125243885053 0.45788118880557915 -0.20099164754783461 0.43068097558800522 1.2 -1.0476554323973424 -0.99169112437703821 1.9004269699384764
624 764 0.00052083333333333333 0.00092592592592592596 0.37352653025540927 -1.8743582019011149 0.30783384639231226 -1.561460587329826 -0.037858318781859017 -1.0619900583495201 0.025201982269090095 -0.20482549573876119 0.091631657267138011 0.71680124359495334 0.086717756636272014 1.1371616087172303 -0.012705871236655897 1.3441351692380437 -0.66447512721428925 1.5768503508501577 1.2 2.3141361591993506 -0.64093416999926034 2.2492188948945433
1543 842 0.00052083333333333333 0.00092592592592592596 0.74043724941561384 -1.433259814958423 -0.72139025841062132 0.64676345629122212 -0.034048249454633542 1.7390002341473068 -0.3817928138374147 0.045698198935589573 0.0095237102692509179 -1.1179850096310706 0.12941268179429288 -0.85673407840907601 0.00049118838582358493 1.6640967671991027 0.45439186726651615 -1.4601254869912967 1.2 -0.8592245770601914 0.27727936171399875 -1.4705971995414426
1314 1188 0.00039062500000000002 0.00069444444444444447 0.66857015985554957 1.6485947787732469 0.99236620482033056 1.4261274615443176 0.064329959888013794 -1.2696075530450739 0.12145501997049291 0.59790962640594225 0.035617511434264809 -0.1342250633874853 -0.69710914028613979 1.644144439576634 0.086073560232632684 -1.7149706677476648 1.5644179531575313 1.1697348889505728 1.2 -0.75571973266835024 0.84626281883148291 1.5519268070894308
2545 1346 0.00039062500000000002 0.00069444444444444447 0.1366262375806884 -0.43772356019025738 -0.64294383820531698 1.78189749273968 -0.036101992502050526 0.75168222346526603 1.1287837276411845 -1.8383196288252321 -0.0088091932085227337 0.42182697897435473 -1.120742071561537 -0.99935470550838801 0.012353664127645894 0.69040446718706994 -0.69416980569359055 -1.0738300843708743 1.2 -0.28866605179175941 -2.1003967251279749 1.8326748110243791
561 133 0.00078125000000000004 0.0013888888888888889 0.51870167437227344 -1.9095118266535569 -0.64493565778771123 0.59557966838268595 0.013100774693158929 -0.18928496055207011 1.1187082496895804 0.56315771625837696 0.019791307210501527 0.54741952588981091 -0.95604874760743419 0.5226782403050465 0.021034366714878169 -1.8924852579280023 -1.8076463962826725 -1.2159606873162709 1.2 -1.2223524398574677 -1.2445950958832028 -0.54313486272121092
467 1065 0.00052083333333333333 0.00092592592592592596 0.62733025396549547 0.64808353507886807 -1.2138189740617928 -1.3587347491396748 0.089124428482895396 0.53894233091348864 -1.5511455059491994 -1.6096974300057116 0.083353800311387921 -1.349739169112405 -1.1074705578154203 -0.54044122213262069 0.025375300749719776 1.1424284728396881 -0.61877310379522976 -0.098190136620555091 1.2 -0.5153474664073413 0.75172218823180015 1.6769267225152957
2499 634 0.00039062500000000002 0.00069444444444444447 0.27125321186678214 0.051331899023975947 0.017862356814384306 1.6619124647188861 -0.081051703078720339 -0.65212248519379878 -1.0895967911212376 -1.52514374842844 0.0093573712543028875 -0.92918918842576703 0.95656789106899343 -0.75818860229585505 0.051328347722677997 -1.1229478654657474 -1.901317210636952 1.7902383898562717 1.2 -1.2335302685390419 -1.5417436632585115 2.6250592129297545
1350 840 0.00052083333333333333 0.00092592592592592596 0.73678438338394692 0.82944809779174555 1.7891976170551303 0.83203124383537963 0.041805344153007767 -0.87609729885169774 1.0829530048037048 -0.73407705068139251 -0.033252440178502291 -0.79409136557612081 1.3171440865485242 -1.9143219921978853 -0.053572779567648013 -1.9882505262898871 0.17869452013351594 -0.86159100050432036 1.2 -1.4618243433583411 1.0654309095071481 -1.2751160536289767
2061 345 0.00039062500000000002 0.00069444444444444447 0.44168668440824277 -0.70604917682429003 -0.2091765003342787 1.9245635908832202 -0.045898241252549224 0.55613453129656554 -0.96903715476872687 -1.6242737214582288 -0.038190877114438117 0.66579638600604163 1.7162897581895096 -1.7070631582055524 0.079437447785168591 -1.1433833225022729 0.94267977970126804 1.7977254099088555 1.2 -0.83483809381743745 0.90043561160240715 1.1572843691964227
419 134 0.00078125000000000004 0.0013888888888888889 0.13689303827277022 0.69038077339490611 -1.2445336027399048 1.0459478266283475 0.026287230408187978 1.4345318388351473 -0.42066763766012993 0.27534283139455962 0.045580031411144584 -1.2647941809143033 0.37098769488972305 -1.0256050940208712 0.064553061110559556 0.49288310628172072 -1.8564191290534207 -1.2563217282093162 1.2 0.79820399196362679 -1.335433545826038 -1.2900513411218821
783 169 0.00052083333333333333 0.00092592592592592596 0.13099657089083622 1.0254444048026325 -0.46090910513583205 -0.96565419491192062 -0.098295477527484743 -0.14826982173995029 1.1219431970214906 -0.069603598931245347 -0.073990359472099893 1.0119198365365691 0.72282367768266953 0.11292770902666449 -0.07909275379901369 -1.3232250480689767 1.4910642232086926 1.7017355938915735 1.2 -1.2800332940919221 2.1092344476256404 1.5958508054960223
129 60 0.00039062500000000002 0.00069444444444444447 0.52875515046754995 -0.67767881753516868 -0.62978204581630237 0.92526034535233137 0.0074566916479937434 -1.6019441860292374 -0.4472700814956001 1.8153813727386736 0.042952285554350905 -1.5949497700629665 -0.26513072614234412 -0.22812298190942126 0.028284312138465051 -1.7850308331060281 -1.4369687614651365 1.2212890862464101 1.2 -2.7946446748567642 -1.1388132223986669 1.54846306119452
486 929 0.00052083333333333333 0.00092592592592592596 0.71709053910042586 -0.045437323454776468 -1.7381103832892593 0.70274199233943957 0.093850326693225294 1.6265888792721976 -0.40893818756658451 -1.7483507376116512 0.095378829068631321 -1.9475281465300922 -1.864665399036133 -1.7248097650799448 -0.060983763483317757 0.89518921400148832 0.28867490079685298 -1.7580336554726754 1.2 -1.5868548628541104 0.099687874305790389 -1.9981236191807707
851 121 0.00052083333333333333 0.00092592592592592596 0.74144934385747374 -1.1331644703095907 0.21404808166905331 0.68376753930401479 0.00032040055401541534 0.42450156506412773 1.4092013080085306 1.950792037142997 -0.098217288128894145 -0.082152776964225627 0.96675616796919517 -1.2497194399256424 0.079126163505959801 -0.93950113392139345 1.6633008117721046 -1.9945305641907702 1.2 -0.45949021485425712 2.9158575003647962 -1.2571107704118067
1782 635 0.00052083333333333333 0.00092592592592592596 0.038579799683199127 -0.087183923555620435 -0.78778416251879069 -0.79901574229612882 -0.056817353617647663 -0.93509340441596267 -1.2099166581803673 1.2329862795837032 0.027696236195141444 0.77362602706399253 0.49084899625383072 -1.5844886504591424 0.012291564380352435 -0.34984344147396085 1.1594038653621279 -1.1044534052759949 1.2 -0.1999489248892011 0.62548464653483593 -1.803311568726778
820 926 0.00039062500000000002 0.00069444444444444447 0.86092555160109363 -1.8615228338691066 -0.25271805816667614 0.76447215329509799 -0.034226932384188433 -0.7161084519421328 0.85881120183261261 1.5311502061339173 0.033128584613202894 1.8779847588322429 -1.4892668980808224 1.7454705268519461 0.086220783235101239 0.87307246221533541 0.98128740995971464 0.48106637384842044 1.2 2.6338912482730259 -0.3574354669605575 0.99467152689658767
1632 349 0.00052083333333333333 0.00092592592592592596 0.10393817978103588 -0.054558269074404642 1.8196457233075898 -0.079462767199516726 -0.0034362244410836851 0.62057750565722447 1.9030883568999357 0.36092030091990424 0.084365034404439793 0.32037534488673902 0.32055188933073264 1.3864437591958696 -0.06519792549910805 1.9159965204849985 -0.11757451441847433 1.439628477759971 1.2 1.7450763379930225 1.5253506631869707 1.356235899533184
1533 504 0.00039062500000000002 0.00069444444444444447 0.15160584198039637 -1.4175040648402257 -1.7872669050574168 -1.9267303067405974 0.018548367881903255 -0.2631737719772671 -1.0427516592577741 0.74428668920108665 0.099741733692388396 1.4105223721282445 1.763802211070943 0.013589558208241481 -0.062655744014963433 1.93083851085483 0.67145899025053657 0.90778365932604421 1.2 1.458447618983022 0.22286890572162263 0.61357281824899579
1458 458 0.00039062500000000002 0.00069444444444444447 0.80466077057541641 0.99563234610648488 -1.1681635883891444 -1.0074533518072308 -0.059450096010695355 0.64146913169817266 1.0997413467008781 0.097179431903051228 0.085950173559997872 -1.9885296891988182 0.20052591816839183 0.11553234126698131 0.044811325798130491 -0.74428958154355795 0.98485999687275472 1.2128275689942876 1.2 -1.5667866186201447 1.0982913027613681 0.95362163884387618
334 278 0.00078125000000000004 0.0013888888888888889 0.27051620688078581 -0.062171186959795399 -0.064373675092043836 -0.66760134437253615 -0.056761608051610679 -1.5646105772480867 -1.2391660434527481 0.27475088325983021 0.039945593573548405 -0.7293044421210868 -1.4208762169866653 0.43353350017403613 -0.0098347404815906786 1.7613533894907447 0.61691738575563138 0.31858708073009456 1.2 1.0049078434356191 -0.013991102422266618 0.66214482366283522
1191 210 0.00052083333333333333 0.00092592592592592596 0.95959907080155826 0.92964914856054115 -0.51503602672060866 0.70048317189398901 0.097322919367349686 -1.1480593476769219 0.75772337716337734 0.18678301085984339 0.097612334818807017 0.028934391115279734 0.23558948640203292 -1.4198657317895784 0.098208072374925376 -0.85715743119237153 0.31106940874700539 -0.92944315272857159 1.2 -0.94806309789018317 0.63552754205319195 -1.4587210337442882
1368 378 0.00039062500000000002 0.00069444444444444447 0.094933165627319391 1.5797289381909767 1.429289505582545 0.44162924331722619 0.084083189354511145 1.7107263072903982 -0.12093216546014496 -0.0016635898072721034 0.073462489890273125 1.0498380518565744 0.024313741839996794 -0.23519306129809925 0.047208999645648064 1.1516503648010041 0.45541171928060376 -1.4227525324972849 1.2 1.7443396860100264 0.40090552072689417 -1.1366881614135524
1450 748 0.00052083333333333333 0.00092592592592592596 0.54570947129129199 -0.26355781752782947 -0.75275109571923915 1.3140455340320858 0.050615858860998814 -0.49704496211275728 -1.8622222255204046 0.11900012153049344 -0.016306814834979505 1.094485948731069 1.555367954574514 -0.70969836810140308 0.087541876823105935 0.07403527124678444 0.61901686414931101 -1.859826920384426 1.2 0.56921824474484084 1.4080547502627241 -1.2669973353677302
804 706 0.00052083333333333333 0.00092592592592592596 0.33585056007156194 -1.4220104169565038 1.8169352012637723 0.81116520160017958 -0.046229137083770633 -1.8590242360286844 -0.0047855607279876367 -0.80743411129432152 -0.050141050689837874 -1.0162248833947447 0.46909471024485194 1.5816593943462718 -0.077098872973351967 1.6878262243953586 -1.6006967452862417 0.049223791182513743 1.2 1.7961266791573756 -1.4502104621315497 0.58309116695833751
319 1362 0.00039062500000000002 0.00069444444444444447 0.010972415841312016 1.320618075186955 1.0778322192768388 1.5078317886906114 -0.065339142614974421 -1.6030561903122735 -0.0037077746174718484 -0.24350775873700847 0.083129253080061416 1.5610543037091342 1.0783156447839697 -1.6311141849355035 0.048185446991513559 1.301949297581686 -1.6126005919064514 -1.5015337254729064 1.2 1.4962033446900553 -2.0472195844705823 -2.0704815533952265
992 683 0.00078125000000000004 0.0013888888888888889 0.38605280811831288 0.4093826962675835 0.33267576418567746 1.5627358381685115 0.049495721145588228 -0.90782499070695533 0.48915512642579273 -0.2564126866590648 -0.044217707438484945 0.73482494570602341 -1.619243731550251 -1.9460451021280205 0.031872744705662148 -0.7243416685500268 -0.9940534913421164 1.8056236015265479 1.2 0.46947652133294915 -1.4660323235518193 1.6770793717610837
466 12 0.00078125000000000004 0.0013888888888888889 0.29443925450192915 1.9083093989693634 1.148669829393516 1.6778253383246664 0.087032650632116376 0.63935148965672406 1.9824434771514157 0.1651120312020411 0.06124422698735113 -0.70129810201567855 -1.1454096306734121 -1.2831586783837396 -0.013414471914900902 -1.2031145691406246 -1.9452576228804443 1.6475976469207887 1.2 -1.0635035271086148 -0.55238239280110402 0.79111480444495708
1088 515 0.00078125000000000004 0.0013888888888888889 0.85647538656626998 -1.9808364221174846 -1.9026824948721033 -0.94593328282397371 -0.032621666372327329 0.13881675608179744 0.052576068202684567 0.33918048388322664 0.011234194538349979 -1.2733740620305354 0.65520794346540212 1.5645361358336975 0.072731485694185055 0.29370394854314075 0.51788569356737302 -0.19846620943688675 1.2 -1.8184359082689576 -0.22438326679934056 0.26901551575332111
2056 1103 0.00039062500000000002 0.00069444444444444447 0.36033082730480814 1.4994209932198399 -1.8429063846148162 1.457025627234672 0.0275629378709287 1.711327663422062 0.48518398226681958 -1.4342757593825937 -0.02684316437731403 0.038965617374906447 0.85438549051161106 -0.0042425196355986294 -0.096452701730020296 -1.1078604468973317 0.57951114854123054 -1.8441128293919364 1.2 -0.91596023119334014 -0.40880383474857979 -0.16534779723613838
1527 295 0.00039062500000000002 0.00069444444444444447 0.81753231509811275 -0.18187357195763676 0.45655241825103632 -1.4745367764593884 0.065759464038360971 1.9814722987950524 1.2956673060806918 -1.9523252912665847 -0.016689357565111293 1.2754896695625511 0.11836383909548287 0.63883241401595914 0.024105307743532561 1.5012467744098967 -0.98730793784399085 0.77393005072888732 1.2 3.0076313470759319 -0.031375503045920135 -0.114493534087655
344 10 0.00052083333333333333 0.00092592592592592596 0.96914206196462904 1.7086154396926885 0.97416475645753442 -0.66554614168447568 0.068521662624670493 0.62167060633161375 -0.58701006251718146 -1.1058841044120431 -0.044209497631033282 1.8700520643000726 1.9288734974165367 -0.63085346843261458 0.017002965304631856 -1.4628940574440166 1.0166777025705165 -0.49883921384861818 1.2 -0.12082671385056014 1.492967054505713 -1.5656223067177453
803 358 0.00052083333333333333 0.00092592592592592596 0.41061247253251465 -0.085097279946754423 1.5575372489444432 1.0240984458073252 0.077318331177193639 0.10066271349863865 -0.62808222262691293 0.79792457354529667 0.075352974680696683 1.0493762197044521 0.55745636639021834 0.49125590821821286 -0.070687719954863559 1.3504245647178417 0.9117371216665604 -0.28500868890023989 1.2 1.5451738785578659 0.5707703091106574 0.015163546012044145
215 306 0.00078125000000000004 0.0013888888888888889 0.81193491008197383 1.13945167128032 -1.6609767965743667 0.24694339373317487 -0.046672586960008824 -1.6214264039806503 -0.28411568006095411 -1.04660416805608 0.066406388331553629 0.14249807772253043 -1.018218531560648 1.4357720457743084 -0.038613476850724582 1.526587204639394 -0.097634277283014104 -0.49536570406257896 1.2 0.5337422554338288 0.1117101757848485 0.29025656471782091
503 284 0.00078125000000000004 0.0013888888888888889 0.96687297996586374 0.047425689738676446 -0.40556913448616561 0.77998650160629124 0.034659566811841958 1.2914709426610438 -0.86196841343595887 0.99585659955886641 0.062364640664770266 -0.11051125772097325 0.23082658740152606 -0.32941124958895118 0.045269997653316213 1.636057936745352 1.8275633203980011 1.9773961060365055 1.2 1.4325760933431062 1.5658555029501318 1.3617063669193994
786 1011 0.00052083333333333333 0.00092592592592592596 0.20646467653354997 -0.39682369797079353 0.082427801462711781 -0.16208779601606604 0.087910832279556428 1.7463720954099595 -0.21340007356606305 -0.61194762431869343 0.0050540669982948733 -0.77227826811750644 0.55077642975316765 -0.604140680416001 -0.025945366131592706 -0.85546350159685547 1.7761569799786709 0.28845648407302704 1.2 -2.101632415271081 1.7552853270973814 0.61935754551653965
1703 500 0.00052083333333333333 0.00092592592592592596 0.26987298376063307 1.4008307318266269 1.4581457384454195 1.6523801823811066 0.0011832707990737656 0.73307673982474286 0.66039668140944618 1.4997986890503245 -0.0033651250015930279 -1.4271036933474455 0.56523848910342211 -0.47647464670464057 -0.099814736799795523 0.19158503304167995 0.11280954801092902 0.2414597836869552 1.2 0.80511134397179362 1.2293788103542231 1.2799450276684119
1676 403 0.00052083333333333333 0.00092592592592592596 0.45855910922269033 1.2713912882101606 -0.27579036491674946 -1.1412032141085113 0.084914470720871715 -1.1908639124364635 -1.2172605236130609 0.94451199585728496 -0.020716570312529048 -1.6333291177682963 0.99378960980536712 -0.24986420876257265 0.07097731739647048 -0.13834646871028777 1.0599003464725483 -0.95374907583352542 1.2 -0.1855137496946809 0.77639119550925306 -1.3026526779919037
1572 1244 0.00039062500000000002 0.00069444444444444447 0.49388581353122346 -0.086179403245375763 1.6900648734234887 0.27417989278059451 0.05660380079195132 0.57769573005313335 -0.57145001874554069 1.8119869073575834 -0.071891971948411709 -0.8223826526726552 1.2496447028516262 0.845763282638754 -0.053887251166813033 -1.3750321382972124 -1.2712371608871083 0.46078684033929163 1.2 -1.7936047708049554 0.11983311804767253 -0.30583099722055962
903 13 0.00052083333333333333 0.00092592592592592596 0.68787796976688687 -0.81609660105316761 0.15101916449512709 0.59577769463334729 0.08777924372734261 -1.4605514676660873 1.3567511265160506 -1.9422084880207979 -0.080952271963676672 -1.0751465871824237 -0.58710966105261697 1.3162194029883652 -0.053355972564624259 1.4922558371204442 0.85212981525186127 0.36484044835553053 1.2 -0.57757514733019366 1.6328849308844529 -0.61015260278061068
758 404 0.00078125000000000004 0.0013888888888888889 0.40650731286409614 -0.27271704746186431 -0.14794750201154816 -0.82259619746546697 0.037799861228423576 -0.72635512510002798 -0.47744516294986594 1.7125308470389058 0.069126378259521115 1.2281329109172678 -0.27442031041971049 1.8668685857785858 -0.022461889297754681 -1.7181304960474608 -1.8692331338944133 -1.7522810367064934 1.2 -0.99182057342931418 -1.6388841349752283 -1.1413062545307557
824 282 0.00078125000000000004 0.0013888888888888889 0.059609859586279255 -1.2299559575392851 -1.8194084102406847 -1.7499100794174596 0.058783383518403648 -0.95594107594813504 0.87399313569495796 0.37677714344831381 0.012086298721297378 -1.0073399593369547 -0.51589889373975772 0.9592476078456369 -0.071113922680932112 -1.7299348506995891 1.1363832812455628 0.50625811896754502 1.2 -1.9339512978021927 0.6329917825435647 0.11526633881653169
167 450 0.00078125000000000004 0.0013888888888888889 0.23618215737356171 1.6821817959659109 1.7809762194809742 -0.81292298701192234 -0.016363543598160876 -1.5082626640469754 -0.23187380489779041 -1.3254665172205642 0.023530554267271048 -1.8302449983708167 1.4921569692605043 1.2913180240845823 -0.030066323149807242 1.8820960869637613 -0.01710149592884358 0.1898336984261908 1.2 0.48960009755335909 -0.76830857284773757 1.1910897125401982
2276 303 0.00039062500000000002 0.00069444444444444447 0.88105935884188014 -1.9265000769718394 1.1065492923554734 -1.5479655699906556 0.036211530184358576 0.57139263538559248 1.7651416666889377 -0.38625292859584581 0.039814188803749706 1.52690344869186 -0.62107610760041077 -0.12811666788407017 -0.056448476727356735 0.1233560737922117 1.1855386496565843 -1.5743839016537442 1.2 0.2491684953387823 2.0981355448052179 -2.5932957988004737
70 651 0.00052083333333333333 0.00092592592592592596 0.41197225985873909 1.6712649319344663 1.4501681041744425 -1.715551486293788 -0.035666365653759899 1.4456074412307425 0.61544856200596154 1.8957106804984782 0.069331397426750124 -0.97505672173521152 0.81191195472517963 -1.8120189405368166 0.0021910835172555404 -1.8743911044841335 -1.3164924046562385 0.41543925223405731 1.2 -3.3806121803301745 -2.0110599159042688 0.71092979054449512
398 788 0.00039062500000000002 0.00069444444444444447 0.46355996462068172 -0.83307091897043106 -1.0389308178645136 0.420624856826604 0.060025826452467568 0.96346371022601129 -0.0965167324538454 -0.27333894314381668 -0.071216987011618632 0.021442686262305166 -0.007490699743699647 -0.39232744854991575 -0.094857121952889784 -1.008413323040255 -1.5943920775465004 -0.26712102380637015 1.2 -0.46049007637696499 -0.77862366861294452 -0.63546823689031418
1075 84 0.00039062500000000002 0.00069444444444444447 0.90869429241343624 0.11974997681946498 1.0747483696541371 0.659734489867982 0.081691357253524804 1.4246223109800331 1.0156055407371394 -1.6819096703857799 -0.054140948329082006 0.47440862817550844 -1.8412309896031722 1.6567929659277594 -0.049116145956793367 0.18905784373335743 -1.6739082255369691 -0.026575716192335896 1.2 1.6979390936205643 -2.3958402866624602 -0.10139436462989634
368 636 0.00078125000000000004 0.0013888888888888889 0.59340559938718274 0.22865695837938071 0.50084892979304962 -1.7380254843654654 0.041820136345638914 1.8097085280194549 1.1508972921626617 1.1997429705949418 0.03941247410924964 0.11907548592574368 -1.5254612730470476 -1.134751213482978 -0.0042051224191174824 1.7773876762162844 -0.41323665230218154 1.6698845586712676 1.2 0.31413026511334741 -2.1008191412956552 0.70670349436709901
1086 652 0.00078125000000000004 0.0013888888888888889 0.83096884653439418 1.5532145420135333 1.8014197827115961 1.4210656173353922 -0.037168627244853661 -1.0318930862654372 -1.798429244151849 0.54061410613335292 -0.043355390157591871 -1.4511460500645237 -1.6625568346727464 0.93295157726778566 0.028663922328314939 -0.31458855968265098 -1.9456611025790957 -0.60079947850053284 1.2 0.32566104642135663 -0.4940325303429946 0.58925652781813442
1100 42 0.00078125000000000004 0.0013888888888888889 0.29137264184660588 -1.1977353133926227 -1.8244741313600752 -1.4897260675021609 0.075534651697501815 -1.6425351446337948 0.60285207319529377 -1.0157557590624484 0.070246580214416487 0.72511244234099648 0.91770476987818883 0.52163662018238144 -0.045427718571426669 -1.4888084378999036 1.14541914441963 1.8569902210358245 1.2 -2.7534762130944892 0.48480179715454641 0.031645542085515899
677 24 0.00078125000000000004 0.0013888888888888889 0.28990142066083546 -1.7409846836605136 1.0560793611481238 -0.49717275673926808 0.024704642977453853 1.051228909112929 1.6997243232958077 -0.27533978490313649 0.090814343966138744 -1.6106742763668938 0.19662181106895815 1.8492864674801996 0.064552286615873866 0.96107939798917164 -1.6918893116014382 -0.89442302912566385 1.2 1.0513670602926117 0.0084610370251667344 -0.49359840085958573
2517 735 0.00039062500000000002 0.00069444444444444447 0.78618788143882312 1.0303338875197121 -0.90444763692543129 0.30521380784166707 0.025440931714895781 1.1187645546046951 1.928156347887986 1.3793530668938616 -0.053601381870423986 1.338830213175612 0.50985092878948368 -0.80694053638526331 0.089817341783961585 -0.024612946591479723 1.659385894886356 -1.4301399154940091 1.2 1.5427758545887027 0.88269879643244764 -1.3878526536409814
1280 1158 0.00039062500000000002 0.00069444444444444447 0.0019264542847348951 -1.3393356768084983 1.523095888930778 1.4139645412621409 -0.004865679072616591 -0.57478236263674098 -0.24304008767137386 -0.51059135877989803 0.061868102179384377 1.8420983024132527 1.693044569784659 -1.4427522622225686 0.052649670516683761 -0.79933135401823163 -0.37701669052078834 1.4495169609393552 1.2 -0.38389509599288574 -0.19368383872818914 1.5125806617710189
1889 433 0.00052083333333333333 0.00092592592592592596 0.18708197634046586 -0.67898827097745418 1.991076563011394 1.1797034006876914 -0.04802054431861922 -1.2704479559470925 -1.3453940484125435 0.25169320805693429 0.077058378752665385 0.33899645142620827 -0.42934274447205301 -1.4098522229847452 -0.085617703982267299 1.8901930231073281 1.1424781846761691 0.43907372308391057 1.2 0.90713087048703112 2.3637266131871111 1.1860814320362021
2293 1098 0.00039062500000000002 0.00069444444444444447 0.46514151454240632 1.3480645171443184 -1.5899591528893717 -1.9319137180907342 0.00035373411748454431 0.53135038559633063 0.53768594312930329 1.4136340601639112 0.010783719337426764 0.011437006977490061 -0.50431006438274162 0.17031889922770027 -0.036228609492282016 -0.17576846070538155 1.4086263198915949 -0.35532918464428498 1.2 0.52439957399374648 -0.31206062212913377 -2.16421871151331
1601 551 0.00052083333333333333 0.00092592592592592596 0.9618173638532963 1.6911444863882621 -0.31124515979893719 -1.0720294221904818 -0.00014462298913187066 1.235740546268306 0.6056286545739793 -0.7478070364356646 -0.04829852875345262 1.9719458944509496 1.8977603089492621 -0.8796766306401631 -0.059314270906367365 0.056715853461627663 0.96844100995556781 1.6898789402929917 1.2 2.6725849746244958 2.2492338287906715 0.12532308372932918
2298 1347 0.00039062500000000002 0.00069444444444444447 0.013346246017120995 -0.28327565920208952 -0.29410715597011849 -1.2250957660570578 -0.063130341635103976 1.9416446200721595 1.9082998019371016 0.12950463374558474 0.0043275554865710164 1.8073780058016147 -0.66807658125689029 0.49214562374623227 -0.018384596675388234 1.5223419227182231 -0.71964779224345676 -0.48214394237988545 1.2 -0.32392485370796298 -2.2917061177858469 -1.3643945073203538
2045 219 0.00039062500000000002 0.00069444444444444447 0.54719802460276856 0.80808648283696227 -1.8011828187538148 0.671573743925864 -0.032898353484444073 0.68647012126551576 0.99166588209056572 0.53170629136678649 -0.046299665870194365 -1.3597412345620303 -1.8929713699535946 1.4285593752303627 -0.081791730709903532 -1.3636064059022481 0.7939407701859178 -1.5124328052183742 1.2 -1.0396998404825257 -0.57073104757217563 0.036718270771604597
1202 25 0.00078125000000000004 0.0013888888888888889 0.68813124430924599 -1.8229681158562077 1.6039357708848447 -0.10977854353311045 -0.045439336783495855 1.365292110338109 -0.7089334072588489 1.7320149270579845 0.059451929922331836 -1.2636502619420606 0.32849069127095243 -0.09304282690825616 0.06942078063137605 0.53477741300077497 -1.4661825277239484 -0.46477060776180279 1.2 -0.52919601803120075 -0.38726611858692017 0.77909042503533721
1697 771 0.00052083333333333333 0.00092592592592592596 0.67274578315446099 -1.5284421157314725 0.95666536992095752 1.3409915279861164 0.023809044292908602 -0.28298667841474279 1.6311813855102093 1.980364812156711 0.019453478096139926 -0.34294677056783662 0.37119005268606919 -0.11065688532154239 0.0091215586500913159 -1.6927290330394098 1.9724845041642642 -1.342972081779811 1.2 -2.4474565914095927 1.856647452511939 -1.0165526295277529
215 597 0.00039062500000000002 0.00069444444444444447 0.75317681637431033 0.39313329779061945 -1.2291362124862371 -1.0891704816009948 -0.065258950559910892 0.56206021383461513 -1.2182598655970795 1.169974196471764 0.056668838492952456 1.6717121575371481 1.2502217921909793 -0.44680804465166135 -0.094186930844187597 1.2448815058756826 -0.49201367375495009 1.1965300315039737 1.2 1.9050362625052419 1.0599983396757306 1.6470273833269296
1551 508 0.00052083333333333333 0.00092592592592592596 0.7508150833502043 -1.4668700663392684 -1.0679802014567414 0.26428087498545327 0.040337727209516949 -0.8435312512599662 -0.53562815838806355 0.60326248972809848 -0.023849663352770348 -1.510684820055662 0.026723610954808574 -1.8550511997542034 0.056056575972270123 0.11215504176942881 1.6464983399904027 0.12009137292733296 1.2 -1.5606657220441813 0.77222209611812853 -0.84918216138871938
1836 1023 0.00052083333333333333 0.00092592592592592596 0.78047605845227475 -1.6043417170903718 0.99914469996655386 0.9150837813779944 0.090099590135786861 0.3128309788295458 1.8610490617820159 -0.46706243132389913 0.04982052595499481 -0.37851004819649603 -1.7532008416931864 1.4921706080173918 -0.084932690669283065 1.9898842785023563 0.49896916197767016 -0.17140357418402585 1.2 -0.043052903812504623 -1.3859450664233786 1.9181726874137612
1486 332 0.00052083333333333333 0.00092592592592592596 0.86019826162235613 -1.9913943869359172 1.0760422516186456 -1.4639201341674295 -0.079133854386697344 1.8241321358385978 -0.33508605615277443 0.42862441071117763 0.018227478024342395 0.97106935715165132 -0.48136942455615905 1.2407623379013315 0.071062433793989854 -1.4440802287088146 1.9729725826990432 0.6583154184394191 1.2 -0.81649197103203108 1.6495703805158455 0.88790962090342684
601 119 0.00039062500000000002 0.00069444444444444447 0.71932790294901583 1.9849631509911676 -1.1148422479716795 -0.58580914904233561 -0.086108573637505403 -1.2435823429896486 1.2308533719863473 0.13745403419983759 0.053110620308940454 -1.9830830960474937 -1.3491774459441599 1.2893316999027498 0.075549779203580303 -0.66662438250116463 0.43611571723858189 0.64842242738791755 1.2 -3.1113037329456454 0.80573246783683605 1.4885531653508235
810 219 0.00052083333333333333 0.00092592592592592596 0.70229554119576676 0.75516021830637792 -0.40948845290768254 1.4627056875253901 0.037058064494174009 -0.73083671642568016 -1.6757909931343478 -1.8273192778117351 -0.090091073748021167 1.0312781447016901 1.9549798398945146 1.6211333116473434 0.07708764971006335 -0.17975961476673108 0.71764853652655436 0.69697239621197316 1.2 -0.0057437345522904498 0.97060992368514354 0.43782310296683158
465 536 0.00052083333333333333 0.00092592592592592596 0.1300424739422574 -1.8652520892276332 1.2642400174289468 -1.428503124656102 0.030822643025872232 1.2435097370140209 1.5200313030853416 -0.52402160809965626 -0.044838319363818303 1.2506088829627453 0.32311301852897101 -1.4901542819063334 0.065991526376790621 1.2992823517424918 0.072641206940139647 -1.8950491285562467 1.2 2.0385311674878759 -0.44171196377543825 -1.1375250231258955
637 66 0.00078125000000000004 0.0013888888888888889 0.35719933763489325 -1.7438135756121649 0.79839013786627833 -0.84297917117156951 -0.016120987043483553 1.2569280877994666 1.4151316681920698 0.8075008510402184 0.011280394511793052 -1.5161788261728826 0.36764826755980939 -0.89839929587566081 0.054129744949342501 0.71159346733129292 1.92372862145896 -1.6414197743605334 1.2 0.97800574029914689 2.6092078484472743 -1.0586867925076857
2429 518 0.00039062500000000002 0.00069444444444444447 0.69691181307703376 0.096894027757543633 0.031263224692936742 0.0014063375747630502 -0.071557256396347788 0.73284478965249056 0.039831700841164608 -0.49895939739213091 0.075039623001361078 0.87265054934808362 0.086267020985865361 -0.51239678451286341 0.019930604126835116 -0.58407472166235808 0.2425054904141577 1.3429532117500491 1.2 0.27010773824534562 0.2920218509419869 0.72395406919567185
982 369 0.00039062500000000002 0.00069444444444444447 0.31097893430256379 1.6440600146753188 1.7373944735376816 -0.7312940126453813 -0.090844375670653607 1.0622109079522302 1.4840355346123388 0.2739775224755987 0.079525331066025606 1.8531648462592116 -0.24140983237310198 -1.4451152523746207 -0.0066206349344062609 -1.8720967061356459 -0.69768074122641943 1.6679825248068938 1.2 -0.92292549757579156 -0.36105672405340694 1.2100194662506776
454 937 0.00039062500000000002 0.00069444444444444447 0.058416093950574149 -0.50055038970026633 0.56306903505860406 0.72661096495144895 0.080485850237774964 1.1488026279096046 1.9074247481647784 -1.2542935408226912 0.097317279164650966 -1.7897685610354146 -0.59292787377071265 -0.18991837638536735 -0.033115455455145631 0.31494921090035088 1.0113318751161811 -1.6492712247309274 1.2 0.16671407105264366 0.033452634220475057 -1.5670966419969501
87 263 0.00078125000000000004 0.0013888888888888889 0.54237823591544509 -1.4099571952131904 0.71770111157980088 -1.5747430276186041 -0.089298435721860192 1.884739916949473 1.8397982949376486 0.12776521637831317 -0.045339936747754564 0.52924897427646922 -1.3220133852220393 1.1746118042473443 0.015718341379410569 -0.71989093140920568 -0.27074305581085634 1.4225386664218909 1.2 1.0126470110578691 -0.87492574478950025 2.7117563524985471
659 560 0.00052083333333333333 0.00092592592592592596 0.035564184739435692 -0.20405412550209023 -1.6396115004181895 -1.8519049594734196 -0.065577960619114944 0.18253892137369432 -1.8512909186977815 1.6530794552908734 -0.051644045027307531 0.76382596210318088 1.5684691301543499 -1.1217514105171693 0.008309563083161553 0.89104699261253728 -0.67788238660967215 -0.055823491835329087 1.2 0.79748821652742763 -0.0315575231454749 0.34446933933212448
664 201 0.00052083333333333333 0.00092592592592592596 0.42058663548206138 0.15744604361196224 1.1532731283038653 1.047845067432184 -0.095185450570864527 -1.0480293447379276 -0.29512619852152611 1.2360632643557365 0.035549707946728737 1.2179525612489348 1.6676657076182946 1.6859942832797312 0.099902623382095351 -0.19852230617925271 0.45843965371550954 -1.4655315731011287 1.2 -0.30279090465101288 0.47916250205981031 -0.23510810849967287
653 490 0.00078125000000000004 0.0013888888888888889 0.59612923281768604 -1.820280203029963 0.18577648714440276 0.94636601792929698 0.087769934580082365 -0.61487896053700597 1.1815598092095017 0.46667950677523251 -0.067958092967521838 0.85743303628152967 -0.77194581191168243 0.77562128668396157 -0.030233583013955664 0.31613235499277259 -0.8268714433032005 -0.60509223881953433 1.2 0.83723727675760951 -1.4162183685347314 -0.24157182236414951
1218 900 0.00052083333333333333 0.00092592592592592596 0.53522309260778123 0.46604764374522567 -1.585758256306224 -1.7275017590974038 0.033337729670970151 1.3839673769905159 -1.5384827874514397 1.4588070149686616 0.0035475479498181806 0.84224935915348498 0.80105511956000131 0.19936774896154796 -0.092396235606052368 1.8818579376451789 1.8910739764157016 1.9530784720706493 1.2 1.3258505872902719 2.5233404441121281 0.53642734415493565
1874 485 0.00052083333333333333 0.00092592592592592596 0.3024144424369834 0.29167389706666969 -1.5243058889689616 -0.44458488259981932 0.058337732479356669 1.0617763005769425 0.71885760371377794 -0.29451365848646915 0.032035635089073422 1.5312538848531028 1.5613697855540654 -1.7261597988099027 0.046492372233195217 -1.1675295967857684 -1.1175474227424433 -1.2376211799669044 1.2 -0.25096576669887327 -1.5908002007058735 -1.738497517720105
1523 368 0.00039062500000000002 0.00069444444444444447 0.55632287254806101 -0.42918270928138691 1.154160360297948 1.9739438263372069 -0.013418621958316182 -0.031397822713012946 -0.60778115755478446 -1.6507957249327974 -0.083085696413687848 -1.8525600810723528 -0.64392445887839145 -0.97008913785251316 -0.0044078748769973697 1.2853336708955729 1.4057810707389016 -1.1122370036495428 1.2 0.1366372572885573 0.84058289980766543 -1.8037572201911936
2131 461 0.00039062500000000002 0.00069444444444444447 0.073440406250851187 -0.12398503783745829 0.70446782512870643 0.039972688694491776 0.043490118572854064 -0.46823652215962497 -1.2886695020764249 -1.5422475335971639 -0.068946893079751839 1.2853292697020549 -1.9785568547361323 -0.26679867115802924 0.099466241458984861 0.88426311471216534 -1.6779670707036907 1.6440548884263344 1.2 0.60097395027047718 -1.5000675654525568 0.90578521586383787
1211 220 0.00052083333333333333 0.00092592592592592596 0.11893175358688862 -1.7126565221231522 -0.0071154581596859501 1.4357413211004695 -0.096634345598790056 -0.94459927315719172 0.98644795803741259 -0.2387265324312855 0.0069765307839451951 -1.3112223812192316 -1.7126694551979269 1.4422941442405128 0.080474854727344225 -0.73101124050682342 1.3918086512154009 1.9641007082672344 1.2 -1.5942049571309413 1.4893369581662999 1.994747349296498
286 592 0.00052083333333333333 0.00092592592592592596 0.0086169015406886706 0.22612661937491652 0.25957063107183753 -1.9249774656311827 -0.053510625450670382 0.61638305612170496 1.5826449805215042 -1.4124079024492175 0.070100365948123106 0.89730387888941809 -1.6748894595369697 -0.45770047282562576 0.0930502020575385 1.2179943230604375 -1.288672426568191 0.99938001328421278 1.2 0.81781217494821068 -1.3309309087793781 2.0163946094921497
165 490 0.00078125000000000004 0.0013888888888888889 0.67256604295098088 -1.1012017698957006 1.4144221881645049 -0.96149710231958352 -0.025171028309751334 -0.81104198722125753 -1.9057977111134021 -1.3485879958976192 -0.096328232247893136 0.42880268869102034 -0.059145280319329974 1.7320316008225558 0.047104349116673216 -1.4452450501167129 1.9102300191330746 -0.5686636453465268 1.2 -0.036106519397159031 1.1769129192557481 1.398909705019608
1326 770 0.00052083333333333333 0.00092592592592592596 0.7660356565997819 0.30793907622389538 0.93861663264154904 -1.2137662424716602 0.067972326697581215 0.78707587234731324 -0.94024073047877321 -1.1296208703153781 0.022283973978605751 1.2092509224117025 1.0299053592168388 1.6055783770013772 0.053770470027976525 -0.1392393564905503 1.4344369886414889 0.024256418642305544 1.2 0.45219042105544993 2.3719742109854089 1.0122126113070269
1563 262 0.00052083333333333333 0.00092592592592592596 0.064671148177200752 -0.49558890864269411 1.8770527757592292 0.33244297880792217 -0.010825740163967909 0.79276211178994549 -1.5215023847386431 1.2383716492992236 -0.084617682770348118 -1.1202184323554407 0.67208857888122342 0.93027652653531323 0.094532203082155486 0.55126702116842097 -0.072942402748537916 1.311773617563579 1.2 0.4971890318298845 0.31894182644764379 1.9183805288814604
197 1424 0.00039062500000000002 0.00069444444444444447 0.94168009840609856 0.81877913755217957 -0.82973123349094857 1.4629497852095943 0.0074041154189812969 0.23817999311070981 0.8395807442930896 -1.3739647807489246 0.017256479116363715 0.7821313065199389 -0.98118167220189578 1.6212705416889226 -0.053918236834771149 0.11545372159310885 -1.4957697194332189 0.26340028523222081 1.2 -0.065293230736257035 -2.2551950249879265 1.684857495844827
117 950 0.00039062500000000002 0.00069444444444444447 0.45991195741907315 1.8920646614159962 1.4453193955204848 1.3776643465564722 -0.093365031268236753 0.63986626384120893 0.34667487834129584 -1.5511463707605886 -0.036044154165802159 -0.9089505870707284 0.86343841295985424 -1.2508503717629114 -0.075981405610560424 -1.0230666627597884 -1.3534078804075969 -0.52122048865114312 1.2 -2.6671626081334874 -1.8867536698792393 -1.4675239965101292
1490 421 0.00052083333333333333 0.00092592592592592596 0.81926911831412108 1.96853465071742 0.10182278290190983 1.3544038260669637 -0.010095107298919048 0.62566114022020303 1.1963939470353173 -0.12230149916959743 -0.043311170780271427 -0.60527396499046837 -1.0589889893423177 -1.2038876030449215 -0.038651475649408143 -0.90672896050295382 -1.117090566784976 -0.74344687063793158 1.2 -0.15390657333298732 -1.4445058166767366 -0.87417565898733085
573 522 0.00078125000000000004 0.0013888888888888889 0.25127794311202262 -1.0807571390334134 -1.7525455740966178 0.82307584469936534 0.012439925050954259 -1.3385105286601631 0.2962638335736254 1.0552361571028097 0.013568693138803642 1.5439468542511494 -1.5990237142076862 1.8721457010988427 0.0060445151159163879 0.028306458427919345 1.0654735879520523 0.68404398117273901 1.2 0.9486232455838951 0.59630142661520191 0.49629641718731682
483 785 0.00039062500000000002 0.00069444444444444447 0.30376254689492116 0.90224851467022349 0.42752842569783489 1.5546847080157713 -0.056233138030490952 0.68197113503294693 1.1552938444507816 -0.83572087671188422 0.017285274106315238 -0.10103871313335056 1.4515626744215524 1.663884413877057 -0.055121398736506594 0.34539180754308108 -1.1980005569554848 -0.0057228822949682012 1.2 -0.25378878437041574 -0.92728581445151292 -0.32194001777396475
688 756 0.00052083333333333333 0.00092592592592592596 0.80699936364034508 0.63884581109461669 1.0867540923681362 -1.9205293661477922 -0.070985716879299887 -1.7888817933283567 -0.28286528642199249 0.41757100116700352 -0.048184416463155612 -0.64766723649565572 -0.76502501052186478 0.82855748824945019 0.029538414701281185 -1.612608914033832 -1.1952254429206555 1.7784717042284095 1.2 -1.26559576649851 -1.5884180657790541 2.2346273940320849
1333 1367 0.00039062500000000002 0.00069444444444444447 0.011267682837938813 1.8982247699236798 -0.67499338774956952 -1.9968621288501165 -0.087350058064812067 1.599307960777864 0.8537873077036493 -1.7298551920302945 0.024670704286851669 0.4924476666944746 -0.55338637901250332 -0.31283938943977807 0.025072307709193942 -0.27193848513480168 1.1304439830140192 0.088351073839539662 1.2 -1.3839016285931449 0.27943437507943725 1.3257596785185235
2424 1431 0.00039062500000000002 0.00069444444444444447 0.50523416826129075 -1.7853587102193478 1.5813917304746266 0.83619003435570072 -0.069067428125906188 -1.8282900857061448 1.7069062832538018 -0.80451059307265949 -0.039456315315401815 -0.70764530106651913 0.15107810788450671 1.1455316929925634 -0.022660746526220896 0.0039213148955412613 1.9228158368233204 -0.79722656728507735 1.2 -0.12288788410145958 1.4808701012319119 1.1359032376023301
900 50 0.00078125000000000004 0.0013888888888888889 0.45605746571972872 1.8573940380424414 -0.64482224679400302 0.1317840601100797 -0.059206450056064688 -1.4996188670912192 -0.70032031092332225 1.3658270303094806 0.079945987286651005 -0.45516730624061452 0.53725422901982167 0.32077973448441854 0.023403160530330008 0.71725530888241007 -1.3411003136744108 -0.79123274707654234 1.2 -0.018772628871122042 -1.5618708054607873 0.46437560835150876
376 729 0.00052083333333333333 0.00092592592592592596 0.30155884036433961 -0.053787876745283292 -1.9386699652810098 0.031209120978598293 -0.033195193830064335 1.8565433276912251 0.59122690196115579 -0.89858341106776907 -0.0093609208872310612 1.7280949868543019 1.5687143211586232 -1.7274756078877136 -0.030996460772170248 1.5080123520804403 0.72486703876131653 -0.82079638439806324 1.2 1.161602792567056 1.7863210265861844 -0.86101045117332953
191 1018 0.00039062500000000002 0.00069444444444444447 0.10494282284297517 0.47086383965368261 -1.2719494338110238 1.5382035217336898 -0.016987126751709297 0.15844639623313572 0.58718251864894544 -1.3201716684578968 -0.050754009974231074 -1.8829907760486329 -1.529594683881649 -0.81650612199771055 0.094175707239047196 -1.2137981335027943 -1.9751523996288269 1.2508052790024458 1.2 -1.5075930367254184 -1.0418221484074177 0.32469544636186126
849 32 0.00052083333333333333 0.00092592592592592596 0.15847606130510547 1.1460920090554652 1.7415200126515678 0.085565235553929586 0.044556213802557365 0.90094903075479271 1.0151035899006438 -1.403192151008863 0.070752355492171154 1.0691234473330553 -1.3590634208903913 -1.5486221897497385 -0.038314283024061035 1.7930312464536438 -0.1152352831559198 -1.7958503531023817 1.2 2.1327815105294348 0.33692426875923975 -2.6845190318570822
1967 1269 0.00039062500000000002 0.00069444444444444447 0.29096612711304842 -0.11047427276391319 1.5345736480243608 -1.532341975849524 -0.073580949078978525 -0.69822796338061321 0.15246543516988798 -0.18889044086106122 -0.023938607294631223 1.1985157271700699 1.8634093887049863 -0.12574971853114603 -0.02973507567933445 0.87310731778085104 0.6766979154135333 -1.8707437516999548 1.2 1.4489242214635802 1.6466670897655311 -2.2102509440304403
1866 300 0.00039062500000000002 0.00069444444444444447 0.53538128922290062 1.7128614409080738 -0.60643760090647891 1.7436104447252396 -0.018399325398127386 0.38669317143144433 -1.0342619003509768 -1.4501313986465458 0.00081327583750931409 1.4936965121729702 -1.3091660400342895 0.42328929631796131 0.044374819936208898 -1.7512437596675481 -1.2404918746172839 -0.7743675674290138 1.2 0.048194042842535152 -2.3209953440960103 -0.48833793822445171
1802 634 0.00039062500000000002 0.00069444444444444447 0.31975145749209094 -0.21829402826466815 -0.15127212390444589 -0.4554608616772553 0.026301018303556883 1.8722284264187024 -1.9777676549941581 -0.507600141003405 0.040552790274407391 0.31956057341543076 -0.051903088556962462 1.4034189041417471 0.063148898032060224 -1.0462143123564185 -1.5602305051958991 1.8481666037659896 1.2 -0.65613565074908786 -1.5160394298927793 1.6594975888669596
1272 881 0.00052083333333333333 0.00092592592592592596 0.37713266248805266 -1.9307443142510374 0.86841486952644287 -1.9273074022340135 -0.051900491134254212 -0.93532135107045278 -0.50863854756256455 1.0329546500522788 -0.085829472940397999 0.3245686237267611 0.72912370032176455 -0.72475861838155087 0.047619887058633514 0.54687336814076737 -0.82371561671903493 0.56912997751800454 1.2 0.50367524174027156 0.044302345965096114 -0.78450801676463611
1734 330 0.00052083333333333333 0.00092592592592592596 0.25125851817731665 -1.3033445197846643 1.6959593855110082 1.7873621805303523 -0.097350860085248458 -1.091039034582689 -0.31895335646154876 -0.80043338395800134 0.016232140935011796 -1.974351030102905 1.3960479098053264 -0.28753978706655081 0.029939412816400918 -1.0708029570018334 1.2983154646370858 1.6259689173533327 1.2 -2.6792140294887101 2.5487918790331046 2.3652093483410184
998 609 0.00078125000000000004 0.0013888888888888889 0.28301288177756806 -1.9837963091118374 -1.6612127232344323 0.38374193237651699 0.028290060659711708 -0.65838902099956975 -1.2256866699968123 1.5271853310709824 0.021502839473749272 0.42749553270717033 0.070565059915261408 0.50243791673130422 -0.018148853042778509 1.1680238776626166 1.4946865956705691 0.2676609022234806 1.2 0.53024814724317226 1.1988445332939148 -0.36260970988194474
1466 1399 0.00039062500000000002 0.00069444444444444447 0.2438453529525734 -0.98808073960733944 -0.3979929229105621 1.5752469964579499 -0.079084811445275904 -1.2050391575471457 0.70228442789711076 -0.95445840055672182 0.058448063332275396 1.0883381803247119 -0.688688940641347 1.8030172742414599 0.031103683047349506 0.88784149601494766 -0.46440164615489277 -1.8171579971487839 1.2 1.8814222570755974 -1.1859966105468971 -0.21668141171032484
318 598 0.00078125000000000004 0.0013888888888888889 0.21356557873568846 -0.88363296095911403 -0.49409941038469585 0.92802903771508438 0.014596253432526213 -1.9429207731309108 0.41895087959762556 -0.38466048799000374 -0.034430493563617701 0.11192252884398668 -1.0651123853422457 0.93726203119016205 -0.082903665735010318 -1.4984969108036181 -1.5007999169965389 -0.66005640288342127 1.2 0.21412947545636413 -1.4674059330830185 -0.56040818323765995
1582 683 0.00039062500000000002 0.00069444444444444447 0.54674187498180971 -0.21360104758465503 -0.88402007033319618 1.734812583652154 0.085094994841881821 -1.4373133354705989 0.88452449264550204 0.44315762917190948 0.046097886356093548 -1.8682222748734545 1.9883380485430466 -0.42513165565687405 -0.049539154278058023 -1.9822557456181031 1.9191913433039969 -1.9397255881309365 1.2 -2.6159728387921528 2.3777068447977139 -1.4553851144029974
792 699 0.00078125000000000004 0.0013888888888888889 0.3306250140026662 1.0486681254007499 0.09524676843533264 -0.37377503080859142 -0.078422806936410849 -1.0318042544039638 1.6176941418800594 -1.8593319187100281 0.044151710196025373 1.9604247788581466 0.37635836715160087 1.7698469799761112 -0.042686805784779458 -1.8689432656546536 1.6215727872289207 1.3968766876059231 1.2 0.0019091702796958175 0.21600431301307865 3.2396443269657142
1187 159 0.00078125000000000004 0.0013888888888888889 0.33434621185752506 -1.3392290014081079 0.086161701103810717 -1.1034250701959034 -0.067364470820293759 -1.7915491945949156 -1.6801496186892688 0.5542317663672538 -0.0702303834439231 0.18980619254782338 1.2378824055849784 1.7288865117497334 -0.010199664906386213 -1.2052467377988347 -0.62098313433245123 0.44996289464314332 1.2 -2.9870038393171936 -0.97208342599193232 0.35708615056969711
105 328 0.00078125000000000004 0.0013888888888888889 0.63612874474985259 1.6952389434223187 1.8068113979561296 -1.1194889221668811 0.038499120392964048 -1.5128721100831624 -0.48414637733794796 -0.41135710171264428 -0.062802848376811993 0.43010161948059 0.10458328658522031 0.95748212081140238 0.067982504825375351 0.69800924979220946 -1.1676505460030895 -1.3970775015811348 1.2 -0.47823291756542263 -2.2001161592506939 0.092036366234805433
1132 664 0.00078125000000000004 0.0013888888888888889 0.48717997879918423 -1.9190094444669485 1.5001320371190228 -0.78674542953577786 -0.055674590934308377 1.8888940328597359 -0.18703134011938083 0.89162186936934562 0.029204077936249018 -0.83630963549210025 -1.8244510933676903 0.72611809325271359 0.09075237208680817 -1.4234317055320118 0.39550293597192665 1.8676958194877242 1.2 -4.1688002723198565 0.69625670121114525 0.73245605768448629
469 415 0.00078125000000000004 0.0013888888888888889 0.38024780710585532 -0.47933745700772112 -1.7266418898103724 -0.93645499882905892 0.055490409933095897 -1.751335190714105 -0.44664411042882257 -1.0430398811383359 0.029701185334182589 -1.4125834430038791 -0.38903330964475602 0.66988403797212559 0.063277820259793005 -1.5923374229895297 -1.0846661148237726 1.8615109665679292 1.2 -1.4375148527520889 -0.58417012188614259 2.0972140444334912
693 810 0.00039062500000000002 0.00069444444444444447 0.20684094724546118 -0.37089076008209521 0.93201413828587576 1.0085924452831891 0.067464614585252186 -0.23300680688888864 -0.98862317886790718 1.3007932447413362 0.088348744884431535 1.6732003778706122 -0.070112061734555642 -1.3759307462486072 0.035618358919686066 0.58496457026364812 1.4151792436659694 -0.97380911374231571 1.2 0.96990774709046457 0.94211177001208668 -1.6167252779254258
1759 383 0.00052083333333333333 0.00092592592592592596 0.15383864133063593 1.2643371568478856 1.7311322414203749 -1.5165463847564702 0.0094853911720047951 -0.17562525255004635 0.68980889894254727 -1.3033943531693728 -0.041380472495204358 -0.039440604528988565 -0.98343965970770286 1.2492184819009555 -0.0013014575565444553 0.22130442592947297 0.69294653386445981 0.63669990448953317 1.2 1.0180539776685749 1.8259335561246284 -0.67898241700109019
1934 484 0.00039062500000000002 0.00069444444444444447 0.52450509451181859 -1.2982773403049426 0.17078892488942454 -1.9551098737926269 -0.079692955721142503 -0.24470259320639354 -1.6896495645737937 0.41860404765849957 0.089394870615415123 1.0140981080361793 -0.53501788064452516 0.0046149368548866754 -0.0015836618259514462 -0.98688892480647672 0.27970582410314471 -1.0192994832677993 1.2 -1.0094416565824189 -0.39257105150968702 -1.5826614386839706
1360 286 0.00052083333333333333 0.00092592592592592596 0.076350856417322213 -1.688159052381434 -1.5018944436142281 0.32500443850731164 0.018426720623117274 -0.016083188466677445 -1.7030582349718197 -0.60709082021567662 0.060735558616759028 -0.61065217955865991 1.2359907765561249 -0.80127712316437183 -0.069190513849861843 -1.48576500319595 1.7794184552900321 -0.45939793824601693 1.2 -1.823208667707048 0.36373267666788905 -0.54429662361663722
541 717 0.00052083333333333333 0.00092592592592592596 0.61221229650519915 -1.7212811338611971 1.689871804778265 0.47004972565948977 -0.027769524016560743 1.3951860107144927 1.8354531350463459 -1.7488417891710082 0.088145248278794747 -1.762394780398354 1.0341486198722007 0.14456016475764333 -0.038580983560224547 0.37134847296971607 -1.6593181352448796 -0.2595376180063278 1.2 -0.35863619388434403 -2.0406840491173304 0.17153966720571148
785 841 0.00052083333333333333 0.00092592592592592596 0.52146678988864859 -1.8164858081333186 0.53137521996880288 0.82154157109819614 -0.023545414074243778 -1.3952355624377728 1.2003706741822335 0.20600170337076706 0.08976453858519251 1.9872083651769556 1.3947903077504757 1.5296635789395596 0.07831310243771869 0.018260306852775354 1.1161877007081005 -1.8231462576289568 1.2 1.8106409322570933 0.90102923339401331 -1.0793543728440227
192 454 0.00052083333333333333 0.00092592592592592596 0.071542040739546203 -1.3725871172678685 1.5804044840178206 1.2530071404041969 0.031638525000485251 1.7168539344065965 1.1789707995490897 -0.66484637845753003 -0.050188169759391069 1.3083372978903198 0.64429711305194681 -0.86248977322415987 0.050766420143188828 0.98526156363606443 1.2673981255051503 -0.40267784171572396 1.2 2.091653490034624 0.20220793388258448 -1.3426302760085864
1426 916 0.00052083333333333333 0.00092592592592592596 0.81443171009235615 0.36026024830144276 1.3191465287959185 -1.0681522324186252 -0.039849864547769225 0.27344467562656227 -1.7770642972995248 0.12825377050211717 -0.070344628117846808 -1.3918282190810412 -0.42274127727708777 -1.2478961814751219 0.066826002705042103 -0.69246173455405113 -0.080227977472207002 -1.9447562215521064 1.2 -1.4341477881734466 1.1334804352235948 -2.7797998211536559
673 383 0.00078125000000000004 0.0013888888888888889 0.62117879967008127 -0.95682285258128807 0.14296452377989999 0.34161176074756172 0.0037955413816545686 0.91162972609763049 -0.36303469757453444 -0.11528004553669691 -0.073190386711566691 -1.9969975973436895 -0.53726651475586973 1.8826345636785873 0.012934042351791672 -0.73780439707155221 0.74006556400731505 -0.036588548639650664 1.2 -1.721245964324166 0.36067973801605557 0.95487250482898034
1182 445 0.00078125000000000004 0.0013888888888888889 0.18984517060101425 1.0674761019462378 1.5124302491892383 0.16385230751035396 -0.085632392109080344 0.0066808819165280475 -0.67859951140815333 -1.2295632827965202 -0.016781804189960253 -0.40225649335379643 1.5047773706587719 1.5365285440183372 -0.0037430930500964299 0.12567514144057679 1.374136130092201 -1.6495772133179454 1.2 0.84247340418004568 2.7443455055756956 -0.81982189820689177
907 388 0.00039062500000000002 0.00069444444444444447 0.68691500676818185 0.96700199041242207 0.14886733089208315 0.38584413567651987 -0.046976060398751601 1.7669688810310498 1.5739188225396292 0.83710339263701261 0.036587004317460092 -0.5733620965796935 -0.39241378793974846 -1.724910283120376 -0.073774712017466909 -1.3938520810225472 1.6025276748093464 1.855352423405507 1.2 -1.0641907866032567 1.7072739259343765 0.79978309255777402
2471 762 0.00039062500000000002 0.00069444444444444447 0.6055882273834492 -1.4107099900360098 -1.6654795335295023 0.37103726056351327 -0.04062239217851471 1.945809805084878 -1.4165055121944294 0.050318545238914769 0.04302833716251464 -0.85696677082510808 1.32084747985754 -0.62370886872567288 0.089006415257282617 1.3342226565006592 1.8085215322724753 0.54218245012950961 1.2 -0.50494579828284059 0.94079302514529406 0.41768860788028928
874 779 0.00052083333333333333 0.00092592592592592596 0.68533913330175567 -0.37418208267956254 -1.8250196988116025 -0.24185730288492424 -0.015713548572351327 1.2751439109931404 -1.5619516610235595 -0.2579077028861807 -0.067913494684746445 0.73655414419800369 1.5997273555937981 0.72059065127331889 -0.085212778228372102 0.23440461466252005 0.57805338564158948 1.9198382134564116 1.2 0.17642655339443053 2.1563888407732548 2.1733606622135979
2046 427 0.00039062500000000002 0.00069444444444444447 0.54527677263309704 -0.41265870447797992 1.7040791178399863 -1.6873234251752209 0.005862310281624733 0.045762308276283026 0.50848672950212048 1.7563252692072089 0.0058542345053816947 0.58586583983048968 -0.94012384352692902 -1.4602630446084617 -0.032117463449566078 -1.9676230646117965 1.9687458174114436 0.75916941968797058 1.2 -1.5792012805699296 2.2578221053925391 -0.28104548822212699
110 91 0.00078125000000000004 0.0013888888888888889 0.14731858828558939 0.32970698080374694 0.1727284745869393 -0.77087591040289904 0.0051791543377048416 -0.19320909471542524 0.10885237214108479 1.5877335892870095 0.080529408486690129 -0.8574154870159747 -0.78052179371109931 -0.95587440503536536 0.025546449547618144 -1.7437548233994158 0.012548052871232507 -1.9173166508905002 1.2 -1.815703175247815 -0.13033123730233756 -0.18750552495459502
741 1101 0.00039062500000000002 0.00069444444444444447 0.80038074635702861 1.4854730303927499 -1.9460812593417751 1.5065074098954665 0.084875472973899219 0.28668550860427544 -0.57297731302879606 -1.0362115573378148 -0.051968566038156389 -0.35898655255740719 1.8456622963996718 0.2093558548696639 0.062066855860634651 -1.5369064233556413 -0.79628311576356614 1.7190796077976893 1.2 -2.0951000525079047 1.4524863466234481 1.4513824626105971
814 178 0.00078125000000000004 0.0013888888888888889 0.028971420773897444 -0.45441631320966458 -1.3365788685454505 -1.0032475612111016 0.035818052787361221 1.7516202179627016 -0.56260027510754584 -1.6768913598070818 -0.078830193257071066 0.71820456327895954 -0.26060868722657737 -1.0796186620532398 -0.03546835795356322 -0.51242886870754534 -0.87855497574755992 -0.086651489494332878 1.2 0.22890400848462722 -1.3123890261423181 -1.0580918960002041
2282 983 0.00039062500000000002 0.00069444444444444447 0.9780295193542583 0.30715231546924082 -1.439668263939895 -0.074456862380714028 0.013355469916819282 -1.0848441493964276 -1.721189853124609 -1.3229803293720215 0.00063130844514591722 -1.4602375864121808 -1.9267018028816549 -0.71897019908342408 -0.029676969935079622 0.55409240720260389 -0.76138786883253973 0.44612215317857506 1.2 -0.20020044782030685 -2.6611863633360553 0.1429111917514079
1479 1006 0.00039062500000000002 0.00069444444444444447 0.99371913109169241 -1.917938571689823 1.480304863965261 0.83759796480440629 -0.093721120819036857 -1.0810969176385865 1.663241515686416 -0.14659318506874808 -0.016518502334774768 -0.36573153059954677 -0.73670544622866041 1.9152761960964959 0.040871805772730641 -1.3757494038145053 -0.96139925129781068 1.5735781642444802 1.2 -1.3045198257311956 -1.7236920551409458 2.9740072419302903
729 423 0.00078125000000000004 0.0013888888888888889 0.58362017289634227 1.9446996945515931 -1.6329548646503254 1.318745408093581 0.046846030137548123 -0.25200706142097573 -0.0019485511697241442 0.9889071115277166 0.017417697819573169 -0.33922439625874024 1.0617461901177494 1.9820300690530246 0.048530138079952517 1.3584130646187624 0.59378990349593641 1.4041704711042069 1.2 1.1989266154848541 0.79999185459676347 2.0871124348184922
1267 518 0.00078125000000000004 0.0013888888888888889 0.65015277193038767 -1.5070011225424444 -0.28998212983793259 -1.8352750443624966 0.085773222551566636 0.77072213265770673 -0.35469790800485468 -1.6489375600337497 -0.073840095884950441 -1.2238703790550285 -0.031232319489197025 1.7200392778184281 0.0076066936186549999 1.8137109757882803 -0.35224800784239152 -0.14164729233541129 1.2 -0.60450901112010202 -0.37887724341763529 -0.073245799353144667
310 992 0.00052083333333333333 0.00092592592592592596 0.90942703170852512 -0.94390782990702604 -0.61499324317704396 -1.0164883676003043 -0.09875436738640174 0.20885905978122032 -0.19184627886485028 -0.94248632500884888 -0.081640738152637837 -0.48376611634481881 0.85839196804290907 -1.3393955112568414 0.050204844661911913 -0.60147268599294712 1.8470494147020924 -1.021320599674159 1.2 -0.41844686318608149 2.320642356224782 -0.55176036371899961
251 555 0.00078125000000000004 0.0013888888888888889 0.45544105110235489 0.44407150439868737 -0.65242107647683634 -0.38290094310628797 0.019749119197217668 0.72276281348905114 -0.81733636677513166 0.27204582221202012 0.061381054301817201 -1.6147600331697287 -1.8347522680168611 1.2845425320328112 -0.093419812997278626 1.4165272657757635 -0.30573324449148398 1.5816027034076368 1.2 0.01711454423678534 -0.27106130049242916 2.0243412781902768
205 382 0.00078125000000000004 0.0013888888888888889 0.15566115808723407 1.9096831339827105 -0.37830240852005126 1.8822920067674516 -0.067001081952027169 -0.34489763758527037 -1.0516681983573011 0.86716847085219939 0.048639938954546186 -1.1709486175470083 -1.3906187758172659 -0.4165277623532142 -0.060976536158101925 0.8482457942964885 0.89886695323993848 -0.097950886525336678 1.2 -0.49390671331183567 0.81508418492278634 -1.2124408216008111
1258 924 0.00039062500000000002 0.00069444444444444447 0.71878721674313628 0.36646098551830253 0.1372339488314589 -0.86629745963743998 0.002237084810859602 0.80565035923792028 -0.85858149384708859 1.2643454717599591 0.0018060035558356002 1.0762995337324699 -0.58343082674537117 1.0666267658009496 -0.022142293478489311 -1.3553200621417001 1.7852112234894406 1.124286881851297 1.2 -0.69002857990534205 1.3581398341192412 1.3066009001647867
1858 286 0.00052083333333333333 0.00092592592592592596 0.34968633756496531 0.82499070221329607 -0.45551967279257966 -1.6557476524946542 -0.026196156522612243 0.60695158988481124 -0.991389882781053 -0.7528620640595256 -0.016447018092209359 -1.9115240138187426 -1.6531574662310393 -1.5779800218253319 -0.043586268448305023 -0.5274271568845732 -1.0841625222401445 -1.4624264094348605 1.2 -0.12042416205854008 -2.2160053740786347 -3.3989251573781374
931 1188 0.00039062500000000002 0.00069444444444444447 0.92796317157534158 1.8079138802330381 0.94949672266848673 -1.5992953718610123 0.044038496098152469 0.32942678282255278 -1.5940425863024079 1.2340246255225855 -0.058707152595412572 -0.85528425378612116 0.48238861207218608 -1.4501034510378212 -0.051800097073836662 -0.33328255189211076 1.7906468179276973 -1.8464688635028983 1.2 -1.5563016502663896 2.5608168400124272 -3.0214119191875368
216 323 0.00078125000000000004 0.0013888888888888889 0.67527042248177271 -0.34335221711084207 -0.68594865100285851 0.90670340618776102 0.050261094052498484 0.7686568200629722 -1.6366582299681514 1.3061397564541064 0.035507046934839998 -1.2666113022882022 -1.4169624856135181 1.7081558103437775 0.038498523813938951 0.70545587013578537 1.0819534313961308 0.68658121638203529 1.2 0.12980157146605087 0.34529256906209183 1.1472455666612813
1818 130 0.00039062500000000002 0.00069444444444444447 0.14848287164989057 -0.69666773987913277 -0.65616142247770748 0.5695525653119331 -0.068026396829029112 -1.6938005891882928 0.30771755964993597 1.4084923494581898 0.033835580151996142 0.52414390522638943 -1.5654667427838524 1.1031767289011629 -0.063493922727953983 0.1498539782902153 0.30971769185965936 1.454594334859419 1.2 -1.220696494358624 0.044691302649440261 2.5311622212669138
459 632 0.00078125000000000004 0.0013888888888888889 0.80516656420270716 0.16883209987335146 -0.2078409233264491 -0.93649309690788707 -0.017470525905050049 1.7490527285862378 1.3881012822068324 0.99005157247717923 0.065951906375414149 -0.12319385781842529 1.5388808760206931 -1.4331489972267617 -0.00017516640005572903 1.3182476376993986 -0.0063152100127452648 1.8416426835812141 1.2 -0.13204635038066481 0.20837279846712997 0.17528060787331495
207 11 0.00078125000000000004 0.0013888888888888889 0.69677558655253746 -0.7935805295099625 -1.8843264537565303 -1.6003684171207779 0.075625929579473866 -0.21026258066513881 -1.3683241183044057 0.15958144395364915 0.086288195018921432 0.43945006910582318 1.1829248498256231 1.7063709304800514 0.097073856574677986 -0.3752213103738451 0.51949340411988709 -1.6605800295532882 1.2 0.20284984245019685 0.99418598359894228 0.58794053434611504
44 89 0.00078125000000000004 0.0013888888888888889 0.91827220932654663 1.6243797129649389 1.1319740816610699 1.7202232109284399 -0.066460744601871458 0.24248383958185249 1.4491174897813668 0.53347120481699362 -0.095628555260916126 -0.60948708102269533 1.7484962606896044 -1.9017473827472466 -0.06706841414954115 1.6583377345745354 -1.679400942805187 1.7638696889398267 1.2 -0.20433582862924507 -0.0338720335243912 -1.0476988781988787
252 277 0.00078125000000000004 0.0013888888888888889 0.10892626751691589 -0.99223228076162151 0.85992062172329931 -1.9120293840627705 0.0079081585107864949 -1.815664833970553 0.89565600748247576 1.1165918900658069 -0.009783924273904801 0.8113383298107717 -0.82597163255495687 1.3189832015800453 -0.049976401445065967 0.7922197257410537 0.98760218070585681 -0.31378006699104022 1.2 0.89705117537291901 0.49028958410554041 1.0470941851918272
764 371 0.00039062500000000002 0.00069444444444444447 0.88544041671434714 1.2208910998142679 -0.48245163855157136 0.46162508737818841 0.042703399025845995 0.46510671361104272 0.38464750646506252 0.25231374922702932 -0.068408242922581769 1.7554844072774149 1.5630800690483015 -1.3952008322268856 0.022226207206757276 -0.32998854596015725 -0.88861163782615193 0.71499878728774391 1.2 0.81908870130647493 0.74902066317065286 -0.49954562204325675
623 607 0.00078125000000000004 0.0013888888888888889 0.53904594867231392 -0.9200831225257966 -0.28984626554011284 1.6573374863531511 0.086738705902901253 1.1578330887971884 -1.1391231650176477 -1.8656979631964927 -0.019772487252979379 -0.78560602809756386 -0.70956333388906412 -0.8447642622681788 0.06673617474040569 -0.030261323206882018 1.1129587129155767 1.1164247979349096 1.2 -0.98292130301767033 1.2194766123730192 1.5240516199414607
1212 324 0.00078125000000000004 0.0013888888888888889 0.8179010994826057 -0.96808477265255233 1.1834250539614435 0.38017443619558833 -0.043692230403665988 1.1461470982473987 -1.7868684735750584 -1.330326413236258 -0.074009489197552486 -0.87268688713908205 0.77323117158937071 1.9422946246482202 0.029607195233249756 -1.1441527541106304 0.044015686956878852 -1.7140185550386504 1.2 -2.2166829912412442 1.3234874661360143 0.070875297265977494
942 689 0.00052083333333333333 0.00092592592592592596 0.0030775836726580699 -0.12916368171070003 0.5763095162981493 1.6938314616284589 0.094720489790340534 -1.4238374574431867 0.65839689179699468 1.592218388387463 -0.031930183007867138 1.7396301391505249 1.2758632209485752 -0.56799290950730175 -0.086211161473952094 0.99960886907612334 0.18988523553239212 -0.79566518348267534 1.2 1.1612973528787129 0.00085161547718429318 -1.0515815126852071
860 338 0.00078125000000000004 0.0013888888888888889 0.6003032662858051 -1.8921566892921882 -1.0526133368199004 0.89639178310586587 -0.096067243363399363 0.54059388160857047 -0.77026788433614035 1.0718526248149072 0.026737402874175975 -0.081572819454844847 0.35540655436189494 -1.1924635220248674 -0.011727310157355994 1.6011384390909322 -1.2247869335592023 -0.68874981921433598 1.2 0.80291134072700987 -1.2226827418962691 -0.88831497663067482
1172 546 0.00052083333333333333 0.00092592592592592596 0.66975338012557339 0.31785498970635073 0.47125966681387865 -0.2888777426657585 0.088899213087656637 0.53490777779332266 1.1356924551920411 -0.44686443593526537 0.061593495552554417 -1.4892694110230584 0.57758745651108567 0.41377339109424227 0.033426378635601911 0.53037227575070478 -0.80164592935696177 -0.57833455114882693 1.2 -0.32477503635609006 -0.26114036075392238 -0.28983063492971778
790 340 0.00039062500000000002 0.00069444444444444447 0.48162213461466014 0.67911959473425654 1.3632468635372121 1.6856480012800885 -0.034853886166191186 1.8111127085485013 1.4374864726413445 -0.069018886897214582 0.08478764806732253 -1.0295233465716396 -1.9258586200979115 0.90923855132970477 0.096822497949653918 -0.48608925379081747 1.2889995547109718 -1.7866241404670693 1.2 -0.2200077816124891 0.45820928328488125 -1.5557587844688785
273 343 0.00078125000000000004 0.0013888888888888889 0.67834917114752902 0.75007330380108117 -0.48693012291598015 -1.7277228729313894 -0.01512853276005606 1.0024992500746546 -1.5279402052846578 -1.7945703080188014 -0.012153361076587904 1.8285069548974464 -1.3104270854155424 -0.29614878271614886 0.0077131217210617276 0.66249642385422014 0.39587168891538704 0.013585649013766687 1.2 1.2521453666329321 -0.23426473915647902 0.59326681308192941
726 124 0.00039062500000000002 0.00069444444444444447 0.73537356612260218 1.2788279449205335 1.9188683396326089 -0.70512387322047587 0.0207269151494478 -1.9612448463819621 -0.8396037048448779 -1.2085520087342307 0.053182620286173293 -0.31815578506701092 1.8902153335716294 -0.45334371258298356 -0.030328851136835144 -0.95784244135319518 1.3755362429750182 -1.6422604709733291 1.2 -2.7763293162423119 1.0236221799311009 -2.2019083173392038
1730 104 0.00052083333333333333 0.00092592592592592596 0.49298272466677245 0.72497649006456122 0.80843881669397044 -1.5718253726699358 0.048720449523713266 -0.35789529489133143 1.2437142760382942 0.16748263450819634 0.042905965577646255 -0.48422592691809285 -0.87725194859207889 -1.4484029900384794 0.044466733249483414 1.9036155262025374 1.1631733994192293 0.73061693685077156 1.2 1.5113401293873983 1.8389485866865927 -0.85665264321092649
1599 7 0.00039062500000000002 0.00069444444444444447 0.88517158660698347 1.4908424826621083 1.9453547396320614 -1.3821499164296247 0.090680810976935505 -0.47903486249079474 -1.7427278165843814 -1.2657614714929606 -0.06934502115843387 -0.4887949824972595 0.032026998442084231 -0.88134718415697177 0.020794636856858825 -1.5668680677113414 0.20578312642580743 -1.4767508601388428 1.2 -1.7924072263377966 -0.85708536785144496 -3.2876204026148339
492 1054 0.00052083333333333333 0.00092592592592592596 0.58614921415656707 -0.34590220374481451 -1.6763118033680953 -0.53002721424006571 -0.077096682771338257 -1.3577676213544105 -0.62227108036688783 -1.5439691528374078 -0.087277668801646141 1.8333987028955896 -0.21659688786680853 -1.5850024850111115 0.07673824399822049 1.2684440997157442 1.5691199487205387 1.8669839494133753 1.2 2.7862933970217441 2.0878794755038186 1.9529510629428981
1845 98 0.00052083333333333333 0.00092592592592592596 0.55360333081064084 -1.8265592026960715 0.034437810723181084 -0.018210642041818215 -0.051609674667261629 1.8533776648160307 -1.3411760175177849 -1.2896866287893687 0.036209478343077028 1.5588065790415895 0.28379264593785214 -1.6849266343766418 -0.088401261020134639 -0.94248813313541069 -0.38438883241611821 0.45842848412369497 1.2 -0.21978552465877244 -1.1403188071559416 -1.364082263337044
418 131 0.00078125000000000004 0.0013888888888888889 0.24859005491310368 -1.9478941426292855 -1.2344300589850326 1.8545047843584919 -0.009303371867370111 1.6987331938762873 -0.33840373747677166 -1.5410217739276919 0.0077802340823306809 0.96375476398727811 1.6466894708984823 1.0249485103016687 -0.08170115909191214 1.5717355698861217 -0.23611818050934241 -0.7661828288733088 1.2 3.0001254568726887 0.32467840286499 -1.794290218432441
971 1082 0.00039062500000000002 0.00069444444444444447 0.54657789990503602 1.6899986684153863 -0.65178604814763386 1.0150865149382757 -0.032553194433822652 -1.7958493846452797 0.79654017310916636 -0.43569662357209271 -0.034022920915772664 -1.0976934369756703 -0.33465159326261329 -0.78606031801110454 -0.078548629015655944 -1.2682047205991096 0.2056126889977361 -1.376501538024915 1.2 -1.1601406234179974 -0.18717238101391614 -1.5493819649289002
1172 326 0.00078125000000000004 0.0013888888888888889 0.79049764812000434 -0.72679591322880865 -1.7991312370125359 -1.3409099318665461 -0.026565183099156481 -1.6077753303763052 1.0791315993196293 0.12707323582560681 -0.024898414275408398 -0.034388886123434936 -0.80127481754886132 -1.600570014285625 0.023860559667341283 -0.61290189318105837 -0.11074649177880325 1.6589891318024188 1.2 -1.1674203475095455 -1.7921900581630077 -0.59451355860825239
89 74 0.00078125000000000004 0.0013888888888888889 0.82523464014232706 -1.0217016767757041 -0.73126735659729158 -0.52241170874635445 -0.091053867949240891 1.1329203794281706 -1.7107567345429904 1.8693284220671966 -0.049501674660443841 -1.8955404495465342 -1.4307305599829263 1.7755414310552409 0.0636958952688636 0.17878819473665564 0.96196700222644349 -0.91171934123850118 1.2 0.30334951752385236 -0.73275205340189598 1.9242055736730876
2361 768 0.00039062500000000002 0.00069444444444444447 0.30585985441514391 -1.705868026047122 -1.3845670045722702 -0.91517552251669265 -0.0091109139745112755 -0.039285840292313967 -1.1211678912027918 -1.6744990241568991 -0.083978230491988229 1.8249820904217509 -1.0327655281263 0.20873287399723139 0.099767479960857386 -1.0810467712259353 0.95299683500573629 0.28546963147862403 1.2 -1.5967267762948787 -0.37217931900015899 -0.25327612612838446
322 826 0.00052083333333333333 0.00092592592592592596 0.20742052028970023 1.5493949564335758 -0.73739352773371492 -0.68167294613663953 -0.018147378326132863 1.7432599629955003 -1.575626102748013 -0.24438369230549783 -0.034191934665445747 -1.3252753858064259 -0.59136510243097451 0.49715657563943516 0.068897507500877531 0.98396096671822031 1.0172733171239128 1.6328366637219558 1.2 -1.0001906162406837 1.7840706342947368 1.862854447095295
590 935 0.00039062500000000002 0.00069444444444444447 0.20060237733761932 0.74206689132814319 -1.2598874785300467 0.13737777260604833 0.019949791507047454 -0.57719388698127316 1.9976080123087296 -1.0982149604053095 -0.072618329157166137 1.4073597632248447 0.65388664998312196 -1.2981372556367896 -0.049227862840672737 0.90169799965947783 1.9344763152786184 -0.68640149286394614 1.2 0.79679774301508477 1.7870237850118129 -0.57622418193400771
143 324 0.00078125000000000004 0.0013888888888888889 0.26012623316832517 -0.36815189036552054 0.60472957168208863 0.18732655036718038 0.073689333175547322 -0.014710308229590741 0.19606393613802942 -1.3364671422187748 -0.059451284696124221 -1.8171154011137958 0.22381728041316196 -0.98282620339744486 -0.021575624858458625 -1.9171677695802019 0.1724686295166955 1.7851663639426945 1.2 -1.8612074586421092 -0.19367375818261487 1.1069814061114225
1273 614 0.00078125000000000004 0.0013888888888888889 0.011270461109801951 -0.29218495541458278 -1.6891239750191565 -1.3027280978596743 0.06581956000547326 1.2111052703942304 -0.42039407477252988 -1.1505755366721204 0.0028227563618661577 1.6644091422409044 0.36970747046608432 -0.62301398495076121 -0.033407590620798108 1.7559778115519697 0.93498040092403034 0.18613954909298869 1.2 0.49837292273158307 -0.34497435365800622 -0.2351847639015594
301 209 0.00039062500000000002 0.00069444444444444447 0.05881558850420468 -0.093774946571025808 0.57549697384739895 1.7129380318969982 0.012450818970591498 0.42891953754404399 1.0524702949894702 0.93179281531530966 0.018042121280303289 1.0693240242721025 1.4668642916362118 1.7691503791487033 -0.050549539480276295 -1.2363605570533807 -1.9965785104419993 0.1512470981170555 1.2 -0.66455421347983357 -1.3363427561658503 -0.32782865205936013
2031 969 0.00039062500000000002 0.00069444444444444447 0.91970925472223175 1.775654094690446 -0.69232801404956046 -0.50319143046281667 0.003310163640040914 0.55484345794391832 0.69873512206474686 -0.37186181945052255 0.053344753581979376 0.78910332105755376 0.59284591646646767 1.5483054767997304 0.082191517519301038 0.82190997808837718 0.84832683861635649 1.8652592226477496 1.2 1.9045228951758952 0.59169147148728751 2.4801885762446036
532 169 0.00078125000000000004 0.0013888888888888889 0.95778905930352043 0.5101142528815128 1.5884285452190028 1.0655909701078894 -0.0019620789216769491 0.33236274213143435 0.24271605114562389 0.19950035210305161 -0.032637697069839017 -0.0033137487544436794 0.28245859681190311 -1.8244192674694282 0.033254591463540178 -1.255336132198607 -1.2248770133385238 -0.032914751429192979 1.2 -0.96165007321156637 -0.89941696872972132 -1.5258258761259627
403 1132 0.00039062500000000002 0.00069444444444444447 0.58091683620251178 -0.90132772775666137 0.41143328817459945 -1.7488189705535828 -0.026367394725645824 -1.8643178785542713 -1.8600658899661222 -1.3832308152825359 0.074751362382964565 -0.36524369179234606 -1.8966258289974482 -0.22881205452391606 -0.056104811439568247 -1.7349670259105689 -1.8310842200870732 0.28067740120057616 1.2 -0.22915958154370988 -1.8806837208685048 1.8709037206336978
1220 316 0.00078125000000000004 0.0013888888888888889 0.6432650799152555 -1.3569875847469497 1.0072341095240032 -0.66941779417747416 0.042415819035147961 -0.35514209944534159 0.2259430719711264 -0.95418295071312142 0.09275408997365206 -1.6558509584138084 1.0552555219284021 -0.50216313846501359 -0.072109024358711429 1.9047608312875388 0.67204431929957664 -0.48529044080150818 1.2 -0.36078717321405629 1.9045600081854905 -1.2721688065222128
2401 820 0.00039062500000000002 0.00069444444444444447 0.84855221716454543 -0.81086665503619404 -0.82076501545531189 -1.5746416717289011 0.031312969924776168 1.4846111148298862 -1.1747519678994003 -1.49636296598382 -0.087631845587637355 1.6146259170050956 1.9857246456563047 1.2660086067834802 -0.067746927468530616 -1.1422034524309308 -1.575301961056172 1.3388045076651447 1.2 -0.58349335775161471 -0.37681747270357246 1.0508457127394457
1208 776 0.00052083333333333333 0.00092592592592592596 0.77002488595335761 0.38968894443751356 -0.82907683749027594 -0.85981178085360765 0.091057892550221314 -0.17776665674544345 1.8699642609267446 0.92124279814078625 -0.054549997699872302 0.71886138957386692 -1.8413588654476101 0.95254515792883332 0.031953119296848548 -1.9511731446029046 -0.36658256129672218 -1.4724989349465973 1.2 -0.95820805523300645 -2.2153403598525951 -1.0730978062881009
539 1015 0.00052083333333333333 0.00092592592592592596 0.74326364993609917 1.9803498066085679 1.7320210224898469 0.7624359855640912 0.025124469891005224 -1.0630488007490952 -0.5236998814985423 -0.53239884324923947 0.072747424110921943 -1.8689450766974929 0.31063118012626845 0.41606151154596205 0.09212882793301877 0.97559678961071983 0.68221262415216399 -1.777703538265639 1.2 -0.2889889310107559 0.51581399783656345 -1.1174810641226565
799 385 0.00078125000000000004 0.0013888888888888889 0.57787285002284483 -0.12863377864958236 -1.3138883584946157 1.2072176344897469 0.017376660320833695 -0.33708671941582402 -1.4489736662279236 -0.16737605627960139 -0.031992365906426956 1.1502556935767689 -1.5767766001390346 1.6604584173178876 -0.06662039378214353 -0.16964527183261691 0.49064684756728827 0.46026544635157673 1.2 0.41681009725093143 -0.55247007452807662 1.4831935935319494
457 26 0.00078125000000000004 0.0013888888888888889 0.30655696639097674 1.2918486549390504 -1.73947010105196 -1.1688002293108792 0.04536804694880292 -0.26036890911719368 1.3138565530192201 -1.2704818023944311 -0.029558991823456546 -0.65200848941636202 -1.1983330096264813 -0.28927973763710213 -0.051937984527403107 -1.0272486781866403 0.77949326677589381 0.13588969858136979 1.2 -1.605853767180534 1.858171850677744 -0.69635411792244206
804 378 0.00078125000000000004 0.0013888888888888889 0.93460267820277632 -1.2702237096695757 -0.97695762926332508 -0.40090909967587374 0.00091215130114112586 0.31331496765289568 -0.18121616232909643 -0.11942001759687448 -0.036118530710460145 0.11969072470769238 -1.3908219599594926 0.17831471961256717 0.086413413605002293 1.9528631540999841 -1.2844627007486351 -1.8493445128812733 1.2 1.3424286844904452 -2.2030001277232021 -1.3872210999348691
2519 1238 0.00039062500000000002 0.00069444444444444447 0.65416254402641649 0.65162789683139311 -0.92156188198892286 -1.4802025400113372 0.053938875900032296 -0.14806977490842277 -1.8350501839371609 0.2718045864100862 -0.010717795077764672 -0.95790900676678303 0.45712483923538239 0.30799641177379122 0.020546562575647756 -1.5620211983618764 0.92009345385686414 -1.530740815807405 1.2 -1.1394836724687061 1.294351000071521 -2.3232184312605684
783 208 0.00039062500000000002 0.00069444444444444447 0.99042380700654509 -0.055070859045421194 0.99057142567776468 -1.0305716345976079 -0.059314352233303683 -0.88294882466426206 -0.090071862547147052 0.31098246869745561 -0.065803661857431583 -0.070399596106917706 1.0630775249335511 -1.9813768130743061 0.017569505158014725 -1.7441903466118354 -0.081427967821876557 1.0255039322437667 1.2 -2.0272225051300561 0.43835521381424053 -0.26491835135832836
1739 1375 0.00039062500000000002 0.00069444444444444447 0.34966135879833993 -0.70111224643795644 0.85891984257105625 -1.9182737721435683 -0.071063588061271402 -1.8426251053054661 -0.13464747442048264 -0.35032965956902196 0.054719566829487365 1.7060016429526801 -0.57079122577172026 0.78869660998731073 0.08298451594424669 -1.1053506321293995 1.4461282843662415 1.9817097851751302 1.2 0.79487726471051445 1.4540053556706098 1.6363192728307197
1206 129 0.00078125000000000004 0.0013888888888888889 0.20896860387867275 0.94754701797449092 -0.50121765297679399 1.5831020727396798 -0.093631468124481074 -0.97590159198447646 -0.48093380099385907 1.9069871188139307 -0.0851659942346321 -1.1534235232927434 -1.7558871199164869 -0.35044183075103374 0.0067627936593174925 1.7563185286526175 -0.37944750193199095 -0.94384478844504072 1.2 1.6251507744309079 -1.407850689028892 1.5086567106159394
24 432 0.00078125000000000004 0.0013888888888888889 0.35473998685290553 -1.1474237381927725 -0.78910496530902208 0.91355036935995226 -0.086865528502834119 -0.55777394290044091 0.43411380302441005 1.4368244914059805 -0.087979958429012128 0.47848369498178167 1.8722008673243948 -0.75255884897249725 -0.044698272180571902 -0.19811955627766986 -0.010881032866778551 1.262093001171563 1.2 0.92379350738235255 1.0305995241806849 -0.13443942424352168
939 42 0.00052083333333333333 0.00092592592592592596 0.579625988410017 0.52881512921449891 1.1221635353721875 0.92479302702568456 -0.081923438145937888 -1.0799224423364731 -0.54958198068946107 -1.6706040003294937 -0.010866093451554718 -0.36385870236941864 0.37642443948188653 0.91740131005087378 0.055428922022887545 -0.30141866656680705 1.9990814708766753 -0.41297149688783552 1.2 -1.2407738151272081 1.3783987609122204 -1.176673476305411
466 40 0.00078125000000000004 0.0013888888888888889 0.68069459721974024 -0.83563943422718712 -0.47499672601016973 -1.5174338910253624 0.042118431540150214 0.73489917378225211 0.83529006517520754 -0.035691479131603199 0.070294661330664254 1.7360436415319613 -0.45464884521124915 1.9124388991470158 0.03315829820012417 1.4849886115499298 1.4215705750882215 -0.64401654027527711 1.2 2.7839456709876038 1.5564359762581035 0.8146282333787026
1156 265 0.00078125000000000004 0.0013888888888888889 0.61447857703731179 -0.66730790864968625 1.3994737628713416 1.0095375527290882 0.01506806419307978 -0.23862846845164531 1.3705274691528535 -1.8691901646144418 0.099418615609378036 1.7305446905061288 -1.4088584367834258 1.9936913240907246 -0.020061145467531086 -0.22602391885008144 1.7478464336566319 -0.22135019341954143 1.2 0.19265397529143552 1.9342983586580191 1.0830925541555261
1527 750 0.00052083333333333333 0.00092592592592592596 0.64936028566421589 -0.12796030557646176 -0.75086761245540057 -0.56766215830028477 0.098264602850873323 -1.1482084858655752 -1.799459420215987 -0.38380245836795845 -0.06004354119814697 -0.98350476171766088 0.92009065495910214 0.12331572964527027 0.088233900839657403 1.8735538784719603 1.6534113334500944 -0.00063152057379101123 1.2 1.2002257456677556 1.8736807399512221 -0.079560204007676313
525 21 0.00078125000000000004 0.0013888888888888889 0.22714925213508277 0.13185980853286372 1.37039607105002 1.992709976082506 0.0048377342031128701 -0.35790575763948151 -0.56762887732058953 0.31314729613334524 -0.026911440525678426 -1.7939064569194181 -0.6754184506980887 -0.87584830185627194 -0.019857856758135936 -0.47591182254849729 -1.7091576482180892 1.4369483051356449 1.2 -1.063454111607518 -2.2589886872512106 1.0056593772989599
184 679 0.00039062500000000002 0.00069444444444444447 0.77050561636370785 -1.9950412223033731 0.056252049882187904 -1.6611406329912124 -0.072975113562204083 1.8743144701794523 1.3756358278790413 -1.0226687742494467 -0.065087046822847078 -1.2694953575256758 1.7052045980476587 0.76232537458765881 -0.00083166174397442116 -0.23824285843038417 -0.63903714317630955 0.050947966341746032 1.2 0.4741140826459912 0.5596039708005911 1.5916182252670066
275 653 0.00078125000000000004 0.0013888888888888889 0.71099307213442631 0.54311171329515506 -0.66213747922926247 -1.2556643411494606 0.046137203729450738 0.71297133787104139 -1.0841650700707861 1.7381439036823227 0.0046815367810874031 -0.7867186194664777 -1.9501201401291062 1.6714107877400783 -0.018849533110663591 -0.22774876076938222 0.83927602180263383 -0.9124085146630585 1.2 -1.4506546435297745 0.61716803922421937 -0.36833141426728988
280 490 0.00052083333333333333 0.00092592592592592596 0.94764111425237763 0.7980696297864518 0.48473087310547269 0.76276743530553404 0.041911246545801639 1.5408431744637974 0.53180471701787546 -1.1647958442010631 0.056399111405559449 1.5946614593838109 -0.18878634270557182 -0.29672399805343019 -0.089792437559255756 1.3610947732697625 -0.30388234799674985 1.963835469029239 1.2 2.2455899427779742 -0.71269640006055557 0.95007832153712179
1005 157 0.00052083333333333333 0.00092592592592592596 0.36359614387064459 1.4102227954878175 -1.6575225111477443 1.8018218286200729 0.097521446416588442 0.65594316095020933 1.3595220550013329 0.59763079264438135 -0.098605323974676792 -0.24417075407170108 -0.15549640792727315 -1.1945915504105966 -0.069691861739267336 0.81222792484508322 0.40195391901844335 1.2573314052778883 1.2 1.1311264117256206 1.1085362890495614 1.2003414401498951
383 222 0.00078125000000000004 0.0013888888888888889 0.37992319825875748 -1.0102209916190565 -0.95155996567860957 0.28770393355174884 -0.070396078520105487 1.4490783383915411 0.099738941990494379 -0.0061266098912176048 -0.027109333689293941 -1.9921192380231454 -0.5028629023720006 0.04446219487965708 -0.0039837407957671045 0.9865670689701358 0.6477185382337538 -0.89609121253278712 1.2 0.97674522544847275 0.72029803445175944 -0.81954118649741969
1795 61 0.00052083333333333333 0.00092592592592592596 0.96935359495026474 1.5846175314638198 0.76537104043162074 -0.74390290250822577 -0.068620068489257363 -0.80445921289208178 -1.2477502646655383 -1.2059438268987694 -0.023608571500405032 1.9609425993987979 -0.76265940466938664 -0.47029958739860112 0.077356159763954491 -1.6113684816565939 -1.4897495197679138 -0.40339554203187467 1.2 0.80022997915146143 -2.2343377351295755 -2.1562537580117178
458 198 0.00052083333333333333 0.00092592592592592596 0.34359770940289436 0.69724022812435127 1.7656711129427358 1.508352668452325 -0.074702433988661943 0.27989590766630057 -0.77574309264535124 0.77744690532140526 0.012305668641025114 0.49151832598500755 1.4132706947500249 -0.23816116399846532 0.069434536998878582 1.3939121418831601 -0.72673408197544376 1.3076299099517201 1.2 1.0825596580331793 -1.3017622594430238 0.73151070915794658
298 278 0.00078125000000000004 0.0013888888888888889 0.90693133760037392 -0.017181170908105781 1.8643588237519899 0.13946721739968604 -0.054645179032216842 0.22754158870726915 1.7247124293509226 -1.6334737251509912 0.016279440347871502 0.26425521857417644 -1.0440327401863829 1.4047069773090612 0.049209070843883762 1.3347575594373393 1.1285569074507342 -0.025615292058807082 1.2 1.2799483635384374 -0.330859100905118 0.62947577879229544
431 743 0.00039062500000000002 0.00069444444444444447 0.96911507019188992 1.1808458582934693 1.1462645538273577 -1.2388928691372114 0.04021943456005686 1.0463216050953252 0.3418067640792164 -0.79251279950205822 -0.06248122382263524 1.9359522371060329 0.064303171141747661 -0.25750823272294943 0.034769093398124729 1.1415691490636939 -0.45533648951137451 -0.55243584628807252 1.2 1.8202427252753084 -0.96274010818896982 0.037323000475360156
131 382 0.00039062500000000002 0.00069444444444444447 0.54556073562523733 0.91342518971937237 1.2035401448757739 -0.0070074295104651796 -0.099171966605479944 0.011944621869021788 -1.006428836850239 1.9357889539856781 0.049485379157982817 -1.0893816067569246 0.96242453995318566 -0.16947550094077757 -1.7960915516451736e-05 1.2375728046352781 1.6421748827229683 0.37820903540453976 1.2 -0.13011804823193893 0.46912913161461212 0.91408764937979248
1351 20 0.00052083333333333333 0.00092592592592592596 0.59791514579421956 -1.7390447742427471 1.6472001692270117 1.7440848685459716 -0.067106210965317728 0.21493629447866924 -0.13335837982141463 -0.66104860161989265 -0.091106431364196785 1.3378803513082405 -1.9058604560861134 -0.061879147935803847 0.038193184896762294 -1.7287127710430399 -1.9667363953009982 -1.5595953795267685 1.2 -1.2919057962202087 -2.3133920789026012 -1.3732240392895638
1282 659 0.00052083333333333333 0.00092592592592592596 0.81696563561249236 0.56829212682636188 -0.38848794467952041 -0.56021992048722957 -0.060181350871406282 0.46137824323751708 -1.2955379587274143 -0.1380840742929923 -0.044807117714550149 0.80064370178912503 0.33665187836427579 0.23458706716988065 -0.034140184911250551 -0.57903490854441575 1.3661313476248274 0.53052970434229652 1.2 0.14104993804430421 1.5470334252831359 0.48591361021697038
1030 312 0.00078125000000000004 0.0013888888888888889 0.82080420598117654 -0.52448856236438468 -0.62270809717185704 1.5190506337203158 -0.0022436571282351825 0.76991998259790373 -1.6032524617238786 1.2098344642418444 -0.055030094297827063 1.9013855940938615 -1.7920127232578746 -0.8167557876857825 0.091117966965657576 -0.12713641688363397 -0.93191182050285981 0.48049178435996964 1.2 0.95966975472115656 -2.3648611742438765 0.70811294971302652
913 535 0.00052083333333333333 0.00092592592592592596 0.21540495664548398 -1.310432770077159 0.43272403623110378 0.61213929650564358 -0.09646654400254065 1.1377337646271974 1.3786839141972553 -0.88771940611516076 0.089786404013323523 1.0446176370768918 0.47364263638335968 0.24381347704605627 -0.012418638185953651 0.054553775088905354 0.66264852295335253 -1.0039076688165833 1.2 0.29310000432752148 0.62789865314874882 -0.82181722107619071
1272 72 0.00078125000000000004 0.0013888888888888889 0.17124122166246064 -0.22076382851100673 -1.6585927976749009 1.7989375641774932 0.03434226740275767 -1.5263117012377441 -0.81499968993263572 -1.1178458273220184 0.045552672683210949 -0.64075056747245229 1.3014435573651375 -1.4622556345428994 0.014928952561715267 1.7157048079780699 -1.842435476789777 -0.86642880629322017 1.2 0.13267260588570434 -3.0714706695563234 -0.18202498703790121
164 236 0.00078125000000000004 0.0013888888888888889 0.66277472786343739 -1.0523664936058594 1.5126392902159296 1.5421738921740582 0.041639704569510189 -0.1591529961131144 -0.47449576685974559 0.86344139720975122 -0.099022648898559079 1.9656127331997699 0.91869537886893404 0.24078369182526682 0.0013112003547245121 -0.24575749839907912 0.87729925468205883 -1.6383913398831242 1.2 1.5707201645338469 0.17567950755541856 -2.0497033561995193
383 197 0.00078125000000000004 0.0013888888888888889 0.07025884570104525 0.01655574343515287 -0.028394830621245148 0.61632002715399592 -0.076882544082664289 -1.5274638236194118 0.81173431381988026 1.5228714821324871 -0.036607474882909607 -1.0398337970253593 -0.70367242933061558 -1.7675573100678497 0.087829310501714469 1.0304385579736115 -1.9283018561631677 1.6119098598231432 1.2 0.21407148009902463 -1.3109430443661256 1.579831878905533
1362 355 0.00052083333333333333 0.00092592592592592596 0.60273682962039443 -0.6698104597933483 0.13318308791416866 0.93237733986314142 0.063758368923563208 0.23331755156516421 1.1995560276498884 -0.65434669351429298 0.034345826734092422 1.0219247481704401 -0.95433134674643183 0.86534925324299028 0.046345303338303057 0.87243671939735812 -0.60515956584466402 0.81895548468498358 1.2 1.0164816476175866 -0.5643411494153282 1.1906842112146019
752 1322 0.00039062500000000002 0.00069444444444444447 0.30123415333003073 0.29610322659310384 -1.3121234833080488 -1.6097405389435502 0.010860355866552138 1.3453247705881073 -1.2417772611085178 -0.50290324746210979 0.066680130821313854 -1.9026161018827867 -1.7636883537134245 -0.25686748909984702 0.0054158711970313939 1.9791134640399979 1.2206477766290025 1.5821217168186443 1.2 0.13858791621286545 1.9881843629310401 2.2683216122315879
1266 664 0.00078125000000000004 0.0013888888888888889 0.4936516097135531 -1.5373403460489135 1.4807149506142823 -0.52183137595092655 0.055618050972920635 -1.2944822072187532 -1.8208437796758621 1.5492388491132987 0.08595631051133179 -0.53363333128667856 0.030466857752751153 0.14107875958824279 0.078556628779111848 -0.69984189039184486 -0.084862894952418166 0.79946613471991279 1.2 -1.1251491135192218 2.3922501856524505 -0.78008730520159009
1232 582 0.00052083333333333333 0.00092592592592592596 0.085356014011652465 1.3350970880658206 1.0669065043795056 0.56381388451885872 0.0049988320129903813 1.6017061393557728 -0.11438986667219986 1.9760056267579009 -0.099481999452626133 0.73855163503133703 -0.5482988289720887 -1.1239932270218289 -0.025705598687223399 -1.4040685783876792 -1.8948829812943311 -0.8146891121361457 1.2 -0.90146399070638084 -1.3502579523256897 -0.75067596334912146
1399 429 0.00039062500000000002 0.00069444444444444447 0.91500470113535726 0.41219587283326709 0.30912723783449847 1.930113894260463 0.036474889836365543 -0.081938088640532314 0.83973513578442427 -0.26093737677882078 -0.096177805593119572 -0.8756966188497195 -0.51770683985751953 -1.1818596728491202 0.036058006256971253 -1.9043048350131122 0.87172881022581583 1.0901737933839337 1.2 -2.2546455664742324 0.63936083488444395 0.069873361913309034
1851 193 0.00052083333333333333 0.00092592592592592596 0.34967307382741081 0.2113032065103253 -1.6436659295884204 -1.6319116576568047 0.038342694518970932 -0.99717610653527267 1.0052067812544423 1.7343245564671546 0.02881558778920093 1.9233133814121697 -0.53075905558769865 -1.7432544994152819 -0.031431201964304517 -1.1281135889472371 1.8516305868075604 1.5017022146822572 1.2 -0.72335859633013755 0.63121126864808352 0.39379046986468064
1695 588 0.00052083333333333333 0.00092592592592592596 0.46447752659617209 0.24967575559080135 0.28160673454081264 -1.4907237332405989 -0.029076084016577353 -1.5181685156258742 -0.80197068305977259 -0.023186383647630926 0.078775130872317523 1.2544673288339458 1.714779467385942 -1.1584755058476173 0.057831082711161191 -1.083157355130103 -0.018687400515913666 1.8394786449682532 1.2 -0.14433572576245698 0.88982155116904549 0.13474924863776486
448 105 0.00039062500000000002 0.00069444444444444447 0.84440634085036403 1.4708676902393694 -0.40193352210643774 1.8178704060619699 0.014377200289394973 1.1401359621363478 -0.86290352288442262 1.7128770941571543 -0.039823989347400904 0.51286827914788846 -1.6239536954939338 1.7749543113197612 -0.076414519212243057 -0.042512545395978041 1.1030949889769004 -1.4215364327088151 1.2 0.37370579705545831 -0.68081156236116058 0.32800863726922297
2106 784 0.00039062500000000002 0.00069444444444444447 0.48547127415918795 1.8985759624887808 -1.5694296207933913 -0.44660956279197039 0.013215067792181068 1.7942839610945582 -1.6766012755898152 0.44822723443419177 0.046328909328837986 0.070044604698043855 -0.24827839057512202 -1.8706798100869784 0.0029455668102661425 1.0710440221570434 -1.8942469448348116 -1.9284651744597463 1.2 1.7998045289846907 -2.3867463412007921 -2.6249162611690231
192 504 0.00052083333333333333 0.00092592592592592596 0.53476408293021205 0.241749709482598 -1.5576405333717509 -1.1008888430691628 0.073922324845558579 -0.36477115728081344 -1.8711274642222784 -1.6620375246508661 -0.099182114742747574 1.858590683558385 0.69476164839602639 1.5166759460491095 0.075647884364736157 -1.6531728699554331 1.7994378925261287 -0.68072738548777467 1.2 -0.74607938648027561 2.8031730593353004 0.76709600722192739
759 1062 0.00052083333333333333 0.00092592592592592596 0.86090859009783094 -0.46019141388620532 1.0469384104749033 -0.63017340092003371 0.097389193099618993 1.4954394931770398 1.4915871376900185 1.0037173240704069 -0.080034919504524446 0.18520263166543138 -0.84654065883849228 -1.4431360335540875 -0.011479516566964804 -0.18652883391436559 1.260249939976815 -1.8194272781866094 1.2 -1.1048183332617194 -0.90637729777995923 -3.1280897455412084
324 1103 0.00039062500000000002 0.00069444444444444447 0.1692942520114572 -1.330854271422834 -0.21678991311768803 1.1560570268539028 -0.07272300586271091 -1.0993863887785453 -1.9058411334066978 -1.6062971544935838 0.057106064364182585 1.2809893793448595 -1.316967424079889 0.86698138472453801 -0.0014715977040128808 -1.4566977426155536 0.52679853098545282 -1.3541641916037968 1.2 0.27721360309848686 1.2101781961008278 -0.99278441197324074
1959 555 0.00039062500000000002 0.00069444444444444447 0.15236167724986269 1.4102424289666944 0.36428570221328194 0.8309423243049352 -0.077639109734797776 1.4493618059397071 0.41479105868366961 0.64658798660296313 -0.012999003957606198 1.9201995683225568 1.6346950022930691 0.38476993469869214 0.079418001047562775 -1.1966042087176514 -1.6393926368832905 0.42059382256736466 1.2 0.15047324537567675 -0.94371178080951956 0.91450064808597453
722 203 0.00052083333333333333 0.00092592592592592596 0.14518895407850629 0.89343859002939485 0.07031256604598024 -0.75362562818337286 -0.063710161420722305 -0.014383126316308559 -0.25301978613407572 -1.7495860378089922 -0.018934436874152374 -1.4554256675297381 -0.36584775168933614 -1.7896661021426588 0.074150951609882443 1.9630691365407142 1.1365908101793778 0.89701881013471141 1.2 1.2527585526442258 0.74782954349892783 -0.21949627721094159
258 195 0.00078125000000000004 0.0013888888888888889 0.66901724378313565 -1.5612892366167554 0.51802311307634152 1.1066723071988096 -0.098975292371663345 -1.8719294809438529 1.2777645940592994 0.27756470785297038 0.0028534729539389653 0.90137237967780415 -0.31928795833040446 1.0513374498118386 0.056652004370059211 -1.151529806519489 -1.1941954490816338 1.5626408454960603 1.2 -0.36449533987081167 -0.87253455988437267 1.3350409246834596
1220 604 0.00078125000000000004 0.0013888888888888889 0.77829615030484034 1.4078812041483033 -1.739252689149998 -0.43120030540294385 -0.00087002860774462731 -1.6384001675841691 -0.65148309968481044 -0.68381177604300936 0.035177845442746936 1.6411955535321443 0.48547778578926915 1.2325138431740212 0.065357600065786697 -0.90397963947707183 -0.93768113198997938 1.7954613619783428 1.2 2.2534050754689878 -1.3822743552183185 2.3063632241931744
344 767 0.00052083333333333333 0.00092592592592592596 0.15507425906545266 -0.25590309384526888 0.99251474840103038 -1.4734242120702365 0.0031750592595869015 -1.7340788305291501 -1.7558792389356475 -0.96797409923251809 -0.097263304394859626 -1.4852077608323691 -1.5602546229196759 -0.98895308186611208 -0.016802061411911276 1.7848597652634921 1.2333403335531141 0.47168206988634021 1.2 1.9809951332856146 0.88550704362557509 1.3514169089104444
600 101 0.00039062500000000002 0.00069444444444444447 0.44024548886389669 -0.34411771279267711 -0.10119685371262932 0.2499289283503332 -0.060409773029596159 1.0967656845746325 -0.83033628121117342 -0.20162469272914496 -0.061558380318624109 1.7663484669011966 0.15979735976009835 -0.81795801980687255 -0.09969188676174319 0.94129684226423649 0.11616661133640838 -0.65454325793494705 1.2 2.5048485064641302 -0.41666874281928767 -1.1631499231518558
703 1124 0.00039062500000000002 0.00069444444444444447 0.53079425298592053 0.88572277172600034 0.39419614582256646 1.5254671897577685 0.048157443697762259 -0.84110006988646013 0.34276342594529341 0.17232000667992953 -0.092614660634991866 0.31880891899657149 0.79304526773150119 0.61862581919802295 -0.05520772291750789 -1.2518263495093773 -0.56469737239731721 -0.57336543797473594 1.2 -0.84009922498867762 -0.42784842868421447 -0.85664984299312841
850 907 0.00052083333333333333 0.00092592592592592596 0.52596374425582648 1.005177883994643 1.7411492158978339 0.16643340452470445 -0.06442525391344664 1.919978626210173 -0.69201936283486187 -0.47230688659707143 -0.054519087106847122 -0.56123332787648739 0.30066319608968328 0.94974735148106282 -0.072913497800258048 -0.50226227236372045 -0.33264954212535658 1.7811145497594389 1.2 -1.8396089475891548 0.081125969850106769 2.1416884031075907
372 715 0.00052083333333333333 0.00092592592592592596 0.82928998423519706 -0.34979314453021981 0.77809814938931332 0.52808980219557222 0.076595719374175364 -1.4548478986699327 -0.76476478795155733 -0.087056818882673692 -0.059608050369171051 -0.71000245918396887 -0.64396893227932628 -0.64365536866612683 -0.01815226822026797 -1.0752139334711623 0.26166483912378524 -0.26235313764589474 1.2 -0.84420504257918794 -0.43198926953088429 -0.94260841076009438
1017 176 0.00078125000000000004 0.0013888888888888889 0.65497325204751589 1.4762934364050428 0.39415280312683665 1.82341762958831 -0.091787025103840902 -0.43124215568809809 1.0522455444171301 -0.28440757644700154 0.011451981962712576 -1.8649429299905038 1.7686996730682294 -0.92370064015144093 -0.069182727275122785 -1.0858256532910704 0.3996965670153263 -0.35611710610828107 1.2 -1.4970786884492129 2.1032372271617641 -0.027615795406894735
742 869 0.00052083333333333333 0.00092592592592592596 0.29619176168007266 -0.036231029502530987 -1.7735329177617727 -0.38419559894132638 -0.099149945127117792 1.8998210688743784 -1.4788179957299268 -0.79575198710849193 0.095190335956180011 1.7663819174582369 0.65546185560400483 0.16433426708315446 0.013091745700706772 -1.8208353261218919 0.91997741576815351 1.0702938820667547 1.2 -2.0960117401336631 2.0699961330419319 1.4479415635581834
617 999 0.00052083333333333333 0.00092592592592592596 0.71178419747576671 0.97862572875150988 0.98197114577880207 1.0132178642415886 0.054688365169693831 0.61181872698008233 0.55116178010748795 -1.1967723681064348 -0.059789159616339932 1.7141108977209196 -0.093881312558582675 -1.2504855436614939 -0.064594117415179356 -0.099462404867738385 -0.80023559511026265 -1.9018546281369093 1.2 0.21162449837403743 -1.4226527858732532 -1.8011424741170226
1863 289 0.00039062500000000002 0.00069444444444444447 0.72534307948963339 1.2788820998797781 -1.7045873415074539 0.077036568058550525 0.02802628678956226 -1.3253938963385279 -0.43829217303008017 -1.251372221275846 -0.018950330927237705 0.26062821502033229 -1.0306942889936623 1.0456962938797618 -0.071039778917582425 1.2873716936333386 -1.176861630315599 -1.7528482524292839 1.2 1.1017592864412145 -2.5772143720906402 -1.4848532349582466
413 666 0.00078125000000000004 0.0013888888888888889 0.33933809709340157 -0.86512858719771035 1.5018171165819685 0.67793417151316548 0.038257597772894475 -1.0480874609422992 -1.4883024019720832 1.912211577158788 0.026277804545854155 1.0811143446259583 -0.40291265605107052 0.94200516647710186 0.080691704124394276 0.85246671627993731 -1.068936660764805 0.43325410516758289 1.2 2.0292876665940103 -0.3945032552727592 -0.9358598363623869
2355 185 0.00039062500000000002 0.00069444444444444447 0.41272044733436719 0.26348410999511218 -0.76453622245999808 -1.4668332562930799 -0.064456327539157837 -0.072206949727068537 -0.71565678136484445 0.63512160424825437 0.039786975953514159 -0.072553954077562377 -1.4530304266617677 -0.53781719854985655 0.080416093822117674 0.67598241685964799 -0.72499973059606404 -1.9666962502580447 1.2 0.67337807888504442 -2.0672084910817365 -2.4406242638876363
1008 612 0.00078125000000000004 0.0013888888888888889 0.72222926324120629 0.99422661128751244 0.36191141422873407 -0.63465182058705993 -0.022259714195847782 -1.3814870481109116 -0.38863528964488836 1.5151061330510318 0.065811678968017151 -0.46257471878055378 -0.47699705275851345 -1.1529618227162066 -0.039089223228458564 -0.77994652193406377 -0.11117161003496578 -0.30906589578178867 1.2 0.38406554537250942 0.022729704506672433 -2.3093868101917017
1120 1205 0.00039062500000000002 0.00069444444444444447 0.12037694492227195 0.019101319582476073 1.0731595976634467 -1.6987713728068772 -0.079907043625811969 -0.88421642418520952 -0.021568490379211269 -0.75982043205085281 -0.084439338070530612 -1.8958266456398523 -1.2974935094794948 -0.59240313077861417 0.0088002046459960404 0.89305720821096557 -1.4829773586106687 -0.77682009057358137 1.2 0.99269753631569946 -1.3867593542033212 -0.097872439064447439
548 463 0.00052083333333333333 0.00092592592592592596 0.081710254399300089 -0.61363113107380363 -1.8379081173139631 -1.5814200929845259 -0.089508585460840603 1.2093601897147153 0.41734726651752885 -0.60037963627866286 0.039621383649318109 -1.7341456969724054 -1.7459680040889403 0.25545041770896715 0.099615318364460553 0.1069788230454507 -1.7858550193802722 -0.67671910960188209 1.2 0.31916889597029663 -0.86380104640220978 -0.050339291696999834
1548 968 0.00052083333333333333 0.00092592592592592596 0.73850443830262535 1.9251353247649985 0.62700335717184696 -1.0952555775742954 -0.0064947014564502165 -1.1839995072793887 -1.4671840174402075 -1.1787615040023947 0.017850299855595969 -1.0996587845927941 0.41554322044955727 -1.3176916502827738 -0.066321661462035386 -1.2613882934040443 -0.50243525940647027 1.0339066860732316 1.2 0.040765662828426273 1.1943495879847179 0.28665129354435293
805 302 0.00052083333333333333 0.00092592592592592596 0.67271858765840975 0.66579988536557355 -0.16396630519731215 -0.51462918732871898 -0.026656347815953982 1.597530432115057 -0.04148405869432148 -0.51355829127082409 -0.011026237923686261 -1.6400028203672679 0.33502765307524385 0.24411367591005506 0.03431556655725948 -1.2652889253519146 -1.1025279633237486 -1.5316650402369167 1.2 -1.450345474642655 -0.71082836899084367 -1.2355513120670987
699 391 0.00078125000000000004 0.0013888888888888889 0.35880303134439545 0.72841568655767919 -1.461398113684536 -1.6159657684201361 -0.070109393379277088 -0.26657533433130975 -0.33189445651313365 0.26893078701772888 0.070728762333932632 0.43168691979947305 0.9678254291979318 1.06496649516167 0.013792507408638605 -1.2733252011807301 -1.9413667114023658 0.93358250593593617 1.2 -0.86172886892987355 -1.4266663492960125 0.95780043736599529
910 127 0.00078125000000000004 0.0013888888888888889 0.56148171139556924 0.44252876718508771 -1.7780254232601029 -0.6667967446052474 0.0076160197734185531 1.0620314748765858 0.6284550924528558 -0.40885185991565764 -0.051120061049290323 -1.4438521561249256 1.4679442478306237 0.9733145512510224 0.046929132849072713 -1.46550037823586 -1.4572286783657082 -1.2380963086762624 1.2 -1.1727547208662608 -0.81786641436805174 -1.0341983721433525
1091 69 0.00078125000000000004 0.0013888888888888889 0.16242010035986912 -0.046206791919525259 -1.9568592301954424 1.8576281959025773 0.05933763131601702 -1.1993298268207213 -0.27257832649750702 1.9422967044870019 0.085842804616029916 0.19991986703891973 -1.2613841838505784 1.807479187900848 -0.022665024767446335 0.75550266749398975 0.83697129347085841 -1.9315833463578294 1.2 -0.16246611507176364 -0.7406489584745275 0.94826709705205081
615 154 0.00039062500000000002 0.00069444444444444447 0.45539909539423495 -0.83114823995813403 -1.5186242447925817 1.533445959112365 -0.080031619581854216 -1.2738296201763903 -0.60940428034569472 -1.4574142986119196 0.054388657173393279 0.070191548744975574 -1.0594474528967162 -1.5782617810011588 -0.099145780279142184 0.43051424033179542 -1.4092909155328401 -1.9393067932649224 1.2 -0.085968477656755374 -1.2767335345267086 -3.7113578001658776
44 454 0.00052083333333333333 0.00092592592592592596 0.61183903679828 1.0188857649949616 -1.8016860596661672 1.8334305762789302 -0.049457927577558847 1.4400043877077544 1.1384154848136703 0.48563663669531465 0.056891003745606378 -1.7706049521444132 0.33957431831426588 -1.5212686748316733 -0.023880996221688114 0.56718712469530574 -0.028035677470694687 -0.75105230655765443 1.2 -1.0146845778706721 1.6738181944285544 -2.7009327520048942
627 133 0.00078125000000000004 0.0013888888888888889 0.303641046213111 0.77769145609459889 -1.7340237988593135 -1.6599476472471735 0.074419407318957465 1.01881198017497 -0.83585678206722358 -0.16599209789839398 0.06415936925224594 1.843305386367796 0.28611145451364006 -1.0433894487712454 -0.025335531438345174 -0.61402192454423332 -0.81629205920657633 -0.69259907540805488 1.2 0.46416908348764596 -0.99205822671120825 -0.87834044314440896
1409 364 0.00052083333333333333 0.00092592592592592596 0.38313764959523655 0.203564868534579 -1.4126989977127571 0.72541277682057004 0.081396350516962146 1.924656454100004 0.99481235103400367 0.39631751752207123 -0.0075203774848377342 1.7949950422717906 1.815338905017037 0.68558875974108036 -0.023709759157018978 -1.2264458535547242 0.93925129589756384 -1.9577284623679807 1.2 0.14847144264157297 1.0571010220426438 -1.0000057573747891
2418 402 0.00039062500000000002 0.00069444444444444447 0.15395032395039074 1.0259852173186261 -0.32242025570139621 0.66323740089467087 -0.087862695172224656 -1.608934066599208 0.52816694645273943 -0.089808172316856005 0.059229030935658761 -1.1062412818597216 -1.3497717318147866 0.84976566936959008 -0.027255651575835024 0.20150407309235119 1.4555194635587956 1.7342028066726103 1.2 0.20482078165607798 1.04378346220415 2.1117311192155075
123 804 0.00039062500000000002 0.00069444444444444447 0.52210898576552545 -1.6088965480691191 0.40738302559395256 -0.56726235922471968 0.031490058583034941 -0.75355879310955975 0.28525454859811816 0.55349307755763011 0.082812768970320083 0.51806353392130866 1.5389314734619886 -1.8800321082565792 0.048209335727173952 0.47578421582882502 -0.21982584928109228 -1.6879896385124029 1.2 1.9278617987952649 0.15341989654480759 -1.8719459865403161
507 239 0.00078125000000000004 0.0013888888888888889 0.72167394661125239 1.7564277794051479 -0.059340016959616992 1.8876512566675663 0.04475541770824551 1.5875994728705067 -1.3635519085023273 1.9165145995299988 -0.093013661378951618 -1.4205230629270535 1.4471291590072193 1.5931309065329313 0.046770558365269388 -1.2569259081479083 -1.0412082257830351 1.7353403140568067 1.2 -1.7717389354116149 -0.36952895380365758 2.6276860869251117
1208 646 0.00052083333333333333 0.00092592592592592596 0.29870848316435272 0.8176910188715012 -0.77817891211551116 0.44363151700053338 -0.017060774895838973 0.70295637066969707 -0.85845524422849229 -1.9753889000215286 -0.0251381038943677 -0.24968416934178927 0.70105709044107956 1.0528782595156896 -0.0070645209955129823 0.67889445128611792 -0.52926275070786843 -1.9385917252477434 1.2 0.56518531948873163 -0.2937001488689811 -0.93427265705414331
235 1131 0.00039062500000000002 0.00069444444444444447 0.70636020445586334 1.8352660331291637 -0.78064165166860411 1.109475904804246 0.016653985237155139 1.9355664255573051 -0.19787451998499961 1.0374147880995621 -0.063973619683108843 0.24807422337060014 1.678787522975834 0.68286121780656561 -0.027698165742910424 -0.3768999690970154 -1.0549558396947454 1.2496527022407666 1.2 -2.3313009095234252 0.73207050035472176 0.19422977698964256
1760 309 0.00039062500000000002 0.00069444444444444447 0.91947878791521409 -0.44893348024991253 -0.91116151830326286 1.2733482262708855 0.059832818131677928 -1.7495494462721739 -0.92432629762752683 1.7993302006969576 0.09603561869756258 -1.0487554743849143 0.80117382886712551 0.75442400852981306 0.035039553212013796 -0.95655917484447217 -0.65368291036191506 0.46437346793817236 1.2 -2.3574176691028188 -0.60030315569920012 2.0328818467779892
1276 485 0.00078125000000000004 0.0013888888888888889 0.56945962316734555 0.46574323621307023 -1.2083948678805472 -1.5085782420510321 -0.07770422321847914 -0.84670795003513089 1.4323628767082308 -0.015029863638225116 0.0016143170025699066 0.94134569345881181 -0.27082741863000948 -0.3400595040953398 -0.073000010082652722 -1.3756744875775335 -0.26356986638615787 1.0915953024383453 1.2 -0.075188848187787607 -1.9608957396633833 -0.55261007567525378
1407 378 0.00052083333333333333 0.00092592592592592596 0.36649566111364978 -1.5496121542682637 -1.5252133918711399 1.3484840152834665 -0.08723070438279952 0.60316382755666087 1.785760414511421 0.33396694716650055 -0.086927147803133667 -0.13064393397091667 1.6359828726115229 1.732010911725351 0.052334565806973238 0.82809376149307523 1.9861167086712355 1.5375813439315951 1.2 0.2067284179475373 2.090027983206721 2.5169416720605162
871 755 0.00039062500000000002 0.00069444444444444447 0.13056306526311851 1.1211484854152958 0.99162295491141439 1.3061887367465874 -0.082330422414878382 0.32277682767980753 -1.4442132162141683 0.57850648067170685 -0.033628134132037427 -1.8727491668332972 1.4405434709691947 0.64856099717560856 -0.037420881473815018 -0.62531790629907347 -0.38650648026656187 -0.90421876282575342 1.2 -1.0167624315566239 -0.36276942138163637 -1.0342381481199212
666 222 0.00078125000000000004 0.0013888888888888889 0.33413013086968929 -0.17124626614708571 0.69820372623680349 -1.6396284054739758 0.074443648108623334 1.2750565357342425 -1.3966955962580139 -0.88932360189156423 -0.013473197334877479 -0.23911236105588696 -0.20034792428676473 -0.86297037656375597 0.076233155430102673 0.07454965836491434 -0.29478783475500769 -0.98769931539112443 1.2 0.38790413784432953 -0.70808764302349747 -1.3761610999553624
1843 388 0.00052083333333333333 0.00092592592592592596 0.55696317580361443 0.094111256237243701 0.35585753062690895 1.9875803058337449 -0.017635117880076351 1.5404307170600391 -1.5966288430599089 0.0037149554972470966 0.071914079579283696 -0.018052959301062099 -0.22360801663631147 -0.082119313022212204 0.090952265780858021 -1.7245022128295249 -0.34751517381439756 1.7155607218128925 1.2 -0.96904658413671996 -0.47226054631347947 2.7897750565606554
1434 1425 0.00039062500000000002 0.00069444444444444447 0.15977323700504484 0.68420312805258021 0.66975835537914818 -0.26450340425133501 0.09503169013875698 -1.0653659967828348 -1.7934190503617367 0.91052447250604951 0.091683825148541315 -1.7619095778305338 -1.2526147885117922 -1.5228816517716663 -0.080378229631014486 1.8530923779733155 -1.9689268474023534 0.37117154769851179 1.2 2.4333555627593415 -0.29844910511770234 -0.71813186758264425
913 32 0.00039062500000000002 0.00069444444444444447 0.71350601944417313 -1.8785298921111662 -0.82159205313316575 0.34806634855019913 0.0038612446153099417 -1.6175549561958635 0.97924056247789926 0.43263548150907249 0.049606391183054377 1.414855020480136 1.0509431612600384 -0.96603834906969555 0.024530553843398792 -0.65762926547813239 1.1397437249691778 -1.1994759269537822 1.2 -0.51812355978598668 2.421243874948467 -1.2465176114169763
1147 624 0.00078125000000000004 0.0013888888888888889 0.65573040700738461 -1.1293755159063386 1.9393897579696762 1.4310984776043636 0.06447520015740138 -1.9948762975236627 -1.0292022821568594 -0.76841964557073661 0.045663643943339105 0.95158109180621686 -1.0462267526547033 0.31128870027062305 -0.090099360689449487 0.26351484751631071 -1.7655927195052588 -0.060496979371169601 1.2 1.2581969792450547 -0.13602306469724224 1.5908696366693336
23 695 0.00078125000000000004 0.0013888888888888889 0.4899630770995117 0.091106516985247854 1.5834991290039402 -1.585130277738807 -0.026978749770400004 -1.3894088334825163 -0.92565011910258166 1.9134438060032783 -0.022710848502780087 1.5997704100479395 -1.8317038671176147 -0.35741700206635807 0.053794626355044589 1.0736832178030138 -0.3027230295759491 0.30608295368014993 1.2 2.4064204294100162 -1.4627994477548869 -0.09841709582628537
1306 819 0.00039062500000000002 0.00069444444444444447 0.10853840668407713 -0.28719810639850341 -0.2026494251445885 -1.3183436978989795 0.035298238820836103 0.71465368173790988 -0.63104359422315115 1.6231492165060901 0.021830936026540473 1.2199573527433332 0.52446004362701704 -1.9853714977815993 -0.052378328547764301 0.028453031244442428 -0.48672804230785305 0.75342570267578379 1.2 0.047111438309273432 -0.29092647720432779 0.24020611143349788
1832 518 0.00039062500000000002 0.00069444444444444447 0.2908102281340208 -0.8794875814962273 -0.57293169118134424 -0.94475376535774824 -0.0056538777860463962 1.4649189890795014 -1.7120254356619466 0.26387273213216567 0.046327728766827586 0.040972417663332816 -0.18202746339863385 -0.90272971782503886 0.028104312198421078 -1.9063114368685854 -0.26643128258486737 -0.54904718185279044 1.2 -1.5295381573021831 -0.85812624936155568 -0.93995123770802358
984 957 0.00039062500000000002 0.00069444444444444447 0.11843229419164057 0.92151827338140135 -1.9187920131970762 -1.9291268386176106 0.078691956845596073 -1.5267760021278542 -0.10034905378092951 1.9185282745285845 -0.081276948912026262 -0.4823337285897078 -0.10416955361738056 -1.9908778579975897 0.010321275270538874 1.8744392124344507 -1.1433745789924656 0.97046882597880435 1.2 1.7425059793554147 -0.56174767360047562 0.45227643139963403
952 1024 0.00039062500000000002 0.00069444444444444447 0.18925812758594129 -0.047055628399653937 0.40700223357387744 -1.8502346698501597 -0.038237780217898747 1.972571165623183 0.64674562149813397 -0.90604884615962211 -0.098920401626611962 1.2424954238044386 1.7860299358208707 1.0043727432810599 0.080045466501015988 1.7222960657875035 1.8591191639911941 -1.4168392617855661 1.2 0.89618223035868527 1.436320811089937 -0.29221653908078038
725 524 0.00078125000000000004 0.0013888888888888889 0.49930744262162585 0.27935287604414283 -1.7046848901784708 -0.44005126939222583 -0.055299804765964772 1.6441375563917946 1.8139193637261566 -1.5755353404098549 -0.05802114459763226 1.2761091334507597 0.39503987325562528 -0.5098806997132832 -0.061038425625923987 0.28804494013047499 1.6652929266310199 0.12605925272969865 1.2 0.1777280079212093 0.67803403033343956 0.44808567349977957
651 1239 0.00039062500000000002 0.00069444444444444447 0.91460871785042597 1.6703184537633873 -1.4655849903277218 1.2632596448574178 -0.015145632262790892 -0.39456929754861036 1.429704098815312 -0.92073769587656695 -0.074585780844674598 0.69290678797317184 1.1617720640947371 0.96427897251219941 0.061853018918611585 -1.4681528163007078 0.27985777015257218 -1.3003007222201548 1.2 -1.0394970971822195 0.78195473789178871 -0.28403279547747112
290 1403 0.00039062500000000002 0.00069444444444444447 0.93977014232159972 1.1557522500294355 -0.92109135380778895 -1.3000072187080645 0.079395882235961751 -1.2107141760851374 0.51656535885375021 -0.24941216533463839 0.047249477313190319 -1.1399990027828144 -0.13266497461742732 -0.66541925128395363 0.013489136349726261 1.6334501918938624 -0.53106602927928304 -0.22452776031362287 1.2 0.73930438031149637 -0.39231221294084273 0.35416645106890304
1944 15 0.00039062500000000002 0.00069444444444444447 0.14749167549116177 -1.3207260545942603 -0.60244732539061729 0.39610536137709884 0.082081962727680841 1.3081016242038879 -0.098767105249657483 1.9499616287585222 -0.090873796078308686 1.665122901304724 -0.95954643461446221 0.3125312669061957 -0.07199241629301352 -0.72692345813413439 -1.8915484770467166 1.9261435255112032 1.2 0.09882705185303145 -2.1367508959603527 3.5744393512318844
266 1317 0.00039062500000000002 0.00069444444444444447 0.20031809928923014 0.80506974435005008 0.10804131559395103 0.452578556764752 -0.027302984162860547 -1.1314206337189332 1.8743030634739006 0.42751301554155363 -0.0091731968145094961 -0.92277783809531888 -0.89428766368400048 -1.3487751195110906 -0.076729005134773653 0.94017863994391027 -1.3198051146630831 -0.61226750318185141 1.2 0.87061046129426334 -2.5867096188420136 -1.3144657371376041
2134 944 0.00039062500000000002 0.00069444444444444447 0.59260679291907181 1.3224083998875003 -0.50946410334681147 1.9591868011601448 0.037297520755360802 0.44927361742460858 -0.0054131097370309078 1.768318493447552 -0.067098836501858578 -0.61659821207458787 -0.72123033616473675 1.2899901114679952 -0.069086763778680227 -1.527024794604305 1.0620275980474467 0.51577897279523954 1.2 -0.9542034373928896 0.24583565833122981 1.6904383997807286
707 927 0.00039062500000000002 0.00069444444444444447 0.56794466119158327 -1.0727233691755012 -0.52919774322318425 0.42720094695454147 0.0011327270832572484 -1.9827059987792039 0.43192914990067344 1.0371468817296301 0.06932762749557328 -1.4697846820445926 1.2566928877775689 -0.95156323307239443 -0.014316593744247097 1.4635036822672274 1.4476845636683175 0.055019254208708457 1.2 1.434155334337196 1.9409791062610198 -0.83268127336384601
85 318 0.00078125000000000004 0.0013888888888888889 0.82582315632926839 -1.5998451193830991 -0.77618662924258253 1.2664833152136481 -0.014978660861055967 -0.77566489176274622 -1.0944199457365333 1.3334567720609147 -0.060544914662343734 -0.18108906374122702 0.097627999680200972 -0.40137030096764947 -0.03391882969613802 0.71980679162984362 -0.91465921728728672 -1.8512264276405506 1.2 1.5848713694924619 -0.2442345001893686 -2.6538985567465994
457 715 0.00078125000000000004 0.0013888888888888889 0.77353755960880655 -0.73316818935997929 0.086190538401341499 -0.34016711785182263 -0.012360239744157481 0.031993153923457029 1.8831555096404688 -0.99151807785950163 0.057511358083697006 -1.6642917211774222 -0.69176623213323873 -1.4007207159207655 -0.060072272620472968 0.25168534484445493 1.8053387983421589 0.6769172335697009 1.2 -0.780024230227365 -0.55801354537128189 0.60851945213265202
897 358 0.00052083333333333333 0.00092592592592592596 0.24744674052175375 1.3051028893894365 1.9356595409366282 1.2941568111563257 0.072163045212887911 -0.65893127282066155 0.35987549440117039 -1.2100934365805287 -0.032786160343901957 -1.1844033388266149 -0.40643695393427937 -1.729497515239796 0.0088359848961776094 -1.9563983424832014 -1.8477139125279916 0.085435846513845171 1.2 -2.1542222032823872 -1.6463536242706134 -0.7025079106410721
789 1060 0.00052083333333333333 0.00092592592592592596 0.18456805803677181 1.3001200092362528 0.48230596244219814 0.30245484381077947 0.029430219074204428 0.59300778955335565 -0.29531349733146506 1.6555649268615262 -0.097159939552952615 0.30906665057718063 1.5879984835474792 0.10604783434864551 0.055211973008114812 0.17250528226499506 1.2205705324527916 -1.2771955734884095 1.2 -0.44120182993654106 1.3188315336434144 -2.2386317765991604
170 488 0.00039062500000000002 0.00069444444444444447 0.008347666310683996 -0.61249796769975529 -1.0740571259282685 -0.73713994201832067 -0.0011196633408924461 1.9998218273297881 1.7602268267454044 -0.065869149553228645 -0.05941347880347532 0.11137571694839865 -1.3287640662375533 -1.1950023794067506 -0.064646712019627531 -1.509654073476224 1.9575085289445027 -1.3301343482483436 1.2 -0.28342239741132397 2.9148282687453277 -0.61146279633547973
1839 982 0.00052083333333333333 0.00092592592592592596 0.95142350020170641 1.8205939937493079 0.7719916289664237 -1.1532353937823214 -0.083943875512599589 -1.3401311983156075 0.04747928551000058 0.3487605358944772 0.054221955477525785 1.207517584491848 -1.7223390295222822 -1.907927180018842 0.086579888667015603 0.69769764841000725 1.6098835692334825 1.7794491860873256 1.2 3.9728701313275319 0.55085219726779977 -1.1869722887232015
1384 1240 0.00039062500000000002 0.00069444444444444447 0.072496911350826893 -1.43833791248138 -1.728418262736628 1.7687581391549987 0.043997304247663821 0.027958140196362002 -1.5094535664226361 -1.3472422331639806 0.029995269215128406 -1.5627851191492628 -0.7923861701489634 -1.6201792221988867 -0.055331935851018192 -1.3422689184205794 -1.7001341744848402 -0.74193593965523608 1.2 -1.3525842328906172 -0.68552689966213498 0.21984313290710109
99 164 0.00078125000000000004 0.0013888888888888889 0.630104213153165 0.13470342206192587 -0.21147077907967526 -1.5140936429689402 0.019020668464106522 -1.8013491100693217 -0.38882056442783597 1.577571248995024 0.054775611474070646 0.03028733724485555 -1.2026350940615576 -0.44095834402730327 0.05854658210150232 1.8492581144458913 0.26712305658217561 -1.2119506720919251 1.2 0.62079410038545135 -0.41838407496221786 0.51624958657885012
460 589 0.00039062500000000002 0.00069444444444444447 0.042482836006820873 -1.767862487776473 -1.5650424732526749 -0.59365789239456879 -0.0095049058734253816 -0.66366727197629594 -1.1926242207420068 -0.8667467165313254 -0.082796875658478597 0.75547857006329311 -1.1487538354900217 0.91306971499110823 0.063189074938927947 1.4288017814702636 -0.69775927641115798 -1.0188550369544886 1.2 2.0711427092556458 0.032895353828833344 -0.63419872426741863
1245 564 0.00039062500000000002 0.00069444444444444447 0.58108563860630713 1.2677641586258064 -1.3396389131059658 0.58890475712603685 0.033986596943657382 1.30379323617777 0.24409502662534921 -1.8481940827305072 0.024050938643695008 0.56011468417753552 0.84953665791917476 -1.3778434179227896 -0.02131302606948951 -0.94158624605776886 0.0020773331510901549 0.8819505007177324 1.2 -0.30933862851089328 0.49044317946079397 -0.2799964102475877
2168 2 0.00039062500000000002 0.00069444444444444447 0.032399900904519059 1.6043708191591244 1.8991033095289258 1.6287120381891516 -0.085336066544376712 -1.0285385120503276 -1.8736843502759752 0.92765839491677626 -0.094449593361688081 -0.59773576550899676 -0.38541222729650038 -1.698112098387579 -0.017561486899250703 -1.1059612739981732 1.8407653329549261 -0.40830434086613199 1.2 -0.99097764958021139 1.2229957971486138 1.5215647650482365
2467 1353 0.00039062500000000002 0.00069444444444444447 0.86909102331046162 0.22094298323230888 -1.7912887694234332 -0.9469312327006385 0.097269983793472126 -0.90922848411312662 -0.72635854574257941 -0.72318364783042721 -0.012712766302027667 -1.9892132928219737 -0.60520085958756198 -1.4400123870490464 -0.042777657972700681 1.7282980290933705 -0.68232962345655812 -0.80554056085303083 1.2 0.79451294533873562 -1.7647240962485811 -1.8186629380084314
1476 398 0.00052083333333333333 0.00092592592592592596 0.0010173227594099971 -0.82388342786533553 0.97023472698384294 -1.5658220758347876 0.057822375755608224 0.93998812927210862 1.1145608926217485 -1.6326219680807363 0.061096474386235639 -1.1955134399866694 -1.8382835725548814 -0.16439136867062487 0.081523526135678009 0.34908546559464959 1.5626025494786746 -1.7248547010638728 1.2 0.12100243917337769 1.9040980755215626 -2.4015949130999408
2377 367 0.00039062500000000002 0.00069444444444444447 0.48247639781515944 0.37456446178325464 -0.90436006111284017 -0.69364220134417964 -0.0068324390779624933 0.80958247432598052 0.28815398457937036 -1.3373380184080288 0.089531335662926564 -1.8447997194608314 -1.4193051116485513 -0.83219523690220454 -0.045388046492299022 -1.8125467461406961 -0.83324829307652282 -0.3103416324199384 1.2 -1.6323823898898964 -1.7699321706759217 -1.6128419799252423
1226 210 0.00078125000000000004 0.0013888888888888889 0.93115711120193922 0.81400782372933289 1.926249066669433 0.95385072320518738 0.054800435726582913 -1.7366379308627558 0.54687893405337373 -1.1036556315635582 0.077775636068759452 -1.7170637753692706 0.86385785219329536 -0.47830477848959196 -0.050101007035143266 0.73031208009838844 -0.84770546467340369 0.45504841859400136 1.2 -0.68273527772799381 1.5770441106934854 0.34426273811521196
1131 367 0.00052083333333333333 0.00092592592592592596 0.57730351443803296 0.98695981232585073 -1.5893958125598195 0.41937354788693915 -0.031166644639236948 0.30727982261443154 -0.85168118978087604 0.73635603522722759 0.021774825559438743 -0.57362512840946245 -1.7177255009175436 0.20524087404844327 0.005296227438935569 -0.4547493319508602 -1.8071415110819533 -1.9333129277899803 1.2 -0.4246186377312533 -2.7853431329491434 -1.2492739274853244
82 283 0.00078125000000000004 0.0013888888888888889 0.86466217578204629 -1.6856521220457732 1.5209340346727345 1.0993928810250382 -0.020626983397627363 -1.8262487422662019 1.6132163024527451 0.37152429929665098 -0.035773237889258083 -0.010770203747040963 -0.13171875787018195 -1.0558361934648843 0.087631431246596864 -1.553251721098043 1.2747600578594449 0.63110669836158673 1.2 -0.3749840302636297 0.13902099882460109 -0.90236074955448742
222 273 0.00078125000000000004 0.0013888888888888889 0.20710524682661835 -0.67360848555856645 -1.2542508745797152 -1.8384390381412463 0.063958418505989351 -0.12409192107991229 -1.5793443245232819 0.82269007329468335 0.064361554936149395 0.078788392560170006 1.5235646855530107 1.9649264104400799 0.0086212490442127143 1.6064040655815455 -1.0068718292155392 0.20116890354843342 1.2 1.7288661346999978 -0.2148926854752968 1.70568889478688
231 110 0.00078125000000000004 0.0013888888888888889 0.81875432954152738 -1.7134801045610915 -1.3555789088089805 -0.048338430665734844 -0.058376127020910551 -0.91544101852273707 0.70891013265757685 0.4993398321089777 0.087039046391199387 -0.86932162576549699 -1.764165693569717 1.1630069584716538 0.048291028015243875 -0.39290159711420802 -0.1168951673045715 -1.1981229140465923 1.2 -0.48270226169311053 -0.15313396676663402 0.097984963005225079
355 108 0.00052083333333333333 0.00092592592592592596 0.810278354377022 -0.90464543155434951 -0.28178344098110353 -0.86017947446302845 0.03285287224012573 -1.6403924500647982 1.3720256697367823 0.47397006828043642 -0.047815133513592838 1.0175633584944785 1.6013103037496519 1.2261752266764141 -0.00044701765384742853 1.9828334764194389 1.9617407811134879 1.2269164770386336 1.2 1.8112686525061445 3.9737555696732345 2.7533295517953964
875 460 0.00052083333333333333 0.00092592592592592596 0.60615606500979469 1.7022255056574735 -0.02778076596001755 1.6541255995672266 -0.091911962004632211 -1.7847534534543148 0.78277998081012923 1.7057653377351136 0.06397827421130961 -1.1933338549993486 0.37285121377567298 -0.59174169264361698 0.078034848280768926 -1.7940808508824175 -1.1057154299190324 1.2379096928061921 1.2 -2.3165637145584865 -0.60247880473852655 0.77857587070958945
1006 604 0.00052083333333333333 0.00092592592592592596 0.18408839724685486 0.33897025174423812 0.32477885365163184 1.0989182534555133 -0.034214029276417798 1.6045677932755353 0.53323344611499524 0.20726259590815754 -0.031754041383803666 0.32166911175523216 1.3820949088500623 0.52726721624368311 0.07455173227592285 -0.60033996619146723 0.86394155313705312 -1.387383450302385 1.2 -0.5891816677001469 0.88037203908280115 -1.0378230112930136
221 138 0.00078125000000000004 0.0013888888888888889 0.10576925963986969 -1.7225482232541576 -0.44721090926708662 1.6980974867644991 -0.014518450652139372 -0.45784906937312186 -1.0439538671495368 -0.76269333281734619 -0.053705542576558019 -1.9619367977514544 0.95067915212980969 -1.1942155227144116 -0.0016988460075435113 1.2747453776855502 -0.37027376768599973 0.79929896560637559 1.2 1.6254033108891806 -0.52675715844655757 -0.77080686910864915
226 106 0.00052083333333333333 0.00092592592592592596 0.31872138478278916 -0.32696360674744884 1.8883937600221197 0.86953760806553682 0.063297447432708348 -0.48988511780516664 -1.1592444413440779 -0.73615880839416903 -0.088224773640232915 1.4362526834513809 0.74011030903777719 1.0620749177907367 0.043939502697232846 -1.0978942656324238 -1.7974881863844518 0.21964657276828925 1.2 -0.71571644489629038 -3.5942701092407781 -0.6368195357908164
1114 896 0.00039062500000000002 0.00069444444444444447 0.97746794593416331 0.67900913155315656 -0.44196444511449284 0.89109364228470112 -0.034566792289431741 -1.6004841906927356 -1.6631737875029811 0.69513187826018052 0.011454277174553301 0.4720784704202079 1.7822164540256922 1.6828643408947745 -0.0028655505578260437 0.7675117064140986 0.50068272618668086 1.4824838488935352 1.2 1.2791316666162593 2.2584740809481452 2.3704261726812041
599 1200 0.00039062500000000002 0.00069444444444444447 0.81900937225867043 0.96121732152297712 -1.6995879794045665 0.36728654710061637 0.071829608531832817 -1.6640414846011033 -0.41802478178188851 1.2486569585155114 -0.079094248503099832 -1.6259372942278589 1.8848455104272919 0.40130298289848154 -0.0092832239857892213 -0.6359280657935189 -0.65688296455766571 1.6077680381306387 1.2 -1.1334702021247456 1.7144798949058924 0.75217401063752609
1150 633 0.00052083333333333333 0.00092592592592592596 0.70105331442191965 0.50439241339444107 1.1799899352358998 0.69611759807190587 0.085437394106635034 -1.1731195494024069 -0.70583879596676669 -1.1497065330254173 -0.005982623750145577 1.8350613988592395 1.3682043571870381 -0.98356302323137612 0.0065307529173532497 -1.9103338044592189 -0.99992404877609742 -1.3974223311516707 1.2 -0.26227090106816731 0.25816888250847125 -1.4312060109753992
639 203 0.00078125000000000004 0.0013888888888888889 0.57047867714726097 -1.2968956053119953 -0.32769713866838179 -1.6699368478367207 -0.0046920194730674936 1.0269118541992612 -0.51902154263556888 0.72031368084245129 0.088218416150890183 -0.23103081689809235 -0.60783018769226649 -0.79872410234908564 -0.022849518354004977 1.950038238300388 1.1680060207745719 0.029535035363668971 1.2 1.8490488359923027 0.48630411362878123 -0.091142821563914386
1186 376 0.00078125000000000004 0.0013888888888888889 0.18017150345848559 1.5076551974673564 -0.57578579981797162 0.56757828053926929 0.019097847474515067 -0.65360895444967726 1.7803922666754066 -0.6354657031099693 0.065067793640880611 0.65920517388140176 -0.45788303084747417 1.0604204370392556 0.038473651615730631 1.0595146776023063 -1.2822363829709884 -1.1361144311568978 1.2 2.0451734476907295 -1.5881914232862389 -0.3534276872927985
424 652 0.00078125000000000004 0.0013888888888888889 0.71903127509273745 0.6239972196496546 0.024854842400446664 -0.38550439102107958 -0.042988944224807396 -0.2445470624790107 -0.79336475779249849 0.66125447607006071 0.058559881955560583 -0.021790897857193237 1.5234825514393364 -1.7510255226317786 0.00051380894821931311 -1.8432043111962741 -0.18422654367704405 0.66983051484894851 1.2 -1.6022841135077934 1.3257017024978577 -0.85385455750322636
294 259 0.00078125000000000004 0.0013888888888888889 0.84709216442988489 -0.13761180484488511 1.197704690419112 -0.75431633135740395 0.091066894132020182 -1.6589580278050535 1.3392566271603825 -0.75089145159184323 0.088001133194950704 1.4961449607136919 -0.16744971169642842 -0.020324074242772383 -0.01073654296750777 -0.55857469128521142 0.26221670021821053 1.1665950231853728 1.2 0.27433615742794587 -0.13060523288227399 1.1548966108544167
1995 33 0.00039062500000000002 0.00069444444444444447 0.37783061984902566 -1.8369177088240196 -0.59684592308206641 1.60770000718701 0.031190084663037076 1.1919970809242244 1.7191537930328762 0.68435170839878223 0.041055324742922561 -0.98656528150630551 1.487818966883987 0.080316841205434475 -0.034094278730441782 1.6450658760461949 -0.17635942836160412 -1.9760408259711579 1.2 1.1112336685267949 1.3599137009664999 -0.31720331630361986
2308 99 0.00039062500000000002 0.00069444444444444447 0.57609307849808378 1.4279460784779143 -1.2711141336184717 -0.49736106492483589 0.095428583348808604 0.21564217933531848 1.8207755186033472 -1.6674087640552901 -0.047811448566990204 0.71194642343486159 -0.28379613452852892 0.2698519384225504 0.016536904319478032 1.6496041625164417 -0.49547289376289827 1.5708886500662644 1.2 2.7252751061880316 -0.089294301251904698 -0.088571045942542018
702 99 0.00052083333333333333 0.00092592592592592596 0.56798801299751145 0.39361268579046804 -1.2597143936474833 1.3000475413528498 -0.043595325228171916 0.77360711124196824 1.9219436669409369 -0.68375403594294548 -0.024896723970019116 -0.4232606190773569 0.32122990178502864 0.93085077316738962 0.046497010513947001 1.6891897172114096 0.67422436408687592 -0.66566021021109467 1.2 1.6211832031906377 2.2683466718483007 -0.85681553097888963
1296 1432 0.00039062500000000002 0.00069444444444444447 0.51744660712148771 1.394594431043318 1.2472694422386832 -1.4885920573689844 0.098613452266811341 0.27707498138212694 -1.2227942623084944 1.9807810308448484 0.038832014736470688 0.69132029899957459 0.051046406575041114 0.92370640201808918 -0.097424534235386689 0.7123094164289463 0.61216243423190742 1.9509044458848797 1.2 0.73156777586069688 1.6762477757310306 0.40410249066823739
1630 737 0.00039062500000000002 0.00069444444444444447 0.16123119160875643 1.1181397473833434 -0.0082491872387508991 -1.5191297171035831 0.073289369760519502 1.887882343940718 -0.42579573767985357 -0.99004902731567501 -0.063002761645338426 1.7501161427292495 0.38437377437586573 0.66955719982676865 -0.086977668496440397 1.9251464417796034 1.2243011394031948 1.9089183279875321 1.2 2.0434414259407956 1.0718695910704836 1.3456332496351195
2097 1310 0.00039062500000000002 0.00069444444444444447 0.24473706690412633 -1.6346594273091561 1.9775578816810708 -0.45754301104214168 0.012958047663781391 0.16971479021731861 -1.5489438421856456 0.49292361368293403 0.075585492009599964 -0.58622462351988247 1.789470953112998 1.5113850083699778 -0.034258083727697716 -0.92401377537115348 0.22689407295595343 1.2752961795021682 1.2 -1.9779270264070579 2.8106164776486793 0.83373012143931613
2177 991 0.00039062500000000002 0.00069444444444444447 0.11928326263122473 -0.43007496127543732 0.69526810478285928 -0.10180212691663604 0.055429813993229493 -0.48577784027272486 -0.39276372953077621 0.74572123331829943 -0.053748840473667216 -0.041755016426521241 1.3416362881425408 -0.5530423764213519 0.043017652073784829 1.2052122774729015 -1.1799106481909085 -0.16635150543957433 1.2 0.85571770550247206 -0.30394642462112592 -0.46264041581036741
1470 916 0.00052083333333333333 0.00092592592592592596 0.45208924467331502 -0.30382614218492776 0.79470146953132081 1.6872300650600955 -0.081128785184973629 0.67475729246202176 -0.82523957054080377 -1.2018017654716404 -0.055570912297704771 -0.4400814135334965 -0.26757831632486617 0.95208286525077934 -0.040579558906303825 -0.50012224453598186 1.8500464322442016 0.91373424312812501 1.2 -1.1306784382783581 2.316443900529074 2.6156576557770568
996 949 0.00052083333333333333 0.00092592592592592596 0.048702653580559696 0.72045258059274397 0.14776147447167398 1.0395002802689191 0.027480177078654633 1.9282820201137891 0.41923717621151146 -0.98351837410373211 0.096922186175026681 -1.1839582007391569 1.7593383761955264 -1.0043893394706167 0.090462293839134178 0.24301491848619738 0.19785289146799112 1.0204834512762262 1.2 -1.1038773213328656 -0.025412907140363542 1.5521202538685366
906 599 0.00052083333333333333 0.00092592592592592596 0.5874028599925466 -1.1675636054812113 1.3003075077418838 1.4489456229212108 -0.0027127576383304819 0.95381971252187192 1.1220203396131092 1.2189764261380556 -0.045288739415930993 1.0165528615425816 -1.6602936070626937 0.57034669486867973 0.086259404905260822 -1.6629119622675304 -1.7271522491352655 1.2210041911227334 1.2 -0.88055920213916672 -2.3080782359912795 1.0678091612939642
1110 435 0.00078125000000000004 0.0013888888888888889 0.14606949076603265 -1.3792051412408153 -1.4687823637885389 0.17886285220778309 -0.058084883293113787 -1.8666069163654009 0.80959859891823616 1.8692032208083136 -0.063397427347628724 -1.3067784731528724 -0.19075021425286964 0.81169784083335772 0.093738925759430936 -0.489884187746505 1.7206767049274707 -0.56079558251135309 1.2 -1.100431925194701 0.37426624470085507 -0.59339731961391018
718 115 0.00078125000000000004 0.0013888888888888889 0.22898755312626046 0.26499601612098633 -0.70175839747763202 -0.97615412439651328 -0.087694776485057177 1.5073572014385026 0.91075538087895902 0.49745226733059056 -0.026742258227849661 1.4145620826103755 -1.5279645027251068 -0.43008549291629627 0.00059310499697713681 -0.92237366385077069 0.32061764965093298 -1.7408686654204204 1.2 0.39087001801833537 0.42964917500208805 -1.3842278807229587
1020 1224 0.00039062500000000002 0.00069444444444444447 0.82035986472377298 -1.146215814650724 0.96855625184632421 0.50385222390829387 0.022984289327632634 -1.5776749428827124 -0.092885665501451609 -0.69099473755920382 0.070484435783398997 0.23471277233389909 1.3412882794723182 1.1376650686291407 -0.077941328317881031 -1.7019808443657833 1.9467765032093411 0.081783593635521346 1.2 -0.15858090624416282 2.6948310905824391 1.2912111607927881
30 1049 0.00052083333333333333 0.00092592592592592596 0.05805185426420368 0.37888670326853635 1.7684085898986779 0.97596520595508274 -0.089593938115947125 -1.7251479558714231 -1.5834416664091684 -0.33940204979741528 0.068198979879381089 -1.144164286042562 -0.15458172145822457 0.29190577877258228 0.01796614287547138 -0.51378046908649244 -0.15889567332393506 -1.8302915048215196 1.2 0.55634657197046311 -0.31557459791439341 -1.9927947865791944
1503 1332 0.00039062500000000002 0.00069444444444444447 0.56707354600396698 0.86497307806479728 -0.60285913839225147 -1.8672975251075123 -0.059267888430189646 -0.60969108446806031 -1.5948359408190393 -1.2425126377619575 0.088722698411648288 1.8697437798657082 -0.89186022308682622 0.35319625352394679 0.038004770767947255 -0.94929983005265406 -0.79210026351144558 1.7526324715755015 1.2 0.68737973594782276 -0.04085259133927089 2.3631312700328304
653 562 0.00078125000000000004 0.0013888888888888889 0.99873738492630038 1.6598866935631098 0.70883724036837936 -1.5192329480979367 -0.063248582426045002 -0.35322285178077362 1.5417899554725425 1.7617832552882242 0.0060208566625774979 -1.2253128430452516 -1.5706306222522106 -0.72041456111872293 0.0085268509720863028 0.16007084209035849 -1.5272935882167502 -1.6946335384035449 1.2 -0.68948091105981435 -3.2798319120592856 -2.8552928980340595
845 570 0.00078125000000000004 0.0013888888888888889 0.65104960036252946 1.2258056091133844 0.650798450934305 -1.0197507727097435 0.092086050214560317 0.83262226849108067 -1.7870116534384128 -1.4334925102045961 -0.040605200383155099 0.94415033105572421 -1.0272611257099165 1.8648925989835949 -0.034570808963434146 0.063491720341625424 -1.239778797906987 -1.6488599535577175 1.2 0.47523921930856089 -0.53193210208592168 0.061778294734358988
164 0 0.00078125000000000004 0.0013888888888888889 0.91693164853930054 1.8756494436962043 0.78674468045515766 1.6174914008822001 0.072370789120715012 -1.7758400916479715 0.99198790904484513 1.898363945401639 0.096845182410129044 -1.5964420193567794 0.96451983797274288 1.9216365044592498 0.0039511386584792085 0.0022796533292264165 -0.14176050901509729 0.3271852004476572 1.2 -3.7129820653776315 0.92151013214523947 2.2326775672784258
667 435 0.00078125000000000004 0.0013888888888888889 0.73126209247313323 -1.2769087101135037 -1.2692343098422638 1.7944247832171309 -0.0065101126665475934 -1.6490005253334985 1.9707781600190519 -1.9907614708225889 -0.069956713242827956 1.7852071777041072 -1.0116595647147784 -0.83341179904801166 -0.046969034135105031 0.39912243616924448 0.24347259858980053 1.0569284267842609 1.2 1.691072403629658 -0.81706123063742953 0.79835686172862819
160 327 0.00052083333333333333 0.00092592592592592596 0.62813936542613646 -1.9060131059197021 1.6364606663006982 -1.3846614850748598 0.056829051331010183 -1.9608731696574093 1.8610574122303842 0.36286745966960465 0.04839664137973701 -0.21096263008870153 -0.79571026280526125 -1.6991269973120104 -0.061700461736800598 -1.891476786490772 -0.10818053465936472 0.90123034080192488 1.2 -1.0664794049381963 -1.093155296970439 0.99729885005429131
1076 346 0.00078125000000000004 0.0013888888888888889 0.87473240629544513 1.8913617476257145 -1.3217844653063047 -1.3839460659997704 -0.029327178916306942 0.65444035605370354 -0.65710285673632995 -1.9229317184407333 -0.07358786186695275 1.191973023920831 -1.5287103193555187 0.3851992254406178 0.027579259354398478 -1.6348876669492385 -1.1303809820954585 0.43615447087137582 1.2 0.60121642683687182 -2.8249025987932264 -0.20219010730452872
1143 1176 0.00039062500000000002 0.00069444444444444447 0.2871330810098453 0.94212136541495051 -1.2463022162622059 0.55016180713572505 0.08161450691405342 0.19527698051009379 -1.3359422691795433 -0.64824447237610716 0.07995844981640024 0.75836792886473292 -0.72600880088577435 -0.36296722030645645 0.01852926350747415 -0.57041279835122349 -1.7132609394452154 -0.57198456612765369 1.2 -0.50347247959586661 -0.8218638763383096 -0.28262772122167951
1261 687 0.00052083333333333333 0.00092592592592592596 0.81446787078236549 0.84143718139343093 -1.1955011134252929 0.076724895251467196 -0.096156183431700584 -1.8388553157128809 1.1002287940931992 0.65038840251878671 0.037555724200919599 1.5774312255028269 -0.97251860044719418 0.20068633798045177 0.08054557094941614 -0.56285752020224189 0.64044008726275425 1.084552637214685 1.2 1.2149206717120518 -0.67553878353520647 0.89332260754302351
79 296 0.00078125000000000004 0.0013888888888888889 0.99134474700465047 -0.22003184216941518 1.0363831406264361 1.6033782092637616 -0.0010938496932351577 -1.134999281868494 1.3194138009677996 -1.0671239176605676 0.00515567733398134 0.40778871596886823 0.8775832918347839 0.98364933276694799 -0.0098992191999263818 1.1953689783501678 1.1019253277307173 -1.7895320017353531 1.2 1.3356164195131264 1.0880363658458261 -2.0190646596296897
187 454 0.00078125000000000004 0.0013888888888888889 0.56243312156248626 0.98924138745101153 1.4557803771546092 -1.2983561588972341 -0.043558656063847748 -1.363208293823905 1.0748523100116398 -0.65256400457968677 -0.058567489459844163 -0.42749170589445651 -1.7012771940561637 -1.6585106577173141 0.065583790255058533 1.4933595282486221 -1.7101885178920311 -1.5097498656503654 1.2 0.71028884365700073 -3.1007754552834701 -1.0547262721331387
221 458 0.00039062500000000002 0.00069444444444444447 0.14573967918760122 0.13154827093398502 -0.020124524869435945 1.4651208645018476 -0.066404585588082557 -0.10135549197387705 0.37414951534975227 -1.6098718200861248 -0.088931249175701832 -1.0307020476268098 1.1809569934435418 1.2133606114026496 -0.031111919220680462 -0.50052461540361914 -0.44033072578746912 0.88243104763248681 1.2 -0.65376237196498344 -0.094975188463406704 -0.60506453078553657
1618 378 0.00052083333333333333 0.00092592592592592596 0.09134064395734115 -0.82336802973358747 -1.0954616269710593 -0.22094732033389697 -0.017972865098959345 1.3588531151617906 1.8975527186279026 -1.9151317489850577 0.083515621286924108 -0.2555576371320063 -0.51588276364366514 -0.57325925916489195 0.0048617574999952062 0.082268978595698705 0.82570954383353401 0.33524135568314994 1.2 -0.081984709501507685 0.49021716285701167 -0.36389852968469766
2551 1034 0.00039062500000000002 0.00069444444444444447 0.072439717234426396 1.2024657768970601 -1.0050364814332897 0.54173767051767596 0.060612123069562901 1.2829475734806493 -1.0014762065996208 0.49891350131420653 -0.012518522173131125 1.1863048602730228 -0.039014793289035232 -0.23310206727063854 -0.032253137036855173 1.7413361038883566 -0.28498077728734739 -1.2498054672244403 1.2 1.9482886976764346 -0.67180498995837423 -0.74918729878694201
866 518 0.00078125000000000004 0.0013888888888888889 0.64408085786718217 -0.37932162800432323 -0.31803259775505177 -1.132486189672504 -0.017467548928040838 0.31679835578627813 -1.9967000214241444 1.9063640594487667 0.048003044899960629 -1.828257949948271 0.65897215729470116 -1.632955016693884 0.094356383211906258 -0.015674457140441689 0.055834196917986745 1.6323869116270604 1.2 -1.1892951782574395 1.0108296328310258 -0.53466966992066467
697 397 0.00078125000000000004 0.0013888888888888889 0.71997060734276541 -0.41838186838203262 1.1828333149249959 -0.55047417328349635 -0.029340201704990104 -1.8676350957190331 1.9652430354979025 -0.41411571379149859 -0.031942711890612152 -1.0234469555324752 1.4783117246957813 0.03434547934734633 -0.014285293263672089 1.6482446084877611 0.82928410636434036 -1.8344810529737412 1.2 0.89746599307272756 1.5080417497249341 -1.5255907714688708
230 85 0.00052083333333333333 0.00092592592592592596 0.61303209460565911 1.3801873384429659 -0.19956346985583195 1.249197025113816 0.066061957761327283 -1.2954500019772035 -1.659746703451269 1.5760444203112534 -0.042278239308785853 -1.0129200001136778 0.1457161445838735 0.21721219010060455 0.096886818226445071 1.3311362441515024 -0.24523873099444682 -1.6926496585724489 1.2 -1.2175693002308021 -1.1939363846441544 -1.0073592035923165
1250 791 0.00039062500000000002 0.00069444444444444447 0.51131206627173731 1.8388813516305254 0.027424390527517772 -1.6944027670767023 -0.036700070629036449 -0.10264198361705867 -1.3489864364491759 -0.059542902341340742 -0.08203919653672101 -1.1143242783115057 0.448771153622324 0.23512731768953232 -0.093272236974586309 1.9544090445591311 0.1452583833143386 0.73842195815646017 1.2 1.1646019470177407 0.43748352035544497 0.77810024690894697
876 555 0.00078125000000000004 0.0013888888888888889 0.30381516892586752 -1.2369109070722959 1.5642353588657274 -1.7055722855179982 0.037905398558794434 1.8941421513736514 -0.11244958895724988 0.93256568972572484 0.090368080881803037 -1.8252446422716937 0.20742432266071908 -1.0126344799886642 0.0067174128611316997 -1.7892272782942849 0.13858081839242109 1.916375904365804 1.2 -3.281537196372784 0.7204104606849081 0.40448654201689394
1712 772 0.00052083333333333333 0.00092592592592592596 0.05420730053267446 -0.63762070628188017 -1.9978058236244398 0.057131906156236756 0.040901982159728956 1.3712705436592554 1.6375497072692982 -0.81136991282767523 -0.015792673777856342 -1.2721286706850834 -1.1549880611196435 -0.22159157026858933 0.051890345392630821 0.26475679875288449 -1.9846654909952219 -1.8825025770294368 1.2 -0.72032748853394113 -3.4778211049860013 -1.2083622406555603
1249 88 0.00078125000000000004 0.0013888888888888889 0.5720848785606234 1.4079573852671485 -1.5071773831710473 -1.4699953075128147 0.054681163129394667 -1.9133297683511445 -0.43580127561831183 1.4139681464788416 -0.058925041804657657 0.73417111226756626 -0.41006814467631791 1.5268312757462086 0.063569286206063363 0.28072785513184195 0.82479560683061592 0.2894450262161401 1.2 0.48120939783840927 -0.94357967359782846 0.66667758735534322
383 988 0.00039062500000000002 0.00069444444444444447 0.55837803523419849 -0.10920735756125088 -0.59035538097450457 1.5289023811701381 -0.0055101306267966166 1.7791693139857703 0.033982756586209195 1.5518105213934503 0.048747849153690737 -1.7774349544891952 -0.94627878944287103 -1.6315453304819014 -0.096588339137315349 -1.5361941770464793 -1.327690845907421 1.0676590695508996 1.2 -2.752971624692766 -1.2858569894104319 -1.3190970953716432
1630 882 0.00052083333333333333 0.00092592592592592596 0.42684926482228652 -1.2142789929853279 -0.61263848588560421 -1.0988569228643712 0.06241828645163966 1.3651890002896194 -0.5668937013298927 1.8646445119334163 0.005590694456211992 -0.6685197497353208 -0.93898903421799229 0.031386679261204975 -0.08251439661053328 1.785493836112634 0.8276324249630429 -1.035285438905833 1.2 -0.17749011129865316 0.29754745000881444 -2.4667742689782606
201 24 0.00078125000000000004 0.0013888888888888889 0.28678904846311715 0.60738514580268532 -0.46369708321001202 1.8330589263659038 -0.086267081771910226 -1.8944514782521726 -0.56901888695885283 1.9519535171511571 -0.0049485264152390601 -0.31263839185689291 1.454734450948469 -0.64470013510271951 0.098077993035774413 -0.18911307539343536 0.73241171915385594 -0.022230355915962008 1.2 -1.9182977419029794 0.73055375621919139 0.27760092872057235
763 668 0.00052083333333333333 0.00092592592592592596 0.38190428960524408 0.55089902477211217 -1.4687975740815324 -1.1529372775242432 0.033895196017385443 0.46883235517643662 0.74176555584777892 -1.685430718662003 0.066726373912203624 1.5709757169413376 -1.575685929678289 0.095105762240019764 -0.071228629304322125 1.0177624024566438 0.29496552484104521 -0.84244423926714962 1.2 1.2116701950065834 -0.15884079182469629 -0.14701197813684724
399 281 0.00078125000000000004 0.0013888888888888889 0.90403447499682033 -0.52551404204050467 0.33859266856445114 1.9985609059284122 0.0077918344048396315 0.3410689293157092 -1.9836197992233804 -0.59175338862265869 -0.028601059741100457 -0.84970687297970926 -0.34209716634379461 1.4031905515634833 -0.065946508784384988 -0.17542441648148799 0.36189309789383728 0.73776769448694202 1.2 -0.5938190153958105 -0.44832285210396045 0.99560302167011194
2338 209 0.00039062500000000002 0.00069444444444444447 0.87323554787874025 1.5245921414091401 1.1683799122796596 -1.8803222678216698 0.089006918468114732 1.507931535584758 0.75043594608957553 -1.8365461372292282 -0.0603526868384495 0.030124026603400189 -0.16768183326606279 0.64254468529631925 0.044289878685811107 -0.47900444589992874 -1.3001022301539238 0.5035904329990295 1.2 1.4787316157661752 0.040762394252995368 -1.411921077323691
846 4 0.00052083333333333333 0.00092592592592592596 0.84610444370253046 -0.58778886364096028 -0.37908543150441787 -0.38761656694807423 -0.041579403117909468 0.37245721625387818 0.71472475063911167 1.9094129297047528 -0.082050746971813901 -0.49862905414325631 -1.5015992786191128 -0.95859430133883228 0.032805959469886514 1.7382353106154627 -0.060870094704387867 -1.771329217104368 1.2 1.524520829564135 -0.50185803183947431 -0.5585580880748694
905 591 0.00052083333333333333 0.00092592592592592596 0.095594293183645623 -1.4929469236189701 1.4906971111044331 0.63447297310356232 -0.0021105110020545048 0.23589008129847633 0.87597281731582255 0.086811637746320169 -0.079878252546967454 0.50110988805154699 1.621212573508259 1.0395090207985818 -0.0013613279580313858 -0.26511699675749911 0.17408482554028781 -1.7992820145303989 1.2 -0.12831554055001498 0.13323327310387231 -1.4443512604271431
1055 436 0.00039062500000000002 0.00069444444444444447 0.3578501295678379 0.037080186597624465 -1.5373790909682512 -0.025726688039960699 0.066013956400823831 1.0062307736230314 1.1079550661652018 0.24105676920019015 -0.011109396947417596 0.11245472372950083 0.75621328782880948 0.074139213690062267 -0.038828616995366771 0.5621947177041986 -0.48510766693438434 -1.3498944138501527 1.2 0.84786931892243556 0.4199473936292174 -1.0459621614049242
1868 306 0.00039062500000000002 0.00069444444444444447 0.91716729422098098 1.3073841188268465 0.94976439364505216 1.8549148182348696 -0.058959314868313142 0.029318336807921952 0.24218038468727521 0.71382929291502117 0.061324603199321481 1.3558629666655526 1.7282000483266002 0.79629039851854788 0.040071781356519343 1.4996386460971811 1.3084848005315588 -1.2959526542858124 1.2 2.6999892736594888 2.7868808038343373 0.56002984048854099
1032 146 0.00078125000000000004 0.0013888888888888889 0.34719014555260225 -1.6991417730241101 0.018234428892150323 0.66616322052336985 0.093459983718825329 -1.8388167490357024 0.26195139104949794 -1.6286752073614821 0.034480058400942482 0.416830436951654 -0.31980624061563656 -0.83136955379403155 0.04185202468981486 -1.4078690417118502 1.7938209268175069 0.88279195803645294 1.2 -2.6276647931965402 1.4310353507192883 0.028475799132978447
1773 806 0.00039062500000000002 0.00069444444444444447 0.57528571813140383 0.97229298116022855 -0.3539709323002036 -0.17571028349823692 0.010852870410327259 0.022828995295683718 -1.0616633952323102 -1.4600694084177395 0.048974745698520089 0.25949403217578348 1.7723369609162467 1.6273286593794651 0.058338205618340966 -1.8749307513437747 -1.6056715456781356 -0.064998290978985462 1.2 -1.0987643495347879 -0.48300612972341206 0.79460806902584669
1051 335 0.00078125000000000004 0.0013888888888888889 0.56298459040503801 -0.38099849396388619 -1.9314089920653377 -0.45168585760455171 0.014883123026243325 1.6179056434853436 0.37624249597098869 0.89545809104596552 -0.035747470052545527 -0.50996446236528303 1.2163128368012113 0.84446872990845634 -0.0018418594129308713 -0.88111700623678546 0.24890595694918272 -0.40095793791335632 1.2 -1.080409748205317 -0.23427491803292724 -0.12852507815776046
192 886 0.00039062500000000002 0.00069444444444444447 0.2136983077017714 -0.24199171956690568 -1.265110614986416 1.123584680142232 0.099961048161976734 -1.0089686863496969 1.7800781507990711 1.771222199504594 0.017397123406327666 -0.30311638354764137 -1.2487390290634948 0.77986997310602613 0.076057462241878676 0.35565037667809163 -0.56728806551955646 1.0741189481411153 1.2 0.64738383084046658 -0.15163164102497886 -0.10948913743353947
967 378 0.00078125000000000004 0.0013888888888888889 0.77266520126733296 0.014161080422700589 -1.7337789253067282 0.199387132241438 0.016528482002119135 0.91710194785844523 -1.2677395727647358 -1.2141145312593364 -0.026306882215904201 -0.22793669062471711 -1.1715171805960058 -1.0198729120950589 -0.032918619390888318 -0.86418269209775778 1.5750932155473913 -1.7508395862529795 1.2 -0.91202873609617163 -0.12847014828419343 -2.0048027674619187
1532 527 0.00052083333333333333 0.00092592592592592596 0.58882757920129536 0.31551915985517409 1.4670090609538473 1.2348229120482013 0.033599649239234197 0.45814471284226688 1.7228197171750068 0.69693229166342041 -0.056691385919463322 -0.26511693338746589 -1.4744526296221054 0.96321283674822711 -0.00017909208156161038 0.18596697229390413 -0.37047148186005652 -1.6511396552241133 1.2 0.1876099724338266 -0.26581947260024208 -0.27198718050959586
450 803 0.00052083333333333333 0.00092592592592592596 0.0383921769262544 1.1520979490619419 -0.24085876386431115 0.83249861875010733 0.097626816425724766 -1.6549930374524946 -1.1144720550015541 -0.98689399521206767 -0.048528999301348665 -1.0820971322880069 1.6561358855327906 -0.0029486745598408248 -0.071489611742204209 0.51861977010933247 1.9484522187019659 -1.9646752472219937 1.2 0.57581573764588323 2.2954713178251507 -1.646578814815576
1064 211 0.00078125000000000004 0.0013888888888888889 0.85708273273981428 1.3404962341058173 -0.93523559139529544 1.4855057934220413 0.08620407694239185 -1.2574107885308687 -1.4176645058478465 0.8962429860362473 0.020047762414328082 1.5988352459528956 -1.302444910769919 -0.89098714887114694 0.075145921270796529 -0.52779904892688556 1.4439194717064066 1.4357497485578019 1.2 0.91211481626210333 -0.65984290620353048 1.5243095474314396
939 438 0.00078125000000000004 0.0013888888888888889 0.35941701702684958 1.7306378900869395 1.569765255092836 -0.78693253043131683 -0.052754496890627056 1.4206886478034004 1.2896550676652594 -1.6978121473771584 0.097286815672534915 1.0816487372831998 1.7889157321543951 0.60982657426112086 0.021889449616998929 0.98358971215602464 0.14116157381581296 -0.45136914639546521 1.2 1.6114481709393798 1.0650164500065749 -0.19813793951860073
230 1147 0.00039062500000000002 0.00069444444444444447 0.18982327436351679 1.2968809990340451 -0.25902103254394238 1.1084167947174537 0.098135507869775179 -0.14329194178551452 1.2643124804961841 -1.8034026671458974 -0.084811789100261714 1.5705842900536111 0.93226688389443746 -0.92501104907433174 -0.087078586275908948 1.8072715993279993 -0.72150233489487992 -1.0936864360646563 1.2 0.97726609671745046 -0.9388578971846635 -0.96007842947573208
1698 723 0.00052083333333333333 0.00092592592592592596 0.065477873036907358 1.7438281314748671 0.24315278012584196 1.7640705052046206 -0.021412536559628603 0.28340619646938103 -0.65564465887053203 1.3215862798003037 -0.017072415519038597 0.84171113615328919 1.4236847673664208 1.3901063627825958 0.057575031200981813 -1.6991557527258681 -0.84752419461833117 0.91149847560128539 1.2 -0.33431567565549175 -0.28870709338582901 1.6012691126802963
1179 614 0.00078125000000000004 0.0013888888888888889 0.85368296614037142 0.30396059165402578 1.8122699066201169 -0.44534493763796901 -0.0018919442349489557 -0.78868489881269221 -1.6488340646749378 -0.62142461065538068 0.023438395737108222 1.9804171057217612 1.9780824013971348 0.92693991874356518 -0.091083095054225655 1.3529719987874849 1.9112561725960631 -1.3410892087811241 1.2 3.4937758701911399 5.6999816240703938 -0.4400730328703048
1021 948 0.00052083333333333333 0.00092592592592592596 0.7369577763231564 -0.79389320748751535 1.5164076859508522 0.73993674444758373 -0.066237086457721139 0.030409044367038174 0.66681985368405217 -1.5755363307504182 -0.029502599131648391 -1.292825527207389 -0.32199145789846195 -0.35646603944908106 0.041334825743414183 1.2326117133212637 -1.204015005659119 -0.22978129880330966 1.2 0.16498609591716301 -1.4806139496027531 0.5981277365578509
1278 321 0.00052083333333333333 0.00092592592592592596 0.38035289195850902 -0.44455718903437802 1.3973222051400671 0.015570749770194237 0.090823194105640492 -0.16635101734950108 1.3626961492826632 -1.0931183108969256 -0.091479652326554958 -0.42327572180600992 1.6953890540457093 1.8468122334483308 -0.071288535877500281 -1.8352194519313159 -0.77856335289924772 0.52100152786848941 1.2 -1.8962357457888184 0.75579676064373469 0.67435523892402671
747 1311 0.00039062500000000002 0.00069444444444444447 0.73100770357714118 1.6158495202962206 1.6884837204251766 -0.36124753169568002 0.051464637140686859 -0.65523183518463135 -1.1984404312369383 0.33412342223877722 -0.013844538897012315 -1.296329710894538 -0.098154719644582222 -1.2996378308801915 -0.068125185628738441 1.4226657907808438 -1.8363488928458094 -1.2227097080414229 1.2 0.29917751076768428 -1.4260973899316596 -2.0145899595526746
1135 547 0.00078125000000000004 0.0013888888888888889 0.58718778253775694 0.9094311507890005 -1.8142980250693417 1.7627243849228176 0.096117132768485936 0.14566657999628507 1.656131793874235 1.3806029273584679 0.047083921803350332 0.40161860583473619 0.18434002317076192 0.14607778167493057 -0.050536133658673044 0.51557760943242226 -0.81067967278292841 1.995090514095033 1.2 1.1306447671447339 -2.4337193600357199 2.234465058358964
753 260 0.00078125000000000004 0.0013888888888888889 0.88408062408627164 -1.2720731005863799 0.72882270573004826 1.4893513629527315 -0.088240788121654257 1.6274082664731875 0.95465698474741911 0.68042431268383385 0.024380330446712839 1.1482828850416853 0.54498203781252785 1.954763597478212 0.018453578953274125 -0.69872169979209842 1.4674823003385744 -1.7951395670465748 1.2 0.44778410544095326 1.9400293431286448 0.31904643770382446
1514 1241 0.00039062500000000002 0.00069444444444444447 0.28271912882958922 -1.5299342946669414 -0.45716479877427396 0.49970650170031439 -0.065283206785570369 1.6390785228755482 0.031437198839379565 -1.4021081633146375 0.03873292725693972 -1.8692672961553072 -1.9797720281967162 -1.1117032199054626 0.057483276232601327 0.1218630959351823 0.88536047541765361 -1.8656923302591903 1.2 -1.5932986754355358 0.18628633823115562 -0.91213719395553039
406 544 0.00039062500000000002 0.00069444444444444447 0.71539036097827635 0.44986445042562417 1.6606977059601862 0.14793694838687976 0.075602316264532038 0.72422552205872659 -1.5362830011376838 0.22372874487029382 -0.0038679856243315769 0.26149703880555553 -0.71520225738643495 1.3576013985143485 0.024017538373857825 -1.8767994115449911 0.078784859807130569 1.2969119225594894 1.2 -1.562872894972466 -1.6662819999003888 1.90762218619369
353 683 0.00078125000000000004 0.0013888888888888889 0.8169109075646096 1.6804064781274759 0.12957421288071291 0.65985231284398393 0.076778070243523039 -0.43161040032436482 1.0216179641575973 1.2576895135140989 -0.085721596935045025 1.0545021585587251 -1.4530490385395796 1.6992586638264155 0.023101119333443568 -1.7251620943293173 0.32581640188622929 1.6011903889358052 1.2 -0.9735167880456701 -1.4563542795908582 1.239582388314153
1765 318 0.00052083333333333333 0.00092592592592592596 0.06634290657859955 0.89335232356268657 -1.6625312250685624 -0.090094226407112288 -0.0417667569214226 -0.013574563570684095 -1.9390106993428575 -1.8067171042415331 -0.013041174804166417 1.0144540742196857 0.28883259187767596 -0.36599622963421519 -0.01591044822994267 -1.4427030682823387 0.16930526851340622 -0.075280881679582023 1.2 -0.54498360653060751 -1.7278955544870227 -0.79085514100011345
343 615 0.00078125000000000004 0.0013888888888888889 0.57679841191087944 -0.41018365550558045 -0.20114418628069242 0.21265902935821002 -0.059028781124446185 0.28019291387496148 1.2000758926684014 0.49789433869036293 0.0073945143078441716 0.77600957562809869 1.5861674071660934 -1.7148851122472437 -0.081023890236078172 1.8501137179235561 1.2017374111938084 -1.6671829515247589 1.2 1.9473841635295834 1.1554731658255921 -2.644467972457397
831 396 0.00078125000000000004 0.0013888888888888889 0.726705493906186 -0.64982890898356294 -1.9735529515594963 -0.92544290307593835 -0.011741229607530879 -1.9836584236574129 -0.93060521855784861 -1.0648832080980992 0.041875851779847595 -1.583572923460193 -0.21421141527546084 -1.3308510567224991 -0.0062151878752509104 -1.1126944262304801 -1.938279611791017 -1.8963191166866116 1.2 -1.9001087721475673 -2.1807408691939969 -2.5531161230230164
479 1218 0.00039062500000000002 0.00069444444444444447 0.35356577457448696 -1.6546564190814999 1.6033965662826395 -0.85337205738761224 -0.011949199617523873 1.0285220093861804 0.2282958986566852 0.94625855256568814 0.063643113146285457 1.9199143215067913 1.8266101793728802 1.1709455020545811 0.058485445571883926 1.6012821229672425 -0.22424664402976102 1.6560715878422059 1.2 2.198145332768298 -0.6243054468608572 1.6456692136862348
2084 1269 0.00039062500000000002 0.00069444444444444447 0.28456581618187782 1.1361860257396419 1.6977186077282136 1.1973709647441044 -0.043569313026418734 -1.6079634155566436 0.18123729775003694 0.74152260599910003 -0.021316842762131347 0.026220444129468223 1.6002481499029684 -0.22146621948240641 -0.020811369537937746 -1.334031755090527 -1.1726777871616285 0.86082364472398432 1.2 0.51965214452335473 0.17872204016145518 0.83218376889603285
1939 362 0.00039062500000000002 0.00069444444444444447 0.43343061774543035 0.16870226509276343 1.6016027788970995 -1.4510009878165042 0.06220069236099765 -0.020371886763220548 0.91253544327078462 -0.3244453122252331 -0.060902488476422878 -1.7812300927269349 -0.42900811649760362 -1.6971201549059223 0.0048416911409086272 1.5423963984257152 1.3601938490481076 -1.0064828095300671 1.2 0.70367806834229174 2.0371583689359705 -2.2018054681015244
715 520 0.00078125000000000004 0.0013888888888888889 0.29867590905542529 -1.8354696174050917 0.85075412622014301 0.30826118095746669 -0.029247919072576886 0.77308384347933101 0.71102130965199395 1.8613331234962844 0.0051525454155649103 0.7530711187674819 -1.0713474670394674 -0.29170667272293471 -0.071998601055532865 -0.33906133043572018 -1.2623396894233969 1.7209168975133262 1.2 -0.57585397476270272 -1.5339694517847731 0.71653228866506613
1618 604 0.00039062500000000002 0.00069444444444444447 0.62879047715402658 -1.6384126117300473 1.8897949165246142 1.4762697690459707 -0.0216575559592979 0.47025805244026486 0.40714299827467526 -0.092062936476439816 -0.029959580700278141 0.65266866192013406 -0.35602295636089121 0.13134698986280258 -0.094025852498068635 -0.99995075244327891 0.86570730675089758 -1.9325451911704978 1.2 -0.8381563546605425 1.0677441028016796 -1.30431064428955
552 519 0.00078125000000000004 0.0013888888888888889 0.65944287146823422 1.9002230165498877 -0.77449976512281404 -0.69683993815020884 -0.0038522242510476562 1.9991950637561389 -0.97592356564835203 -1.0240094067819392 -0.039135065320599384 -1.6148963330850941 1.8396668222452304 -1.639992575934516 0.026964627624840309 -1.7678721886359328 0.31516255460160725 -1.1328499657601676 1.2 -3.2196522615004577 1.672479440989852 -1.347769078339357
2547 196 0.00039062500000000002 0.00069444444444444447 0.16262892700135675 0.70650751644378573 -1.8231012129986452 -1.5518692907284977 -0.060696619618403939 -0.45180926060661042 0.97239939408725773 -1.1724931048928355 -0.029235188355505717 1.5995244186134991 -1.8815763298878023 -0.32736920282278437 0.0089213052467710385 1.9832182666323028 0.95029773134763262 1.0645009898683488 1.2 2.3341436257044275 -0.4053092847201924 -1.2302159019045977
1210 536 0.00078125000000000004 0.0013888888888888889 0.16120296931853967 1.03640966261703 0.43885214134052841 1.4822013470598909 -0.045181158910556143 -1.9738930779535244 1.1439362883916613 -1.3254531703644008 0.029870793697277132 1.2710474683511319 0.02467277384432931 1.6460730535994195 -0.096005816619434484 -1.1599767266270824 -0.026165646142301657 -1.5588067197977122 1.2 0.82908524438386788 -0.16982885284340338 0.59988193161454062
68 75 0.00078125000000000004 0.0013888888888888889 0.80787171206762154 0.81185145035267681 1.302033085697166 0.033389451310570806 0.07620645812666324 -0.91232254335404583 1.3816186182185741 0.70265946052048589 0.098094740300863709 0.92180770455770844 0.12475608010971939 0.7980234664656094 0.0089315074295525515 -1.8516409159891092 -1.2067130184070023 -1.3221970633452353 1.2 -2.0982253067263983 -0.96716565268160581 -0.12494255414291787
540 219 0.00078125000000000004 0.0013888888888888889 0.81810659966894816 1.8390754753122316 0.74794947774698306 -0.17530938882153979 -0.020353124319554272 -0.11650284394036703 -0.60541891610810827 -1.3107586596663454 -0.022227712504757718 1.9746714293767567 0.51041682288610346 1.3554953130590119 0.049088158495460971 1.3569141371542592 0.88593285669688759 -0.813716954290987 1.2 2.139085198793214 0.77021419574997507 -0.15314651653980454
704 258 0.00052083333333333333 0.00092592592592592596 0.048310544858204754 0.21479642856503212 -1.0875622714923274 1.2680075093715137 0.025590346012723308 -1.0717961130344715 0.37447520473653517 -1.316353741350893 -0.055914220445150133 -0.12178523240540473 -0.91324052985079707 1.2105740186675136 -0.074389761978957594 0.89051961256662393 0.76530636488841219 -0.93776061336637984 1.2 0.2315878757547124 1.0391248803621351 -1.6398521139960709
1613 795 0.00039062500000000002 0.00069444444444444447 0.50794985842161977 1.3499945641996405 0.7514700505352665 -0.065663775936571245 -0.068674709035759035 1.8284375641092279 -1.2720377844807302 -0.17148002521573025 0.0079709949786745532 -0.81196694221997756 -1.8663588838314329 -1.6046375816875051 0.041656509393779934 -1.7671463580426252 -0.0349091702948785 1.3390967293695248 1.2 -1.6795813397227342 -0.54368662761273312 0.43652780936398611
800 552 0.00078125000000000004 0.0013888888888888889 0.85265107824879327 1.5934703062789373 -0.90909749725081568 0.98362832291005908 0.059938493148182531 1.1211037182208732 -1.3900655853802499 0.73975777724452252 0.060691054871953282 -0.88042816037334282 -0.19824853103518159 1.751740850255723 -0.062037969022238487 1.9778806146521433 -1.2386267172169263 -1.6259514286719048 1.2 0.90938523537658411 -0.78991194398824016 -0.24893476447430463
1021 59 0.00078125000000000004 0.0013888888888888889 0.70534256795217998 0.36829790961974274 -1.2453435124570995 -0.98089043903460826 0.022415004840539751 -0.60917050198685319 0.4273431619305037 -0.20376507055785043 0.037022653960713775 -1.9805908557182841 -0.89743058293630096 1.7980832925084469 0.0046441806248143369 1.0751689324552802 -0.91309661031536571 -1.2683247794863757 1.2 -0.48958252404776981 -1.5484232902750508 -0.60507037236261074
1038 366 0.00039062500000000002 0.00069444444444444447 0.23716822402344925 -1.5012077802638011 1.8522146768296377 1.8794663754402463 -0.010291139511108022 0.80531044295192444 -0.21492803225405632 -0.4573047824957972 0.059315332079801303 -1.4165524510738416 -1.7940252977161495 -1.8472329772031459 0.018922059513480319 1.8441197357480967 0.26142343300054671 1.987257042295981 1.2 1.7698810449360627 -0.50102877147899305 0.78509528400410544
230 301 0.00078125000000000004 0.0013888888888888889 0.94769987255134491 1.1558295502983502 0.20637539401421412 -1.24378130117706 0.0045771260307210238 0.90647518349513456 -1.7653487063233158 -1.1167192536773132 0.037746829217088523 0.50530063087877242 -0.33478596437512387 -0.22706070907358189 0.09833071875766633 -1.2901975844589701 -0.80231060563738232 -1.517469706804595 1.2 -1.0826748486542526 -1.1867575083216788 -0.86262121556729709
1504 66 0.00052083333333333333 0.00092592592592592596 0.98513068761789668 -0.12783327606314732 -1.1120636525427221 1.7503059182345893 0.040938027259488086 1.9682770129244469 -0.64193848048831015 -1.677059709793753 0.077800848003914042 0.8088909205058088 -1.8484425790791033 -0.70694332170634233 0.036030708106167236 -0.62391642083190924 1.6383338512241084 -1.2494670711843221 1.2 1.3763520468965049 -1.0371705625442367 -1.826525914267823
1087 849 0.00052083333333333333 0.00092592592592592596 0.51961926659960289 -1.3581426415476128 1.0609196864264869 -1.1961770577510551 0.0079393387743886407 1.9954120943469786 0.39564463061763977 -1.3035334259129394 0.099655354084234649 -0.31375802329601843 0.10224169915712666 1.5669286983108495 0.03425648038138715 -1.7302810215715669 0.92972619676810231 -1.8115772370828793 1.2 -2.7694387348669909 0.77211364054802001 -0.3521625120124447
326 389 0.00052083333333333333 0.00092592592592592596 0.36066013716197498 0.17924112470832476 1.9655337994253808 1.7811288638435676 0.088805789621550196 -0.17893021169644019 1.8269339874013877 1.7081531362011098 -0.062085660881658948 -0.97400204756605335 -1.5665139710151097 -0.99992628055062793 0.00025080500551769025 -0.40972903597028276 0.0053823627995353007 -1.6595087797269246 1.2 -0.82652076265512897 -1.1986210618200643 -2.4190277725448444
393 53 0.00078125000000000004 0.0013888888888888889 0.11409963616402749 -1.7442105567314816 1.9301275045254314 0.94122487272127398 0.051588667611525085 1.9766807653894225 -1.795576742956301 -1.3548566669687028 0.083954356221590282 -0.54914198658606805 1.6790726630229083 1.105536915607606 0.077909560853358623 0.65518746835854946 -0.81379297621232194 1.3066525626616023 1.2 2.3381625612012393 -2.2961933810375532 -0.066033156084728914
860 452 0.00039062500000000002 0.00069444444444444447 0.37136689949431539 0.30337198265675491 -1.9947594430055986 -0.46152383403012864 -0.044024639207538921 -1.6165369211750167 1.7846741389708751 -1.3802789773243402 -0.074944141222376345 -1.5690230452016936 0.88155310366120387 1.6367503564699586 0.0035616119374261845 -0.34738616723988081 1.9472540591655538 -1.0030493685719946 1.2 -1.3722310610816071 3.023334559532417 -0.63706087916351239
1435 476 0.00052083333333333333 0.00092592592592592596 0.26928496741819974 -0.49103335597482589 0.69939318406335405 1.9522905207832215 -0.021866603430854642 -0.86208405441442837 0.98291498419546874 -0.92351211967897706 -0.0081731819816291684 -1.3608562549173455 1.9166409934275732 0.25282005337052649 -0.08553748550486473 0.55960618888019642 0.6202852932096774 0.21078781356608323 1.2 -0.12997336378864788 1.3718203680657979 0.9760465281529741
215 621 0.00078125000000000004 0.0013888888888888889 0.55192096501131604 1.6040365348719852 0.12473541012183009 -1.3607230189957384 0.013228319043864151 -0.87921668916005613 -1.6959977643927298 -1.6731725077577515 0.023125024347850839 0.53232725471089504 -0.49017798891275666 0.42691803179855015 -0.048016903711618576 1.8340631639217175 1.9748906502907517 0.025140008849971807 1.2 1.4831885601859605 2.4858474366154661 2.0721542556021442
1436 1421 0.00039062500000000002 0.00069444444444444447 0.26846889251980738 -1.8856754701719609 0.41775983304836339 1.0767998397058283 -0.0958297570111111 -0.74536847911655046 0.52363391095434908 -0.80602342652415748 0.035755582238125527 -1.4039196110314651 -1.0174902628616485 1.0173868077115458 0.023141185730675987 -1.4213741495424972 -1.0661180616130359 -1.485071428191433 1.2 -1.1232779413099718 -1.5507869886552978 -0.25435578479241733
671 78 0.00052083333333333333 0.00092592592592592596 0.12547567200512658 0.30945119265543752 -1.9150082599654552 -1.6447617013555331 0.017960644020635907 0.016581802933150591 -0.81332337641209485 0.26994459792253389 -0.021923268954917446 1.8366944297361862 -0.79258576272767423 0.2021793307084172 -0.054622590681209275 1.8748229154306553 0.058446803697337124 -0.41930853372288324 1.2 1.7334787926181661 -0.13737562522195479 0.28318593609762743
298 719 0.00052083333333333333 0.00092592592592592596 0.014865021046823964 1.1457186878124679 0.81401257902091917 0.018072248909777322 0.056213380568481408 -0.33190569236751566 -1.1990646213524769 -1.5870871259586403 0.061235956358909965 -1.2743485666302079 1.4809626187325953 1.4695033509426456 -0.042848301849587857 -1.919224172509848 1.3680678582951065 -1.8296904199428679 1.2 -2.2953369150197696 1.076719836929493 -1.1337103838877458
631 973 0.00052083333333333333 0.00092592592592592596 0.31551248746844207 -1.0017334692690021 1.2520594634993314 -1.9943534259451665 0.0056799403603524923 1.8933944392884872 0.32548100941776692 1.7523035575250536 0.063207628721732634 -1.9270158979029763 -0.38271495319856408 -0.25442579756020223 -0.0044331364711956145 -0.0025599220114926879 -0.74407135174724681 -0.52334883156937995 1.2 -1.5601071991869266 -1.3566009287869139 -1.1588029874007284
1656 0 0.00039062500000000002 0.00069444444444444447 0.78045144006304734 -1.0145640646359442 1.1471569504153822 0.45249935683081555 -0.090426112432828706 0.9159959256469814 -0.94506933982479691 -1.5179939769354602 0.078553839469630099 0.81250333668965169 1.9110401046502772 1.3649248840481927 0.099393066782055145 0.67349062538054927 -0.43698994774305078 1.0314908784032171 1.2 1.4476004292801006 0.33659694963045711 0.53623295033739038
27 25 0.00078125000000000004 0.0013888888888888889 0.33767201646389888 0.63178366830114374 0.57039494974698313 0.70064289251856637 -0.023613452030348994 -1.943632984541448 0.51093636893049377 1.7633733678413646 -0.070310285298173403 -1.9017281802980608 1.6462538567297522 -1.8239767297002194 -0.0016744172266624224 1.3244062521965194 0.62220446764457948 -0.034947479573673501 1.2 -1.4942030786018883 0.9569934222805917 0.27412145740391103
804 288 0.00039062500000000002 0.00069444444444444447 0.61724792167497833 -0.18959208494591984 1.3825596828832154 -0.2894713968155247 0.022193237684866779 -1.3460713136025166 -0.57801093008766991 0.84198638730762987 0.0077735139087474481 1.7884249315901055 -1.4396614695834535 -0.32523796421953088 -0.03166731084803931 -1.1792541160300547 -1.879981610194454 0.51758119837429817 1.2 -0.68965277233163058 -3.0832813075229555 0.78935803194195553
1462 158 0.00052083333333333333 0.00092592592592592596 0.97380259122442725 1.6875665657499388 1.2984473905050797 -0.77720292875926988 -0.059364149270991651 -1.1404309812995801 0.71298634923988136 1.7273120742641646 0.070566318522367222 -1.2990298626470325 -0.57215905585292504 -1.1711776678777897 -0.035635015814999491 -1.6889314563108866 1.7264823012557424 -1.4861617803120333 1.2 -2.4291352850939942 1.9869284294568375 -1.5312837563460997
296 391 0.00078125000000000004 0.0013888888888888889 0.95448620991580235 1.8718917486299991 0.54152759323779476 -1.6353939309003191 -0.073667765706105393 0.22861101036512599 -0.63863133913122638 -0.92701145079109315 0.076591330182063294 -1.8699107143392113 0.16800308147654119 1.0927878158467248 0.083461981761349197 1.5774935621542903 0.99814750177080303 -0.61307208481414222 1.2 -0.93866124034885323 0.70379889186068101 1.0581626194888247
2499 636 0.00039062500000000002 0.00069444444444444447 0.34785175415238528 -0.66223867403353953 -0.061136403174707254 -0.28264652777239396 0.053381008241180694 -0.44397031342404381 0.38917358709348626 0.035602161462070736 -0.052414766178466923 -1.0304565368500715 0.86206692257834128 -1.9826802890277473 -0.023585068665427714 1.5281535345253374 -1.2799186176921045 1.616869985556959 1.2 0.39405744547723093 -0.80315421825568734 0.53537624792857186
1154 656 0.00078125000000000004 0.0013888888888888889 0.46405276543233848 1.7266897696582242 -0.82676264900036678 -0.085942224407975498 -0.08574225340770919 -1.1309067241926036 -1.5002094502663494 0.66454915865148534 0.0054793950360902538 0.87250617902905647 -0.079454619864339104 -0.19614142061021989 0.028833074813594345 -1.697132655851735 0.41245891847726579 -0.14724953874407065 1.2 0.90117172207490537 0.83034070722468667 -0.74976773888868298
1202 443 0.00078125000000000004 0.0013888888888888889 0.35548582762223102 1.8840717055533367 -0.31264350766703553 1.9610233507360437 -0.013755507672764872 0.53002660583733441 -1.733624866600151 0.84061312760232232 0.047166043116296824 0.33154336693900754 -0.64000907384629446 -0.67770644505239597 0.069005823413395284 -1.4584898845783485 -1.9497837961830706 -0.39531979118302418 1.2 0.16009539086712291 -1.7061807001155367 0.74269217362171103
697 580 0.00052083333333333333 0.00092592592592592596 0.47961026323048556 -1.7296800197484687 -1.5607376008782921 0.003048252760005532 0.082683456088194857 1.2104118593888802 -0.80143600844647755 -0.49528022401694471 0.029819524620909976 -0.39958693107790744 -1.2039164225398671 -1.9325205116911404 -0.07653928770001428 -0.1528312064545192 -0.91434403652004992 0.88279689132412953 1.2 0.033116458370247522 -0.88267958335706831 -0.0068051286569854926
1775 933 0.00052083333333333333 0.00092592592592592596 0.8956210533192257 -1.1225387101824862 0.81831956280888685 -0.72358836234858614 0.056184481349129789 1.2793676260115108 1.1476388879868704 0.997873654681666 -0.0027713049871366663 0.21778023957022308 1.0799345881940314 -1.8257398157516347 -0.0061049338137443704 1.7157632354545505 -0.65902487513654373 0.51027596957273902 1.2 0.020058701831218662 0.13424959366936531 -1.9824508176223228
938 69 0.00078125000000000004 0.0013888888888888889 0.37779271031782424 0.39844769367251631 0.74293118949443482 1.4226230347207585 0.087498596596778916 1.0542069067792403 -1.3896410085058339 1.9410579160073329 0.08848240805099003 -1.0645062882721814 -0.12212890932400366 0.47878519484171278 0.044362502685580674 -0.2450769871204006 -1.241362540472009 1.4701980871286815 1.2 0.29292246340651151 -1.5518462590084088 2.9202506441987715
833 277 0.00039062500000000002 0.00069444444444444447 0.24730518853942832 1.7925905321008999 1.5150692281105367 0.023047330709693004 0.0412076191372443 1.9603103489058444 1.5531491031938267 0.96785551022444549 -0.084464652647070107 -1.4632810345803353 0.96673807113414867 -1.6338241000004174 0.080458413798066647 -1.2176699414689933 1.8537205368212626 -1.2613507648935633 1.2 -0.86691030603573471 2.1834367542984023 -0.93498927639372065
531 683 0.00052083333333333333 0.00092592592592592596 0.97663910575201629 1.2015767579355829 -0.21575618080657977 -0.30952515213201792 0.038974188004959581 -1.4780704392388153 0.84302029368903364 -0.13480106761836241 0.040615070904890999 0.72239224048112183 -0.685409584247064 1.3726296636305246 0.027106222758793291 -0.85420930413262353 1.164774905679411 1.4767340936697519 1.2 -0.24388053454613048 0.30681879228739584 2.4963020528622546
246 976 0.00052083333333333333 0.00092592592592592596 0.94309068443159938 1.1948328160177186 -0.23885797404162457 -0.89542371602105586 0.006992838889475661 -0.32658585230119019 -0.20827952317906284 -0.087759247055505973 0.051981293563166775 0.48372908005525872 0.68754816211373759 0.54360118477007147 0.028054867516650928 -1.679240339257138 -0.2339838514328334 -0.56747033154933302 1.2 -1.5663308125642303 0.6447543423448554 0.57803077920540269
88 509 0.00078125000000000004 0.0013888888888888889 0.017462943739956768 0.97876204608040673 1.2282611704494313 1.8421668759246907 0.078086828814494802 -1.0289758733438163 -1.6839923861097819 -0.15763398645224846 -0.076588410298861237 -0.41571638331608218 -0.59520307673498962 1.9000225083909119 -0.095195506409915767 0.13973502018109318 -1.3670018588999246 -0.62154597002671164 1.2 -0.24390969026185649 -1.4932972176684876 -1.8147880054938395
2119 970 0.00039062500000000002 0.00069444444444444447 0.16742770949531807 -1.5940269753536804 1.2607527005110666 1.0019559074869915 -0.010633069819361879 1.5393382200937813 -1.9791206459049149 -1.8621892273232183 0.047102031909800418 0.72234530472951386 -0.12428687083361822 1.8866974635796039 -0.097182485580617956 -1.7367766683059807 -1.3523068717785098 -0.48059288253305521 1.2 -2.7550364778314838 0.12265906165135652 0.98272428262783473
1237 212 0.00052083333333333333 0.00092592592592592596 0.071399014037313482 -0.19422425081302608 1.4017601793169638 0.94320149504413697 -0.05833175942223956 -0.45464327596985532 0.77360898291411129 -1.8066180379174188 0.017754644494779884 -0.092358664083172393 -0.95509648277738091 -0.35746952981409086 0.036853486874055541 -1.6074604736807849 -1.4908098942788373 -0.43330604994212019 1.2 -1.6263010863800933 -0.57217340585612442 -1.0713120752660079
1177 398 0.00052083333333333333 0.00092592592592592596 0.48187261300963713 1.9431151236133708 -0.24322629777121296 -0.60873992007766375 -0.095306962391247876 0.13629895164539718 -1.9296592825326493 0.47881604653412735 0.020560221716058466 0.30106317730093091 -1.908131011593277 0.66169876079875101 -0.03240940347866382 1.1703121360595006 -1.4982779835805129 -0.31898242097279361 1.2 1.5334474911675939 -2.5497003636030642 -0.010767209348161591
1161 560 0.00078125000000000004 0.0013888888888888889 0.84132292553214683 0.97617801684002492 1.3816014098680238 -1.712843308886836 0.051068729915806549 -0.99553031638656186 1.2294625289636163 1.679791140966902 -0.069823398791257499 0.9202523871886612 -1.177274479819884 0.96521319701140174 0.044826227088190312 -0.7225638561673664 1.3207220516056237 -1.8657325688916635 1.2 1.0632212066335187 0.58511055063507655 -2.5678124142396874
712 900 0.00052083333333333333 0.00092592592592592596 0.46354757655898798 0.22785727831508895 -0.10106523369088549 0.7357603278099778 -0.055560167651699938 1.6277802125893936 1.8480956368269958 -0.84454826053205423 -0.07860346409542758 1.1213749295318105 1.314330580591812 1.7613093997771276 -0.054314046948879695 -0.80784649049404322 1.6946959391629388 0.65368522567142273 1.2 -1.1545174514981873 0.88290282577219992 1.4853649554056279
285 459 0.00039062500000000002 0.00069444444444444447 0.87036635706642296 1.9433299875184447 0.20879233134185293 1.1975215997292179 0.093182867365884631 -1.2423199753115886 1.0218639467983528 -0.66478937852259667 0.059623102217579854 -0.90227790683370968 -0.31891804617142494 0.23928785092524985 -0.077954530516330944 1.8690662527801987 1.7311233403147313 1.5154291791104701 1.2 -0.80974847138649386 1.5361183314283258 0.51118305650971296
176 1175 0.00039062500000000002 0.00069444444444444447 0.038949039106638009 1.2376878577058759 -0.20826735058825863 -0.59043603956735291 -0.025205109610588958 -1.1153017775131677 -1.4115601748821875 1.7389363867281369 -0.075651942897188157 0.56545646186006993 -1.3319732504651363 -1.3748220269617861 0.061002240153581577 -0.6082545747316237 -1.6073512383887865 -1.9965605358800365 1.2 -0.74504325648221281 -0.46123344977291186 -2.0764761611446976
19 370 0.00039062500000000002 0.00069444444444444447 0.70390108382588223 -0.37389067567890155 -1.2322301086411174 -1.770761251151022 0.058732980992038081 -0.86806440078813374 0.87857499002225703 -1.5531661116130455 -0.063413658341185133 -0.79254702663008336 0.84968706601456567 0.14081928105013164 -0.092837996848206872 0.62136887159000009 1.2021366883472995 1.3179840478670473 1.2 0.0098619619603435883 3.2887794367135856 2.3010398966854413
76 252 0.00078125000000000004 0.0013888888888888889 0.81650479415399935 -0.83669928524527171 -0.84530173029692257 -1.8312075757085866 -0.019342309348681669 -1.3855414921048199 1.2920267031092618 -1.8974549605053164 0.051791688023020727 -1.1852295575669451 -1.9009242073704344 -1.7012863969485417 -0.0906835005026006 -0.73583050884159906 -1.9337085428074401 -0.9490205555219382 1.2 -1.191785423070937 -2.0335294454025981 -1.1156342624643318
335 1367 0.00039062500000000002 0.00069444444444444447 0.54172934722381527 -0.63937992880245353 -1.4230978357460873 -0.062163072580643242 -0.046891272076210355 -0.0039894695942970237 -1.8093876213369229 -1.0008560538797995 0.089499234517317006 0.99287356971770624 1.7367770536651315 -1.6141952611119859 0.00041856552682302539 1.0035665063077595 -1.5184551497470706 1.2581820851543633 1.2 1.7471586182214496 1.8189532029219828 1.1518875237349429
31 70 0.00078125000000000004 0.0013888888888888889 0.2131679658812613 1.7694650948508874 -1.9893857343349755 0.31064550450201001 0.08020990513518228 -0.30621704731026123 -1.0232499048943007 -1.526585616560479 -0.015067523616640613 1.5357296970026377 0.84326653555102249 1.5608465627315384 -0.03405707114163925 1.3821434042814187 -1.7199787326487566 -1.4526436254589719 1.2 -0.1984060896081031 -0.42704697473397246 -2.3931538054259258
1318 65 0.00039062500000000002 0.00069444444444444447 0.2408713989045885 0.5059039327602104 -0.93952976005177335 -1.1496001525008839 0.01721420204153945 -1.987761712044072 -0.28245757613020128 -1.0592673712537972 -0.038917128078162326 -1.7671975308412353 1.9419654387185141 1.632148685608295 0.06525507514451287 -0.42835143676697784 0.96176465715925863 -1.7085167322554793 1.2 -2.2405151846410205 0.96921598101575113 -1.9586249311617947
40 547 0.00052083333333333333 0.00092592592592592596 0.78242398474334585 -1.7916106146652915 1.1194492751981699 -0.52367115505656248 -0.052650014925423032 1.5041197149006376 -1.7330408183039525 -1.8090145497414793 0.08547050654078267 1.6355229062785557 0.8950236877833424 -0.016060192814380869 0.0051539132463690185 1.6686622640774988 -0.49669623088010395 1.374269444581155 1.2 3.705071677824531 -0.67388338685178262 1.5067791214872523
1144 644 0.00039062500000000002 0.00069444444444444447 0.089003252602393404 -0.64353723777391858 -0.31932764050519546 -0.41117090007271573 -0.097304582901778 1.9813524430377467 -1.6882454135385783 -0.69656130322185916 -0.084101306233785297 1.7535760487013641 0.77996062527095722 -0.92698647351513186 -0.043152364965144234 1.1936128881495001 -0.023982948823032313 1.8361768653894472 1.2 1.3573167611843926 -0.081653338692335348 1.4396269295128075
1692 257 0.00052083333333333333 0.00092592592592592596 0.68868073766204696 0.077698180509641279 0.71706964693595987 -0.38188245501752327 0.026284657117907229 1.7891947619073907 1.5914278470684478 -0.14027850076259396 0.058624595530155504 1.3119683466556205 -1.1013279182676752 1.1923518136429836 0.089028740440813769 0.20837866285513007 -1.3283848825824385 -1.6867620584320497 1.2 1.6060556954295948 -0.53897591510225151 -0.93776516954535638
589 1056 0.00052083333333333333 0.00092592592592592596 0.55330599955327286 -0.5508350881455395 -0.80852541587455118 1.8018604947562857 0.01386465519582529 -0.20949801942962409 0.28797645790997173 -0.29555859742071444 -0.061241660984750347 -1.20946608584156 -0.53268039422250757 -1.9276269518002316 0.04550512243930277 0.87845926479057468 -0.079124842070602774 -1.8907806560696181 1.2 0.48671888833894056 -0.26381644824337069 -2.636144548440905
1006 580 0.00052083333333333333 0.00092592592592592596 0.78367827150575864 -1.3503777517877258 1.3348064246430718 -0.18025145052749014 0.072459472936486219 -1.6216996218803743 0.72116704410444976 0.30511198626569769 -0.01970223079476989 1.1999248094418271 -1.1786221249203632 -1.3160683108406324 -0.069695865146417263 -1.0327392855550084 0.71872054712690758 0.50389002321242016 1.2 -0.031438397638674398 -0.16896575353097021 -0.48601691327540691
1801 834 0.00039062500000000002 0.00069444444444444447 0.25021832951697948 0.027319847454862156 0.28008658830482913 1.4873987312212664 -0.036800820867789269 1.5499641635062238 -0.099466886305451307 0.64918857243072647 -0.099412982001069017 1.6045870381254979 1.2001139101982847 0.23047737786325451 -0.033226563675214635 -0.53473549921719465 1.9519929630172066 0.99989887592118087 1.2 -0.3090938565614022 1.9976609851053666 1.3084491359605608
303 49 0.00078125000000000004 0.0013888888888888889 0.600887987668839 -1.9488373915538211 1.7967951124562487 0.83651758939693988 -0.016407249584208666 0.51489600237631894 1.5661466458478275 -1.7950821774941503 -0.084475619360842677 0.27573361850593825 1.3834895723884419 1.3431292117380091 0.01224449187242696 0.30931068307506804 0.29399929513791268 -1.2780720429507246 1.2 1.7003892089468271 1.3396638522937756 -2.1511975419216554
866 699 0.00078125000000000004 0.0013888888888888889 0.55214052052680918 1.3870861605989657 1.9359807004670002 -1.7180053609384021 -0.035598718621620409 1.9331723592635108 0.59560382878010598 -0.49341752152992679 -0.011125067333374414 -1.1612793605716418 -0.93905503269664115 0.22610689109135329 0.010538016395320857 0.40574486823179079 -0.52059435494103878 0.074893009895091289 1.2 -1.302334576763994 -0.76066115945314627 0.047389337609979681
1090 432 0.00078125000000000004 0.0013888888888888889 0.14668911178527891 1.6578725506559606 0.87021606176724298 0.066242681534283143 -0.029549542868148843 -1.8235898292822106 1.9180905057377551 -0.50206843531118306 -0.07532970154747054 -1.6849913597398452 1.3030372713388356 1.9800649267924708 0.012467096931208357 0.4608413343300044 1.8632406344252264 -0.078002285732066579 1.2 1.4612189702195215 1.9065807256793332 0.30111314919866244
859 334 0.00078125000000000004 0.0013888888888888889 0.46790681617381819 0.48655524117489035 -1.4571040971710629 -1.6793013250634159 -0.030991094701157157 -1.2348098869575157 -0.43532431261278637 -0.23714120362246183 0.081456837957157496 -1.1334799958688264 0.86902126660423384 -1.4968267577081047 -0.090976028129474695 -0.48359328148939573 1.9363565596383969 -0.95920441262300926 1.2 -0.81083722821383386 1.572483090650227 -1.954172149427863
1337 958 0.00039062500000000002 0.00069444444444444447 0.27743240355251519 0.74790017293523636 -1.5312240410310003 -1.1884452729579356 -0.020194707392279465 -1.9972424965042483 -1.0367129507872761 -0.055945036802032444 0.0035622321828655268 1.4684887444898083 1.1704799134868269 1.4213595370073748 -0.093147002827863992 1.8686062704212336 0.061530736438106359 1.2434853778019193 1.2 2.5349972138477401 0.56386140277712793 1.3676316596594715
1506 897 0.00052083333333333333 0.00092592592592592596 0.61509892102367159 1.1497297998292413 1.0815450674960769 -0.87684335481602371 -0.0076694078534481347 1.0758070158571336 1.6747215629793413 0.57644826620150447 -0.064533218513657925 -0.75365848521580148 -0.42843938774980472 -0.12709344364521336 -0.056766572888589883 1.5699878840484045 0.79995169560869073 -1.2709592226671234 1.2 0.87141578105725992 0.036049523203607742 -1.852959065995796
1033 408 0.00078125000000000004 0.0013888888888888889 0.89485449492449765 -0.96188140833069413 0.56157034512366222 -0.00089064497381041718 0.097809850256383585 -0.080235354230755007 -1.9070705013046627 -1.4842355321693859 0.049964586028794944 1.8535305614586144 -1.6474496214748133 -1.7445289080002859 0.042448632622203497 -1.5740525056652963 -0.81081167062065607 0.46231835965525514 1.2 -0.38408920054126883 -1.3031185397502743 -0.6964340985497548
1872 906 0.00039062500000000002 0.00069444444444444447 0.33043184831717798 1.7299095641590418 1.7852883122738374 -1.8332272801203819 0.061777048214470442 -0.22610779244847823 -1.2021949338017159 0.90298181080725337 0.063462000266518576 1.7902825689304267 -1.3487071810950275 -1.5024235474520524 -0.026772622053217607 1.2406740800582163 1.6483335520404951 1.3235872130298416 1.2 2.2368011455995469 1.9450272762569594 -0.21219988469250672
505 954 0.00039062500000000002 0.00069444444444444447 0.48024563716138491 -1.2263689333971035 0.76641657405866637 -0.70640590773495937 0.086225870795871351 1.1805423793058192 -1.3286474575252796 -0.44169921758217301 0.0067190506635136371 -1.4770544602794562 -0.9215843580614318 0.59934758710420066 -0.0072961228241076731 1.0466868575587811 -1.8751653068795764 0.46103478649922014 1.2 0.6084142674685501 -2.0564665071150761 1.1558698193548487
2075 1238 0.00039062500000000002 0.00069444444444444447 0.76097568711473562 1.6194682401700011 0.71380955479908481 1.6133562562279287 -0.017285762051883882 -0.84067457931719103 -0.79807189041514404 0.2562775428931805 -0.023763138123121058 0.88186857355532711 -1.942627734486075 -1.6442874454121661 0.084434123263657235 0.6444889992275229 -0.48040346842895421 -0.41859178487209858 1.2 2.3039469218328139 -0.74007192822780543 -0.67032847727137512
3 413 0.00052083333333333333 0.00092592592592592596 0.70455699903661151 -1.7084567296353579 0.058769985340834996 -1.0332347649703708 0.012104079850492472 -0.32905621231139381 1.077581149024367 -1.5647763714533029 -0.0032379701823520568 1.5788193075043253 0.026779859228350578 -0.98883997053360106 -0.04923300845255163 -0.76827047875370535 -1.9089103742980797 1.5457288013081731 1.2 1.7086779810370556 -1.4717340829892098 1.3118844906501772
698 626 0.00078125000000000004 0.0013888888888888889 0.10898677909281891 0.58005732025676382 -0.71258027552513514 -0.27708987139289176 -0.099545148291996968 -0.11096853798130413 1.3639557656896808 -0.91912235646865881 0.088728383678430917 -0.62877578070694673 -0.063630090761545688 -0.62599278512604517 -0.034924665250394352 -0.32800528635147197 -1.0898312097273135 -0.0006007371710707865 1.2 -0.23306810120011401 -1.9364947669476036 0.5227810754719735
579 675 0.00039062500000000002 0.00069444444444444447 0.99566215144302883 0.24162996782315549 1.7685844225009686 1.9940855050213648 0.02022049671511586 -0.60012636216848536 0.58793875444645183 -1.8077315259553726 0.025239450910716887 -1.059128948993207 0.21614819793510032 0.13376444345834004 0.0017580582733572603 -1.21514373235172 0.36374409883625747 -0.80608957083118504 1.2 -2.0457259302829187 -0.29573877892791439 -1.5734422390697
1748 145 0.00039062500000000002 0.00069444444444444447 0.97622547021966644 -1.2341636486438223 0.06691706759411753 1.2901662085447345 0.04545088263406144 0.32362897631712961 1.667438122377022 -1.4742840690538337 -0.01234278264686077 -0.24262739026401992 0.70313720186779261 -0.25709956851095939 -0.051047521076005214 0.34219685490722718 -0.16891074761470382 1.4760821315364958 1.2 -0.076197030660811654 1.618456863035824 0.4502862228816007
1407 727 0.00052083333333333333 0.00092592592592592596 0.61871293092470514 -0.24158854775561567 -0.74746842798756763 1.4516451708992122 0.026530227604645434 -0.24269973294580138 0.57027381533331534 1.1634773610246105 0.018614688276031924 -0.91392021624947217 -1.1285640601617732 0.36233934642166732 0.088881403784791424 1.3662493494853454 0.67248426768813818 -1.0555008513395046 1.2 0.61262038056478008 -0.45381548358009127 -0.44303720406448432
547 673 0.00052083333333333333 0.00092592592592592596 0.74350184622785154 -1.1283981888500598 1.2355684378364193 1.2266135217318297 0.018190313693778284 -0.72801932841188455 -0.39764809462957196 -0.69175929033013084 -0.072419603809348268 -1.6903686616118376 1.7025364497066864 -0.78357434319667529 0.080257977168056049 -1.3391335027689286 -1.6362692958038241 1.0615576448649313 1.2 -1.5208269841259039 -0.63242775101951298 0.096810806793331677
1232 359 0.00078125000000000004 0.0013888888888888889 0.20135701851918952 -0.72315321065686344 -1.5920222764942769 0.3248945990351686 -0.016737838455297221 1.2711964446914314 -1.3221069076326009 -0.96035068013392033 -0.0084627981532419821 -0.31201753914034258 1.2403238816303594 0.27174734903096232 -0.048630829871962523 1.9661800266360632 -0.24441233893990155 -1.0482062911916943 1.2 1.0518740409315483 -1.251693550935046 -0.59082339843463927
820 605 0.00078125000000000004 0.0013888888888888889 0.095228178286945714 0.83640473556504835 -1.2283535762032112 1.0821483392076305 0.068036849074572275 -1.2915713239242352 -1.5709731775287592 -1.9421242941020482 -0.051838216572418029 1.0074963494728917 1.1460561729972079 1.216890927694215 0.087489659741238984 0.70473495168152711 -0.0073196823720516058 0.86548077487385022 1.2 1.5182465083240588 0.65461922710290554 2.0674986223813412
549 461 0.00039062500000000002 0.00069444444444444447 0.15240702512649992 1.4260958897829905 1.2971507862779474 -0.59212799464962629 0.043225857617883973 0.76944669104630092 0.57573927992370066 -1.869711212197775 -0.044524059157711543 0.85411262084874906 0.36274020330496448 -1.0006189551907765 0.047173196779023957 1.9855756203744921 1.9906185030472212 -0.14262699217738861 1.2 1.3528301431172074 1.2964214692360159 -0.53875563442908714
115 646 0.00078125000000000004 0.0013888888888888889 0.3972230971217609 1.7347628338374501 -1.4912628821472267 -1.7757615640264599 -0.082678250433021044 -0.83557097071402309 0.48687099811019996 -1.8268145387640224 0.094272427374610085 -0.83130786877637597 -0.52216919221166469 -0.5199804317808856 -0.014237612065250316 0.70794865009047747 -0.42544056168026145 -0.19360570157537538 1.2 -0.3192574998716517 0.1700059723832584 2.1135769314938844
955 1131 0.00039062500000000002 0.00069444444444444447 0.087836989947466776 -1.1502185802880742 -1.7316907297295248 0.16587704895958577 0.090097240678333745 -0.48321961784770417 1.4305596756570642 0.0098222178435105612 0.075223991324202766 -1.7074634983111197 -1.186059652716752 1.5631496614705815 0.057124485243680606 1.3661550041630459 -0.46633275720510126 1.518666820489452 1.2 1.5659879280114537 -0.83314601953343914 1.4118027554477137
1441 344 0.00039062500000000002 0.00069444444444444447 0.88571815625242434 0.69253213829309779 1.8904682529061869 1.2946817361877447 -0.051411491501295536 1.0793629076449567 -1.5759975716873624 -0.15724758385884163 -0.012673011870466322 0.031529966702350976 1.9406309876533925 -0.63812295160342636 0.060523508453820929 0.73389420856296894 -0.47241140882166688 1.8435828202343463 1.2 1.1383348996311093 0.53448799200977015 1.0961042991128007
526 34 0.00078125000000000004 0.0013888888888888889 0.86317877492918782 -1.9453348692182577 0.9654166588888895 -0.035033184380989901 -0.013347185960124588 -0.97220457336581179 -1.1025586916316232 -1.7223441445323657 0.07788026416727109 -1.6768133079648204 0.17310507238748096 -1.2545059051539451 0.028061479628889857 -1.2444650172170446 0.41342406268874932 1.9793023962671672 1.2 -2.4871874369207738 -0.46666153391508436 -0.50472688350667383
261 737 0.00039062500000000002 0.00069444444444444447 0.74521935208185563 -1.0801748582312181 -1.8821587802718684 1.8483073630802695 -0.068739849880260245 1.7713813891818027 1.4307078569163072 -1.6207198693969542 0.017967045903337392 1.3702561764280183 1.0414583602281926 1.1538400456552669 -0.062311121695378981 0.76344152038757995 1.3333885649862203 -0.49272909463770054 1.2 2.153481190404722 2.9576891143121586 -0.88106900810031685
1201 406 0.00078125000000000004 0.0013888888888888889 0.63900795048627601 -1.9774326235709325 -0.77458368807500744 -0.14307913721452747 -0.090330034213055188 -0.60520226882221628 1.9832644639770343 -0.55284902456149165 -0.0040425486302985841 -1.7850151396806226 -0.87268453863369011 -0.8477993122067029 -0.01504937545501113 0.36803058314595871 1.0845759353982909 0.9913951158932135 1.2 -2.1853223115540645 -0.36776179677862741 0.35579806099764888
1648 479 0.00052083333333333333 0.00092592592592592596 0.94407067234919395 1.5321090337619254 -1.1460227582373625 -1.3892805406305593 -0.026720242785556778 -0.083968268525951739 -0.72497948385306055 0.78369483787897565 0.036475238130961429 1.2640041420572801 0.63312796901185298 -0.98448307762172016 0.061969397447394492 1.121814150748722 1.3275278604539165 1.3631956697538272 1.2 2.7380186024845439 0.82200881122031277 -0.38184618580073976
603 702 0.00052083333333333333 0.00092592592592592596 0.43847513556951867 1.5677644277529836 0.014064609577828957 1.0258644852157994 -0.033937915431865126 0.69447674571771456 0.90747549129316818 -1.8957358378581244 -0.038485807553847277 1.501412939474156 -1.9264226093169348 -1.7114814351063048 0.065228978833793971 0.2200727109013676 1.9421880718490634 1.3021090614550768 1.2 0.069623277391277064 0.65389781877932973 0.5916287587687743
324 190 0.00078125000000000004 0.0013888888888888889 0.26594429864194602 0.68153746816069027 -0.71796441444825154 -1.2980195467011582 -0.0017355526752389494 -1.5539030994740708 -0.57347395755429842 -1.411423664924516 -0.066570268982293637 1.283827199490744 -0.49888697976802776 -1.454162510237182 0.057872800270124064 0.34413123179566041 0.82536792687184279 0.57846842642545804 1.2 -0.32243001297985419 0.655425073127055 0.14100728939482066
994 1025 0.00052083333333333333 0.00092592592592592596 0.25266907404748801 -0.45330835682061066 0.45190518226088505 0.27063457446684192 -0.054974607842016937 -0.50394573039685975 1.4637575225075437 0.28202084746744971 0.096425288768127781 -1.4828020926299836 -1.8191176519046661 -1.6883665295292465 -0.079097196577150447 -1.7053917186297376 -0.98184049643224114 -1.6524432812151364 1.2 -1.5057158733453218 -2.5118181848624079 -2.1284488568034416
1616 514 0.00039062500000000002 0.00069444444444444447 0.65107951316142165 1.5476626645617082 1.2444890284998662 1.1542596421228555 -0.040364239336340084 0.30953094209985021 1.5239535145119887 -0.76377767132946817 -0.016346384854651716 0.15514048030705174 -0.80365065766939425 -0.50774300306684506 0.080545872343986358 1.322382827840527 -1.0560713339019694 0.95224831066018112 1.2 1.5508061847567038 -0.66053087245031061 0.57156198817196491
1297 67 0.00052083333333333333 0.00092592592592592596 0.10375974547441043 -1.7182689780769813 -0.24206951582436709 -1.9024032972019094 0.011732170580744314 0.71942050276270963 0.84170381127179139 1.5345667940927208 0.0023012170821742756 -1.4119384015613141 -1.1034342643062813 0.50186230100687901 0.08080311314429936 0.74207691425208111 0.66105089638061276 -0.48905965590967604 1.2 0.51130272738504312 0.98635252856091959 0.19509377545130063
2477 193 0.00039062500000000002 0.00069444444444444447 0.34681873632160232 -1.5791465486011593 -1.091454216686047 -1.351755438196399 0.05702843527637988 -1.9658914916745545 -1.759864490829687 0.54078639240242854 -0.075191418978714009 -1.0978015486603745 1.5267641048547991 1.6963505229446492 -0.020070224381217902 1.6109713955637845 0.2007528006188406 1.9951932104821797 1.2 -1.4140328674958431 -1.3242683190121614 1.4389179601445941
1503 261 0.00039062500000000002 0.00069444444444444447 0.31741509140427077 -1.0792305802651105 -1.7890194314645207 0.9785526694754676 0.04410101274691125 0.51286593706800065 -1.3151455824034892 -1.8978687570405777 -0.050798796539231764 -1.7857658989897724 -0.75698129418783866 -1.3904148730895423 -0.055084107779856929 -0.37648558210008387 0.42324893737635971 1.7462253097435565 1.2 -0.6953843144368429 -0.83506996454135496 0.2307499523494283
689 970 0.00039062500000000002 0.00069444444444444447 0.69263704020051875 0.74932570813437493 -1.1139377654230209 -1.6537281485950235 -0.059296518300230132 -0.60684676385014447 1.0076692832350767 -1.6618975185357385 0.07934510061086511 -1.9675225665949934 -0.50385724391796227 -1.5832466186098348 -0.059309199285895668 0.69421270030442894 0.8387338024804416 0.89921097803023375 1.2 -0.69313892876366467 0.56361996062500319 0.98708774352278039
1241 22 0.00078125000000000004 0.0013888888888888889 0.34794511719163085 -0.94974218442874259 1.4882822286461108 -0.48892202161958087 -0.083373631479512919 -0.35501226692973908 -0.63206566091567717 1.0162452746852288 0.035229518909467933 1.5173147974309096 1.73423833285108 -1.4693321185578498 0.00011835456131251143 1.4095524583513894 -1.1791265955711432 0.77185562889624837 1.2 0.61665791825423855 0.19960355820500275 0.65282875797021567
851 295 0.00078125000000000004 0.0013888888888888889 0.94818594581494553 -1.4191086206627554 0.47467979095764168 0.047025117534213123 0.0075563584111359161 -1.3663785770085548 -1.7281606172449524 1.2996981728112784 0.042932343770697712 -1.8114407323427599 -0.42832909499456662 1.8134189895333415 0.083960402523519717 0.30062810856185873 -1.0675177281184252 -0.5384703262473125 1.2 -1.6519896936016887 -1.2609832770593803 1.1082274894484478
1720 910 0.00052083333333333333 0.00092592592592592596 0.45437709438355578 1.4057813422587562 -0.95761641523301799 -0.85048660605166759 0.030528342191480762 -0.44332217926824224 -1.9643223367200844 -0.034262817252955546 -0.064184878342032819 1.9997536094358521 -1.8926476845643427 1.504373232870531 -0.01249936326320944 -0.61931489436205522 1.6025497435328258 1.2131791739052908 1.2 1.3521427937447068 1.0547806500564847 0.98728949829349533
656 123 0.00078125000000000004 0.0013888888888888889 0.43878824148135842 -1.9718977925541021 -1.3422725580226338 0.0072555495161004124 0.086157010252017052 1.455964472549149 -0.55299964069076291 -1.9476059325373805 0.029720118001472146 -0.25703701225874243 -0.10737019915728174 1.940524242308689 0.055296691528860437 -0.62109748869596126 0.78877806614325108 -0.38206799141848879 1.2 0.13785409352446013 0.2758966532114383 -0.64997159401708493
1501 70 0.00039062500000000002 0.00069444444444444447 0.71650576556072132 0.72009140075529121 1.79371274301548 -1.8603267426510151 -0.056901250693372818 0.64655679172542424 -1.5528772293464015 1.4880358603622987 0.075994222746048584 -1.9983817286035159 0.2057011436764471 -0.51428717121836387 -0.084504939302523632 1.4496013741534246 1.8272233558030364 0.8092570798459815 1.2 0.60560198044004421 0.73795019977578213 1.2195183413483808
612 42 0.00052083333333333333 0.00092592592592592596 0.39403684548997331 -1.207688140613397 -0.25732981600290827 0.19897883633873903 -0.026646630124697548 0.81261725156741393 -0.19237432110796249 1.5510610904313848 0.022678924044323284 1.9423041967996366 0.27891342932061258 0.088269386074487421 0.028868027931827522 1.1693716240669763 1.5098402187766875 -0.74668799795177421 1.2 2.5126770011177211 1.236523565314543 0.51940289363503389
2559 502 0.00039062500000000002 0.00069444444444444447 0.041610488428617178 -1.3673991844800648 -1.3981354955723018 -0.3237003214153078 -0.090089183849958773 0.90309470578023054 -0.96472829372565805 1.5002454736361326 0.049746664769640486 0.66547826600149573 0.96310473576560751 0.082380870663776751 0.016178656426761112 -1.6188273808280269 -1.7322131280769892 -1.4442914935901183 1.2 -2.3854654740072028 -3.0037445271576253 -1.164875387778423
305 493 0.00052083333333333333 0.00092592592592592596 0.58176500612965643 -1.0586019237764277 0.42818807336579257 -1.1359967968246552 0.021413604642637613 1.331621641763773 1.5684731308753248 -1.7868472731540215 0.016612682957440089 1.5102183093025761 -1.3517892936320486 -0.88278057613428995 0.019738195151756302 1.6691216148482089 1.7952152339618674 -0.37861208547692193 1.2 2.8240545518838811 0.71093895097501569 -0.22661904405950684
2014 915 0.00039062500000000002 0.00069444444444444447 0.085696749872782627 0.30579016939862669 0.0041811937991491632 -0.91118660327802781 -0.040140115334534369 -1.8651354299831864 1.7231739405443367 0.93803313589882453 -0.09125168015898831 -1.4937836205017438 0.71583537882784354 -0.88208987650592885 0.045902082901195379 -1.6451804431175661 1.6479672029933075 0.68644267282247684 1.2 -0.90512244608821213 1.0316371219750318 -0.13827587883584494
889 14 0.00078125000000000004 0.0013888888888888889 0.18191703546878077 1.7952333359278061 -0.57558040313629144 -0.53999669039397213 0.042697719629515851 -1.0274558142499757 -0.99853972326246732 0.70525467344089732 0.00065721973954616097 0.53241426921520363 -1.0642998659195246 0.2224759396781546 0.0039534473341562848 -1.1282477594550819 -0.16433214715286271 -0.12886990501297646 1.2 -1.0817809571080652 -1.2649092312634103 0.31029387311637502
725 395 0.00052083333333333333 0.00092592592592592596 0.055525510611040246 1.8941741874662945 -0.44974325900145384 -0.04683823329057768 0.097001074920908842 0.88413993064174301 1.8444510396152811 -1.3794114392076233 0.03993954254776183 0.018768284859419726 -1.9363527591940715 -0.20880570037838586 -0.025240233552695293 1.82039888997818 1.453349489770408 0.50745807879144111 1.2 1.3456057813822064 1.644118640283299 0.11655360624964942
248 684 0.00039062500000000002 0.00069444444444444447 0.27111945873044851 -1.866184860024692 0.32328555915879642 0.35101539979165119 0.037463692816826905 -0.55297375832288997 1.5177656782323794 -1.2367330496943758 -0.081816886811383174 1.5880561678585794 1.6686358217036323 0.64101063309887829 -0.0050605284394825006 0.18235499864403781 -0.87825519556069409 0.41349577295088125 1.2 1.7945032104646643 -0.52519936169058556 0.20906787780709191
278 1331 0.00039062500000000002 0.00069444444444444447 0.60754379749377385 -0.40026043249341736 1.9918229302936714 -1.1694192760124498 0.011318310792536493 -0.089433216300196516 -0.63565192764253631 -1.4661036624694752 -0.063031233537013703 -1.5515545727726159 -1.6469449330270645 0.71074969022232937 -0.0095702706856175823 -0.19636421824819639 1.1311693605965543 -1.6378605810035065 1.2 -0.60529138151041284 -0.71679042328421116 0.77014198129106393
1544 506 0.00039062500000000002 0.00069444444444444447 0.80413498697263575 0.21991532823693793 -0.081713747165614414 0.14755468083389767 0.01640050968047202 -0.25308447602325757 -1.5105479729684728 0.37028196836665561 -0.045866828829970646 0.1012594567047711 -0.5678725103539275 -1.6780828891145472 0.0055414688871169293 1.4531916788008754 -0.88896481531712856 -0.21816638679441702 1.2 1.2602235568495914 -1.5159509362101116 -1.1951339053677361
1518 693 0.00039062500000000002 0.00069444444444444447 0.19235185375661046 1.7704936578311807 -1.6167201605671906 1.1101710943275398 -0.029606048863051362 1.0169880201713268 1.8638265109132011 -1.469161922782789 0.087533867817235128 0.013743236795811242 1.3500064763411648 -0.099599417171031934 -0.010076409150835478 1.8055310732007754 0.66128494361364831 1.3588862701645512 1.2 1.8193327317952579 0.57563043768188782 1.2481619070384529
490 397 0.00052083333333333333 0.00092592592592592596 0.94129070636076029 0.5963650195070751 -1.4685646402423682 -0.83820495022210073 0.033320211106465769 1.3109070285611537 0.025309495409524541 1.3359676547316544 -0.031329398208992346 1.0020462275562276 0.39547732831491311 -0.65463003025486532 0.022074292877170415 -0.065677344763903633 0.60036262768351678 1.5744333321309032 1.2 0.77896811819643907 1.4190762477243359 1.43846844988912
300 222 0.00078125000000000004 0.0013888888888888889 0.73427075503298012 1.8847491929844913 -0.55799166373609665 0.76112140963884212 0.00055318558993897038 -0.12103368190692887 -1.9003913500996679 -0.53141057579614026 0.063770706452358716 0.37485959689672521 -0.1758182297230948 -1.7777991739995049 0.06197898481494088 1.6066865616995858 0.88120371877748971 -0.43229527032243054 1.2 0.65841543415986226 0.253832440863068 -1.8466067464065636
1965 458 0.00039062500000000002 0.00069444444444444447 0.23809618605002525 -0.72908478034013724 1.984210184261618 1.9306322611571076 0.042740852018941983 0.53137738231900755 1.3130902669122908 0.62248875247430435 -0.033469651564291311 -0.86182815740461294 -1.8196792673595734 -0.86883270872509311 0.074877425666540737 1.3537295820307551 0.50101561818749563 1.1188911783853142 1.2 0.77412943098731346 1.3082790141878762 1.7679647959847264
166 274 0.00052083333333333333 0.00092592592592592596 0.54153018450874335 1.3099113407607246 0.71317750949812897 -0.40294186445725 0.031685177778602192 1.6194160706143279 -0.82537613270058685 -1.8726453359474924 -0.073632879444147384 1.5815554590263305 -0.16888543170475456 0.86734496423802998 0.072528617076120266 -0.81093710582186551 -0.26848870603460417 1.2145397969111853 1.2 -0.20476768627337869 -1.1515503530376632 0.9317594468062731
468 297 0.00052083333333333333 0.00092592592592592596 0.69941560891203092 -0.027761387579653629 -1.8101567992192602 -1.5316679430668012 0.03726668676744721 0.82797521035233324 0.85845709936634584 0.89141483206297512 0.06280897481685202 0.0025562324074712706 -1.6254133370804307 1.0931742376988391 -0.07520540846768449 -0.52890061292258617 0.35758090182547964 0.35476054686639502 1.2 -0.12198364506347859 0.46087568394709127 1.9920317267265579
1232 388 0.00052083333333333333 0.00092592592592592596 0.11762848299610472 -1.3074701610750878 -1.8627823139392983 1.0352919405637735 0.099727397788528099 0.91259457782634312 -1.9531442915220123 0.6391988857743045 -0.021606975767602024 -1.4520424626028041 -0.1478547427309902 -0.72507883090765501 0.0055744739144879957 0.53140080850989291 -0.99413346992449769 1.9653248959906247 1.2 0.2007535541390911 -1.707618229826755 1.9243063572039332
1975 307 0.00039062500000000002 0.00069444444444444447 0.27122754876793126 -1.4619637058608501 1.6466153155258723 1.045509679240459 -0.068226718400439951 0.84419986977645722 0.66923463888388346 1.5581418257372381 0.058240488631472437 0.15882441571384076 1.249034202377755 0.62969802074318793 -0.032111391187683247 -0.032188422147689799 -0.13824407246214321 1.9690090678986731 1.2 -0.25246712179984682 1.2450872416196725 3.0318427078739112
328 112 0.00039062500000000002 0.00069444444444444447 0.42924409752515941 1.3462659767729575 -1.5019385461745958 -1.5485648644418064 0.038391180075949549 1.0649434748622171 0.74436034708463295 1.6765958554758229 -0.091716351947311051 0.63370600619305995 1.8186696676759557 -0.61234843079530066 -0.0053299139012638747 -0.85737734262986232 -0.99056386963215637 1.4351478960747786 1.2 -0.62977073055235622 1.4056056868546738 3.423804563729576
649 336 0.00052083333333333333 0.00092592592592592596 0.050241171464206529 0.40247158632115054 1.6054731008466723 0.33867272194561382 -0.087173376098614197 -0.83314118153462857 -0.69089507422528618 1.1759871008735709 0.00045955948105594335 -1.0768946834206314 -1.4628440867983805 1.8334169838668233 -0.049739263870437637 -0.13928211678305891 -1.6065782021661672 1.1541229267714357 1.2 -0.52006501331208166 -2.0065013170355197 1.2887746819748351
726 656 0.00078125000000000004 0.0013888888888888889 0.11549976884130163 -0.71075340281066168 -1.2776321886140178 0.48851088760614081 0.067917024826636141 -1.051003527770785 -0.30046892844553774 1.4821558854102905 -0.015654574351510936 -1.3351453817434331 -1.3511249697066621 -1.9942816270967305 0.071807818106281618 1.5440142558666223 -0.92404245650579675 -0.81812082272987041 1.2 1.7550548799369401 -0.81707972666113282 -1.790649115325422
1673 261 0.00039062500000000002 0.00069444444444444447 0.8682842109238027 -1.0565508400253818 1.2687834490074978 -0.65558467820364363 -0.048781564770326608 1.7982909427615263 -1.9882368192753366 -0.10403628555594802 -0.01400025563789202 0.030364757635821249 0.92151332033885591 -0.094947811993852937 0.064167334057667919 -1.056665877502065 -1.1595719137251099 1.5225277130010739 1.2 -0.17043774553972738 -1.003004854687257 0.95168916966513817
56 1124 0.00039062500000000002 0.00069444444444444447 0.45527387860894203 -0.18278738591582844 -0.98433469766092374 -0.58678164015252676 -0.045571743777296496 0.51669265425389366 0.59315039465207597 -0.30195533551982523 -0.086733655648351768 -0.34493225917496284 0.47727308007576852 0.36996556598401309 -0.023965768260244907 -0.073191611984031457 0.3894531959315084 1.4289230543406157 1.2 -0.26985978668312771 0.94772566190620089 1.8167020975420951
176 118 0.00078125000000000004 0.0013888888888888889 0.88997985488213172 -0.003608343161831673 1.8492931006512627 0.44028432094230929 0.099432933280346553 0.73888729238923423 -0.91205167189835779 0.414479751427137 0.081482826808453368 1.5425407643172151 1.2437213553330779 0.82666892512889589 0.014863513412109633 -1.5691183527396859 1.792532848506319 0.22211690537082518 1.2 0.2525301072033771 0.79296722453834478 0.76681729991125924
2438 786 0.00039062500000000002 0.00069444444444444447 0.85376863065257658 1.302003222812449 -0.51333520633107854 1.2274685374720811 -0.029688400047241048 0.08952916934068833 0.6612573311564085 0.89437652536398504 -0.043021998309917001 -0.089776270920931989 0.022553289169732427 -0.084839432072169263 -0.018735613152060293 0.12186088728156852 -1.2864702077934953 0.11080362236673569 1.2 1.0467234883271861 -1.5441275351942048 0.91870892110475222
2414 1133 0.00039062500000000002 0.00069444444444444447 0.53155063671514902 -0.68282071683734102 -0.92194898665744285 -1.0132589362170932 -0.033338053110295737 1.4681865258022011 -0.16868160143405397 -0.12264754031620084 -0.041548541301482916 1.9997831944180873 -1.4650014381127399 1.2354034083967842 0.055386630143669596 0.44354388334870443 -0.72927720912768823 -1.4555523281136762 1.2 0.04750875930944938 -1.8208515516423751 -1.3291198383465677
770 327 0.00078125000000000004 0.0013888888888888889 0.61463094524077655 0.4285236254079714 1.0619709457920843 0.49059844138742159 -0.067567050529020373 -0.24074804788614879 -1.4298812756169665 0.62676293955503493 -0.09112493002934062 1.9812711001159862 -1.6702245077321201 -0.11174176191513796 0.020334929199549573 -0.57735331752398755 1.6773431204952489 0.020732452212513408 1.2 0.59306583337507734 0.6201014906946748 0.091282533670073523
564 699 0.00052083333333333333 0.00092592592592592596 0.86470116696662869 1.3518567631909408 -1.1767035544666551 0.41616955854718007 -0.012749819860149114 -0.48042523312476693 -0.72268423213623612 1.5791255715683237 -0.027283620522785434 1.2749073905779524 -0.98634755967521448 0.59016866318155659 0.081913131079317442 -0.93971356419586538 -0.22004973629237679 -1.4791930509632891 1.2 -0.19649940285815864 -0.29179702678414315 -1.2512275477885624
320 397 0.00078125000000000004 0.0013888888888888889 0.29850179299654406 -1.9951362099332743 1.9535896159719122 0.72091592320179121 0.052752230128610689 -1.004910893489436 -0.7743941413768094 -1.5819799861013895 -0.075564488840316857 0.80813808330579384 -1.5431366744097423 -0.98256528507435847 0.094675551812793968 -1.453796254440558 -1.533148461655284 -1.3997565834767487 1.2 -0.092476625680960878 -2.3874910493708414 -1.5607237435783992
935 780 0.00052083333333333333 0.00092592592592592596 0.19103331830365361 -0.38046111245920144 1.0737791854736192 1.9388148330638892 0.095452915726046278 -1.2959174426675819 -1.1465727306270916 1.5748623592175286 -0.047230768510925607 1.7518504092474254 -1.4036694044245412 -0.63174110011182316 0.0092602776337709913 -0.30343747866293791 1.8734344674261427 0.48551915753395258 1.2 0.50648423173007384 1.7113955274436017 -0.31633211478893131
1345 1039 0.00052083333333333333 0.00092592592592592596 0.069641413552111064 -1.9952438068905423 -1.5106155352235575 1.5585370036073432 0.052571286291305003 1.4677100331079309 1.2992352517736805 -0.79051547987986526 0.03348510436358948 -0.15735543127484375 1.6319323997875927 -1.0051853953764485 0.051763079669832152 -0.42479435577666091 -1.2767298115201551 0.10398051121038598 1.2 -2.1735015936940263 -2.48921409712477 1.1652895340111025
893 658 0.00078125000000000004 0.0013888888888888889 0.3966471627961124 1.4763816019970473 1.7193486334232868 0.03731080783906382 -0.019067199382606814 0.34700551356102283 -0.77858934039309124 0.72116340727114192 -0.078581683063091101 0.081285627308806063 -1.3108929941587153 0.07620425851611401 0.018236604326620526 -0.3092827941702021 0.28927928039070272 -1.6816743886932661 1.2 0.015827349386656142 0.8664512872047172 -1.7667349812792561
1094 224 0.00039062500000000002 0.00069444444444444447 0.76846053788983226 0.72231263885977715 0.60948699146472451 -0.66078253341240645 -0.011464927180302412 1.5553466204197774 -1.908541974072798 1.1662599965202438 0.050138454545845562 -1.9928470614096745 0.82144936616860953 1.8036511963946302 0.059267777422405382 0.064852725297027458 0.55308092273592324 -0.55636868572217502 1.2 -0.39078186370567403 -0.1696510027817584 1.348229780008849
614 645 0.00052083333333333333 0.00092592592592592596 0.36550309023933453 -0.43708846808910673 0.13168939321242412 1.7086172722949851 -0.090328544882541231 -0.23702495432666471 -0.20036839077981705 1.2481651482565805 -0.096847856782625447 -0.079355309405683805 1.5551605199999834 -1.4432779626028438 0.02848241260037776 1.7468709917388479 0.99159259145780343 -1.8604242127576684 1.2 1.5227601153895347 1.2297593687132125 -2.5730078786363686
1087 1037 0.00052083333333333333 0.00092592592592592596 0.35640544135028085 1.7022892567269654 -1.7796287674039184 -0.34602481174973621 0.034568347219747608 -0.88868597254062243 0.91089493061406746 0.65355444091936388 0.031218140406341549 1.8915175284985688 -1.4197662065508765 1.0017461955078488 -0.057429849975602056 1.0383257894964535 0.82290898554530267 0.07302724064744881 1.2 2.3865266246504899 -0.65664676834608093 -0.18870166962909457
1930 677 0.00039062500000000002 0.00069444444444444447 0.16120729561586652 1.9940278621620702 1.1210130424374447 -1.564877612255442 -0.064840496988380597 1.0298848880040747 -0.24447303704910439 -0.2392857446825789 -0.098833645520980451 -0.61428904184195154 1.4768449485422455 -0.64329423323211676 -0.093458874362266145 0.092570442190056834 1.9003596844074999 -1.2032642939713889 1.2 0.93156021557014967 2.3502289949661441 -1.8465057027529717
2418 1330 0.00039062500000000002 0.00069444444444444447 0.42611939789915787 -0.64941748213159034 -1.8501206921425664 1.533584757552616 0.016784788069689374 -1.7347539669535257 -1.8499547993107797 -1.7602013863886219 -0.075684789575380815 0.48624363027931894 -1.7791700270226731 -0.15035648861475304 0.093966111623086129 1.2681797658062326 1.6219323865721766 0.80024345604833158 1.2 1.7956168361731835 0.59645128009415349 2.7235299824533605
787 506 0.00052083333333333333 0.00092592592592592596 0.22246301042923106 1.8801957371354701 0.52165116018129121 1.0179191961159075 -0.0012978914989931478 -1.2210103111635742 1.0967160961879956 1.9720711922320628 0.010679622818365764 0.14442534580677702 0.25027347978213443 1.2226395080555252 0.054493471673415395 0.022474634375630131 0.68201301562445016 0.13535239637968877 1.2 -0.29594898454200042 0.58695923821504359 0.28588067850604243
1024 419 0.00078125000000000004 0.0013888888888888889 0.92119904059021596 1.1376388467253697 1.2355331146940327 -1.1189382038834559 -0.088738382631415605 -0.070774807711096788 -1.5188382493984789 -1.7345021839085604 -0.069376120092477317 1.4789643153006544 -0.064356273680711951 0.44487872508007253 -0.023176210895023905 0.069433938633413739 0.28007898579197299 -0.28782246130121436 1.2 1.8710559647177214 1.0680023221439665 -0.231845609575273
2079 786 0.00039062500000000002 0.00069444444444444447 0.98060569756065108 1.2582290197193964 0.41663369901496061 -1.4552074238954376 -0.015384491834185526 0.91014673479004804 -0.9116740025099106 -1.9097590249056302 -0.085907856154178952 1.0991240042145325 1.3906566547034198 1.801341428359819 -0.063840959430766536 0.94928991044762823 -1.4130814039984516 -0.88607794925395167 1.2 2.4028200520838578 0.25978263975337568 0.13011892657663116
20 525 0.00078125000000000004 0.0013888888888888889 0.68376854918418006 1.6994004663362716 1.40147293799749 0.35979330855828362 -0.0046646186147435015 -0.33016117781685272 -1.7136138041246274 0.53685602262624466 0.028963556152147657 1.2767456961046659 -0.30255777795740135 -0.34408879157725858 -0.080596488483173745 0.5634433192377184 -1.312087218059391 -1.255958392021626 1.2 -0.04994517138189792 -1.837672315034478 -1.8363928712743305
1265 1018 0.00039062500000000002 0.00069444444444444447 0.59488840920884478 1.7421253571107087 -1.115330195021691 -0.77058251284576595 0.053428598801759764 1.5041175464551912 -1.4539910249985324 1.7098188789456503 0.010354798576733021 1.3638703197902347 -0.86285951679655115 -0.37402392687567376 0.093914017601239963 0.30849138326715764 -0.81833977058785701 0.98419995366869806 1.2 0.38092430409982436 -0.57252351595364259 0.049213242812557345
1778 467 0.00039062500000000002 0.00069444444444444447 0.053108707283168591 0.89019955327344968 -0.72209480883907995 0.6045119979861231 0.014335433680485926 1.130433209193741 1.3467259734468366 -1.1879620982857073 -0.023514892362309275 -1.2700063274665174 -1.882951870952065 -0.85719025539651472 0.07528763016436138 0.75855355890278231 -1.4858423645267664 -0.94163642218669263 1.2 1.1938659647062315 -1.1610220484433678 -0.97253758542545732
0 126 0.00052083333333333333 0.00092592592592592596 0.28767486228693123 -1.4441433904391059 -0.3788579477514733 -1.0118161362098359 0.063524231766448891 0.30117120174833412 -0.52015530712015634 1.952878152265034 0.018025501315615575 1.5067506087198836 -0.061013539232072755 0.015661061108280805 -0.090739827863577649 0.9659330939972266 1.0702526802598777 -0.43345729801237587 1.2 2.7338332919567336 0.91891980789767469 1.8481768813283792
585 659 0.00052083333333333333 0.00092592592592592596 0.46163006870206819 0.81602457674387008 -1.7449579131513753 -0.37966343321712515 -0.02639043207025836 -0.17048189658548196 0.84251148737467707 -0.66165602463021411 0.028644859116032262 -0.900056773678096 1.9367170121760093 -0.26583052532911244 0.014121708338460562 -1.3822607030178493 0.90406190300049039 -0.064778986015322282 1.2 -1.7169801207061353 1.8937849609134478 0.088424761615979161
63 11 0.00052083333333333333 0.00092592592592592596 0.76345685014535514 -0.60427844725095392 1.3205151157665087 -0.2957576729202156 -0.021288206688433536 -0.95458770171018159 -0.3811964624999078 -0.95669017024680247 -0.0074731735117550269 1.4824047120137864 1.788677164380712 0.95769876085479488 -0.088211161153381637 1.9770645637742597 1.3547837746504889 -0.84058052234715497 1.2 2.3915618706072146 0.97283845075948816 -0.67195830397612066
1733 759 0.00039062500000000002 0.00069444444444444447 0.47028327300355938 -1.9478984144788254 -1.2312464891611392 0.51211846988910059 0.04062407630047643 1.4343490583112888 0.4085181652050105 -1.1100752132776197 0.04672176472048889 1.7796132483829936 1.9840012582914621 -0.64064136699663976 -0.069338849022938742 1.4979014345999397 -0.99173794491149359 0.042703651916240482 1.2 1.3279950410277561 -0.43870821372488739 -0.013769544110721987
1271 514 0.00052083333333333333 0.00092592592592592596 0.36960802528299269 1.9393248395376625 1.027462956128534 -1.1620673092716656 0.047573124911534093 0.17979454719864352 0.17351033075063116 1.3303139767201748 0.038141872162488016 0.28527904855843556 1.0953284009106223 1.9308496792728826 0.083784690957086599 1.0400870033613674 0.24313778433131716 -0.11874225180617026 1.2 1.42868283249924 0.79278942070268943 0.22485810186040348
57 392 0.00078125000000000004 0.0013888888888888889 0.97135132277702074 -1.8427492800190168 -0.34709581439552117 -0.43702140051405181 -0.058855710892022378 1.8758009717393591 0.45413779601991289 -1.4289007810912255 -0.02624051166138941 0.32066301956538901 -0.68794217249244927 0.51579232449261347 -0.054093571983286598 -1.3141134398975742 -1.9349677545246613 0.89818852441341512 1.2 0.41982100105130626 -1.9347698438768735 1.6004413209569819
904 340 0.00078125000000000004 0.0013888888888888889 0.68922091229969229 -0.034769668307391033 1.7366024929565405 -0.5936106907041423 -0.072791365671342437 1.0954846039005188 -1.2270573447011981 -1.9688592616015286 0.021824144402718154 0.39815541111256891 -1.6492332912820484 -1.5787861745430565 -0.089492662195515327 1.5078194141183312 -1.417534179584917 -0.6866550975158594 1.2 1.6469937621391728 -1.7152953587964006 -1.917006094715167
2128 1095 0.00039062500000000002 0.00069444444444444447 0.54750470411391461 1.3654518716067936 -0.93760471188487093 0.94136454166459727 0.0053200328010640369 -0.4150181433350304 -0.23198173722156756 1.2403429394235124 0.064354098125317838 -1.4654543350137557 1.2009114466179542 1.447177087786744 0.028366464865122482 -1.108386073101514 -1.0083515883312595 -1.9387124092351407 1.2 -0.66566331516419974 -0.71817378472620896 -0.98627812803754811
1999 1095 0.00039062500000000002 0.00069444444444444447 0.95053948525057319 0.90813133236759436 -0.70518431552734739 -0.40304707582487609 0.016914036990048412 -0.4608421022906537 -1.8280100436638649 0.86088567370940572 -0.065221924921818691 -1.8768200526358467 1.9434454868797091 1.7152123009354527 -0.080828827451389085 0.088706057524587045 1.9326040317978497 1.8899426916603512 1.2 -0.80953220395945535 3.7172574433032177 2.4383370857140592
525 220 0.00078125000000000004 0.0013888888888888889 0.52499542294892831 0.48038326134044107 1.863971320007896 0.78686690949289106 0.074881408555475787 1.9506590402469048 -0.17715220795637698 -0.32730114290162815 0.0096369246401234038 1.2535558316302864 0.86793011417041788 1.8318004250017124 0.071088482310644213 -0.67183249669467759 -0.11895673914184179 -0.89799180726338435 1.2 0.53452591998760712 -0.053288427933146386 -0.16609630340855727
392 274 0.00078125000000000004 0.0013888888888888889 0.68311283991550731 -1.1949619189134806 -0.96033113809852688 0.95498588124275496 -0.040485308662458967 -0.74673207894655791 -1.3988460993725864 1.9173862464641247 -0.0035272103235263197 1.3179017899447061 0.85400339430852723 -1.6350030805222668 -0.079551002724845457 0.5464369693998643 -1.968017339816293 -0.71825938978998449 1.2 1.4920406037938803 -1.1594243039735048 -1.5072109126183952
1084 663 0.00078125000000000004 0.0013888888888888889 0.21899249297797457 1.7669883028377797 1.0881767693667079 0.45580060504249298 0.0044833303032708188 0.13723879193317767 -1.8151497759599695 -0.900072297224908 0.074913339808266477 -1.7281484358231545 1.702014289281212 -1.6747823185250335 -0.066903686265814249 -1.7450272410880889 -0.549151908868589 0.053938111248146292 1.2 -0.89926636505744817 1.8747085276737308 0.67763956376171641
52 219 0.00078125000000000004 0.0013888888888888889 0.71264643634798253 0.081106103523950424 1.233527342434646 -0.73828998240480992 0.019280178339094262 1.7386765298653941 1.3238554075134292 -0.79516061412148886 -0.085912228315713615 -1.6248636947664745 0.066551372359771488 1.0914121324671253 -0.055303642829792658 1.9290687911008169 -1.3751969958944548 -1.2158669309523877 1.2 1.2396603761922955 -1.7518550486385178 -0.063714538762155312
930 140 0.00039062500000000002 0.00069444444444444447 0.39270422601944477 -0.17671648234931236 1.0035191576988343 0.12281282453274178 -0.09048049410948085 -0.20239621649042316 -0.030552659938996918 0.24085855716020177 -0.025620046271200805 0.17266577467278754 -1.0875063681587513 1.3890191912494996 -0.040521532243263429 -0.82762093806281545 0.95242890013480652 -1.6111413934618852 1.2 -0.73597376633878109 0.19084960961825337 -0.76196355872262722
1374 121 0.00052083333333333333 0.00092592592592592596 0.62428268282780741 0.47482544233238944 0.92174112934957231 0.86820491673965705 0.033880919591060904 1.9992401080460569 -1.0351101617594942 -0.12803098935791546 0.012094561080818828 0.12026026041808358 0.587725145884058 0.19785465869092089 -0.091896868864470446 1.1822996546270783 1.0270452783587718 1.6081838310594159 1.2 2.581621060915364 0.84835842348951096 1.7206298394700561
546 260 0.00078125000000000004 0.0013888888888888889 0.16329656424957883 -1.3501033468912156 -0.30552174459773074 -0.46922100017777701 0.074588349812898608 0.16926786454019949 -0.45831397371273352 -1.2865166371276908 -0.07414324614680215 -1.7276701356392166 -1.9079547275278208 1.077935777697383 0.016342989465113006 -0.30948096463815755 1.9255699524940009 1.2248853190305899 1.2 -0.2967508150005792 1.3079452320976939 0.95099409355798437
1175 819 0.00052083333333333333 0.00092592592592592596 0.73005893647507014 -1.340120408037313 1.0920110186029151 0.59018520165208477 0.048089121756715481 -0.22655340473087016 0.35537599541139908 0.51734965142319478 -0.091172484616573929 1.4025511598246494 -1.1952551452628781 -1.7937554665957651 0.097599816483878915 0.29777402821938237 -0.91866157455547359 0.81873370459064176 1.2 0.85624363731942954 -1.3015528128523142 -0.47102563970884825
1280 42 0.00052083333333333333 0.00092592592592592596 0.8995402550339362 1.0523253681355911 1.3475220279820146 1.3043632869912534 -0.04127243838594899 1.5397886437441546 -1.1861395037460949 1.9216291887434842 0.059256356757474066 0.86399613381075868 1.7028918868857965 0.13935050595298026 -0.047669349380257867 -1.7936480019464032 -1.7829023996117912 -0.71854696904291115 1.2 0.62898005639334742 -0.74627925369655412 1.346203118597334
558 951 0.00052083333333333333 0.00092592592592592596 0.31756825733385774 -1.7958345893364056 0.77702353712976491 0.85293650914136787 0.063178422421937247 -0.043213823588561073 -1.1929133221673149 -0.10658857352967477 0.083843349272882062 -1.7429977264439471 0.82405766667220348 1.080618291364714 -0.01262665477387212 -0.34291352842589662 1.2976803166967392 1.0132744822163655 1.2 -0.1016874783018055 1.9385844542924553 0.97763420065237094
428 197 0.00052083333333333333 0.00092592592592592596 0.093536768107889856 1.8614662259428916 1.1680212009075439 1.4351593457173726 -0.035896090174340506 -1.9894920702861492 1.3705812110245663 0.18355409737822281 0.0778860820860863 0.92254165015132816 0.7607979915499512 -1.6363338243652819 -0.089035178731246736 0.23965994504157262 -1.2037240639076678 0.94746486887511105 1.2 -1.5595401068261967 -0.7216232856138739 0.092199364393767344
466 267 0.00078125000000000004 0.0013888888888888889 0.26765280668765218 0.018631065166387017 0.72005934891585399 1.3695645822364724 -0.082050473907515728 1.9195255771647854 1.599437136744688 0.48746715590256295 -0.028296104343928083 -0.86091478241553432 0.056332565821785696 -0.15632908274958091 -0.088746960981029216 -1.5226211784690573 -1.4466818042604239 1.8686310114454594 1.2 -1.0618419189395645 -1.0206694630616393 1.3270104390580131
1388 725 0.00052083333333333333 0.00092592592592592596 0.52042509564938377 -0.82711237522361669 0.73501183489633926 0.21451937748148797 0.011158492747097237 -1.5446290806616014 1.7337288000317064 0.15810035360490016 0.048025448755064815 0.972486920627329 -0.48465081620957307 -0.096947883790995171 -0.062896791415273823 0.15441982501072449 0.88893994522635023 -1.2547383934636684 1.2 0.71118330504744043 0.31946628869225296 -1.093446984213353
419 492 0.00078125000000000004 0.0013888888888888889 0.75134851574615147 -1.6707597341836258 -0.55251775322226493 -0.56627681369198379 -0.046479202476707539 -0.85934310942101488 0.44303048740667261 0.88801948221119931 -0.0040280856231746515 0.9073412252165709 1.9176841524267401 -1.0753446007068255 -0.065178081309514607 -0.0069237389823286755 -1.749250528577369 0.21791479149464843 1.2 1.3407682065666937 -0.24056111167443231 -0.61768849144746552
1002 763 0.00039062500000000002 0.00069444444444444447 0.98521064499057553 0.21872217598320809 1.5448095632988879 0.63579757793529401 -0.085569758837937188 -1.7638658033396712 -1.0119460020789259 -1.1641269328353965 0.045037042573431607 0.51012654269691327 -1.7505283791522221 1.0238285127139837 -0.080793181740893366 -1.5862970103082787 -0.3770312535113125 -1.4629043069310459 1.2 -0.90172282870605525 -2.0906311390371513 -0.45917016288320178
994 388 0.00039062500000000002 0.00069444444444444447 0.16803148264708831 0.64035013115220263 -1.3724845364465126 -0.61774188542960928 -0.097410040297895267 1.8496552742833652 -1.81910179816744 -0.88843139463185228 -0.042826130967491174 0.37836874994476677 -0.13795982980477284 1.4848899558634567 0.072253900674385474 -0.94635986184850163 -1.6335068198421561 1.2003122939232593 1.2 -0.14330846227506558 -1.8021699844536134 0.97068505703304531
922 1034 0.00039062500000000002 0.00069444444444444447 0.30886222606102676 -0.14658088067937358 -1.4652550747755142 1.6428216383995311 -0.075877699276052757 1.9601332702097181 0.18158230218719851 -1.5083422766633596 0.057518472795032194 -1.4642126323637044 -0.32709135052542626 -1.1654744753068549 0.08717364095319069 -0.91077854510989642 -0.53168099834276239 -1.7512711879938347 1.2 -1.7811031156999444 -0.24757479391571935 -1.5627443680158093
1267 814 0.00039062500000000002 0.00069444444444444447 0.85127705925261932 -0.98344536317039388 -0.42388674624226264 -0.79913734426983973 -0.060086306236637244 1.0016287916293711 0.50651726151625942 -1.5685570161415989 0.0024093834278859222 -1.7369304193612858 -0.95681743225020055 1.8207341302807185 -0.04255639573645989 1.5974451341188525 0.272181466415645 1.8255666574780651 1.2 -0.0025975887392732364 -0.51946190757843214 3.0833845651933567
1236 580 0.00052083333333333333 0.00092592592592592596 0.70505743912306695 1.0633324000465878 -1.4669990574284975 0.20085544826553692 0.0498060671841975 1.823702790213245 -1.4945316454607664 0.42542185649495767 0.051773359086631554 0.95672923255492348 -1.121542518975049 0.17582368008156113 -0.0282441057116017 -1.8881477831079865 -1.5537587319031627 1.3230934240443224 1.2 -0.87700297417958528 -2.2300201303709022 1.2372475156030127
1102 593 0.00078125000000000004 0.0013888888888888889 0.31714694132941523 0.82166399437582527 -0.39623877105543315 -1.1308062993185843 -0.063638132361233585 1.6064227456336111 -0.48361191879714438 1.2245441768298511 0.095863971162310491 -1.5095911093647802 -0.35440549355448292 1.8429158851081482 0.070750991937105212 1.2461979914613504 -1.0538629151759804 1.890223691678353 1.2 0.28653049002907216 -1.0221295828154497 0.77473183675649593
269 458 0.00052083333333333333 0.00092592592592592596 0.57361772375495523 0.49486307892735182 -1.9542202047187334 -0.12247216337699918 0.0032608822267893023 0.014148908949920269 -0.57014456879678432 1.708584508331124 0.081130885811432907 -1.5608664212923897 0.15620508956213008 0.086940077639575453 -0.01471851482606816 -0.46773657803244895 1.5773060153972551 -0.93010124998719768 1.2 -1.4290008584989546 2.4857096635797054 -0.44468570318110046
1124 483 0.00039062500000000002 0.00069444444444444447 0.8313868714319167 -1.064397988963635 -0.35825067200231331 1.5422392873743811 -0.056010260055077254 -1.4217747709379309 0.44937402073140342 1.7562238859232768 -0.012034792710382325 0.13543345741876145 1.1363434321909756 0.90207969055842741 0.088323744850534153 -1.9755694160067412 -1.5011861244060873 -0.56491954976658354 1.2 -1.7242872554891226 -0.28623473055091064 0.4501906579062146
534 599 0.00078125000000000004 0.0013888888888888889 0.37521912989792422 1.7307473030043798 -0.81966339737171934 -0.10526099261502209 0.08740084673899981 -1.2761283488699857 -0.13451867739028955 0.84187643124622058 -0.096904418352195765 -0.39645633229831034 -0.72747371428926177 -0.21287120340612642 -0.075936529590188317 -0.19280229133382187 0.60291453793568861 0.37928324746060271 1.2 0.18182913989597385 0.45397484481509021 -0.19918674853919216
1118 528 0.00078125000000000004 0.0013888888888888889 0.22888632375391485 -0.39150061471451947 0.033768213757770393 -0.63754185230797411 0.081830441282093574 -1.0519063010595406 0.43065827311941707 -0.54725807182284925 0.087034845118424187 -0.29205121992658212 1.6187658721337095 0.18145996650460905 -0.0016911262864149068 -0.99755759134244837 0.69101033836776171 0.49667168455937771 1.2 -0.70878781944964053 0.72553893424748805 0.26038985536793874
522 95 0.00039062500000000002 0.00069444444444444447 0.11408062057069999 0.667998583116169 -0.4554321672187065 0.76204500330667591 -0.091958798101456407 1.4576466043708205 0.96051708951990511 -1.7592036202730297 -0.04341800582772784 -0.33019195775088184 0.96499285089134812 1.0413614374141549 0.010238617483370779 0.92433325195000871 -1.5205895522670647 -1.2474346912401129 1.2 1.4415043918953776 -0.25277651356515607 -2.5497988625210595
83 675 0.00052083333333333333 0.00092592592592592596 0.058831352767490915 -0.30890359732059602 -0.51294633041777571 0.28779840011580227 -0.056228364961320332 1.2572421922043433 -0.13721764302391071 0.66240653207011535 -0.079042307399865092 -1.5672983333327664 0.44487753699992183 1.2114231191913376 0.028208249789247408 0.11846832555314979 0.16072887535892155 -1.5674459516153258 1.2 -0.0056387667697704218 0.54183453521023406 -1.512500288935227
877 723 0.00052083333333333333 0.00092592592592592596 0.25137081753921797 1.8286138748309 1.1530948165777843 0.79773636329589781 0.081630239816892519 1.2362689678226122 1.3392490942741508 0.27817077136793333 -0.0081535101407489013 -1.8747669024372464 -0.53036320153500061 -0.99123534112141787 0.074728849682728499 -0.41498018044467466 1.9276591531669927 1.8333227419574647 1.2 -1.2049752163339953 1.0210864286117405 1.1700502320944428
562 786 0.00052083333333333333 0.00092592592592592596 0.73306198191186278 0.27738192576459442 -1.255656899938582 -1.5876338154444709 0.065203062579675758 1.05406646400098 1.695301536425359 -1.0586846071300648 -0.054015189127911617 -1.5419461417801816 -0.9185960281798824 -0.69722712552884003 -0.081004421894212975 -0.61304748709287304 -1.6393546909187804 -0.61214573416368179 1.2 -2.0552148295349308 -2.2548945873487001 0.015280203211733706
1866 995 0.00052083333333333333 0.00092592592592592596 0.20828316796754107 1.592892156633372 1.0939390407610268 0.35556923563198728 0.040578862777388897 -1.6012316598336152 1.0728767190481219 -0.20594570222669351 -0.051727021893666292 -0.35911700537606173 0.15555011768254312 -1.8871342302941345 -0.082820422975684621 0.080060923068325796 -0.19990843649126644 1.6172628969271456 1.2 2.2614477525548824 -0.031253747927323071 1.3708209234611519
1662 493 0.00039062500000000002 0.00069444444444444447 0.095467939495927009 1.0595998157882747 1.4794111830271266 -1.2031460060542951 -0.056326247576233661 1.8520559071495382 1.0168722152398773 -1.9563861346446751 0.017345551528269304 -1.3239902833183406 0.16580726832900305 0.51873319547912944 0.020620013831096642 -1.5620854885636741 1.0598128210912123 -0.53697454182450688 1.2 -0.66287955989361147 1.5434513305850559 -1.2283224534737618
1707 918 0.00052083333333333333 0.00092592592592592596 0.23535273206098581 -0.68255335198069167 -1.1427561210919035 0.2591605383506379 0.0031983041693255804 -0.58169223509510903 -1.8545675878823022 -0.84400365672577538 -0.0076610810314839961 0.48242526808618313 -1.5126837080198232 0.58543765323453734 -0.071749352661376595 -1.527282327725751 0.80306610683320345 -0.13975754086238412 1.2 -1.2909489615748548 0.71971699282564428 0.66450255632088495
1528 1038 0.00039062500000000002 0.00069444444444444447 0.14790935722032889 1.03403385253492 -1.088224533431235 -0.17559104317212837 -0.011632794715586356 1.1534785649165613 -0.24047726878765285 -0.21016653942596619 -0.047459555318608196 1.1552681520466002 -1.6274861717905407 -0.8115315365759419 -0.077581738022005992 1.1011681918265563 -1.7387568590314473 1.2134492663147207 1.2 0.79729009798437467 -1.7265267738945091 0.95447173366365123
1218 1226 0.00039062500000000002 0.00069444444444444447 0.69163658909422832 -1.1790292252486934 0.091372102410253841 -0.63440088619568868 0.016107460216074385 -0.1090845295243299 0.58235464390061598 1.7095311976719829 -0.024102971888631669 -1.521772612795238 -0.64747950997820558 -0.52838717183607864 0.026812384633072645 -0.39855677274875534 -1.0682551508786706 1.7593995045476101 1.2 -1.06718695679294 -1.5632097207496904 0.17965185937054501
1222 400 0.00052083333333333333 0.00092592592592592596 0.46827864734812868 -0.11492884581469376 -1.7884414032700922 0.85778370166887941 -0.026832367091320738 1.6798461195045893 1.5045383285284446 -0.37528725366698579 -0.01872649213779809 -0.013408557915894015 -1.4129763113023541 -1.0371137084786493 -0.032254428621451142 -1.3496953923782624 -1.731646195318612 0.12356797305346312 1.2 -0.81301495318681138 -2.1263938864449661 -0.19142588286397585
771 528 0.00039062500000000002 0.00069444444444444447 0.36407875905533177 1.8265832175205063 -0.35657376165716803 0.06314788110113545 -0.016653050975319814 1.7453772543977255 0.87633032564820645 0.35736042582422067 0.084567980644555507 -0.694588652175407 0.94700223431915154 0.9756852017762645 -0.0051722628043042451 -1.116975092281622 0.91735498945970217 -1.6064710637218491 1.2 -1.3292399639326107 1.3337994256239969 -0.96256435957537434
2143 1233 0.00039062500000000002 0.00069444444444444447 0.12794265051264109 1.950426224910927 1.2019622222897359 -1.1066399424383837 -0.085806217123122752 1.661707395936276 -1.4365241541945504 -1.615856561603938 0.033796407194708417 -1.6444894273819939 -1.0730953756992272 -1.1346501153973825 0.041363200373259496 -1.3524609090926152 0.15186418584299632 -1.6157855067858637 1.2 -1.2749951478208952 1.6468802281142945 -1.2063400275573115
652 119 0.00078125000000000004 0.0013888888888888889 0.47687532817582606 1.9909780325874409 0.28810779781987605 -1.4047688751034197 -0.046499349915050829 1.3802251623197033 -1.9803267319627524 0.57631087111738344 -0.056933411320906416 0.72308086170158381 -0.49844729891154804 -0.059501992389667802 -0.088911896397883355 -0.0079310835525019385 -0.82880742366301519 1.305021741111537 1.2 1.1601781786294214 -2.1309885919138463 1.4608741984899272
852 98 0.00052083333333333333 0.00092592592592592596 0.44300267667177584 0.64138934310121476 1.6616865169340373 -1.1273342237412112 -0.023088784942629781 -0.24154529332823005 -1.3017770349492532 -1.9484643369785539 0.09399366333972739 1.4480214941465026 1.882808524721582 -0.3097935303899213 0.089125773857460205 0.65656777009223877 1.4805544104772292 1.1640733532671912 1.2 0.77998640265535502 0.80690910864042986 -0.33359043148021011
88 245 0.00039062500000000002 0.00069444444444444447 0.85065065307956389 -1.6002413098376986 1.7180067065177496 -1.7278225438121066 -0.03536027302901526 1.2532330734064563 1.0657281567527441 -1.7431845225668869 0.014142896538685085 0.53030627998461322 -0.45083958028657722 1.8474147734827295 -0.018290294787396327 0.28690348976754443 1.3476235075406122 0.80201526240301479 1.2 2.4892641091102585 0.054813381696826119 2.3095499661356671
1300 156 0.00039062500000000002 0.00069444444444444447 0.41443847014072877 1.7595071557543163 0.15200792788660822 0.20334518651163203 0.043288225436287575 0.021282454986959021 1.5258095038170207 1.2834396563614381 -0.093722408770828339 1.6636759909281253 -1.633811459695258 -1.1676166038207256 -0.040178270321377912 0.97169887037520208 0.37923388444466832 -1.1972892946028439 1.2 1.5360043309772018 0.80914661818456024 -0.60635046757543565
784 644 0.00078125000000000004 0.0013888888888888889 0.0075225096583612719 -0.88401226618607698 0.49671918563405271 -1.4863660170389195 0.013087906557356213 0.2002694749025129 -0.90319790506592534 1.5356147200419055 -0.078529924723038727 -1.892091763270817 -1.280703416741011 -0.46256334816946687 0.062368238307366347 1.8181199664056686 0.0021029871813182943 0.22209592991531357 1.2 1.1426648339989338 0.64670560178610847 -1.0514070640542232
1276 531 0.00078125000000000004 0.0013888888888888889 0.47496198718105564 0.77622752546576734 -1.9893615056922198 0.56498120241730776 -0.045189834308744972 1.851499575263714 1.3783180814609288 -1.4110364850723172 0.07175409330507973 -0.49078708901662971 -0.94899066466503301 0.78336228997852331 0.095468937823232819 -1.0917055698245992 1.8807755806776543 -1.036582864738147 1.2 -1.2303543459611719 -1.0333024662803629 0.48839731152991905
1218 383 0.00078125000000000004 0.0013888888888888889 0.86825273013670523 0.92226609091730793 -0.96157488392886981 0.48191529650876141 -0.047433117638526624 -0.96769539552997941 -0.9915442323950745 0.28212586167572695 -0.02804464284389617 0.36987825367982552 1.7982118187653353 -1.6930362891273258 0.065250762400739348 0.9987489028830101 -1.5301805892176596 1.498822932773709 1.2 1.8235357108545731 -0.63616305284172947 0.36691812530514689
978 952 0.00052083333333333333 0.00092592592592592596 0.30936621524517782 1.207019387253641 0.59387167556313258 -0.76572058856566949 0.049602304814161502 0.29336620382799694 1.6448951230486619 0.51432118483117772 -0.023333789096544488 1.4035861866432398 0.42524252464792323 -0.19984407175993235 -0.014531703989446004 1.2082587401093647 -1.9438878745790475 -1.8247172358734973 1.2 1.1872355750811745 -2.5178650081148137 -1.8893284143342362
36 565 0.00078125000000000004 0.0013888888888888889 0.060480570219087829 -0.065559098631195134 -1.0990040684550495 -1.8135273954484648 -0.060198636123266216 1.5096739945852065 0.52476295338556866 0.11728279988541646 0.058846693093298236 -1.0908141872955754 -0.40556908507210743 1.0395965864229817 -0.046767703131983931 -1.2874433873347075 1.8049212009105764 1.669270052921207 1.2 -1.7645568120770112 2.0626674918852368 2.7658535163083773
1023 136 0.00078125000000000004 0.0013888888888888889 0.85009152349855166 1.2367437074035452 1.9076083888006217 1.6017053091327194 -0.020618568612532417 -0.66819069134388176 0.42558630227090344 -0.543154980229692 -0.033876237062896372 0.09331365603650621 -1.0374946043580051 -0.9895108853778245 0.072241076313132618 0.36245981419916617 -0.82282023121708114 1.5877488972486469 1.2 0.62541880548116746 -0.24225298671465831 1.1149098930046162
2087 35 0.00039062500000000002 0.00069444444444444447 0.17640221654436486 -1.8041854865095242 1.7883012566957239 -0.73752124494210403 0.046482394889859335 1.2608718620971961 1.20710660196927 -1.5390214823831885 -0.03870852932864597 1.9476838333871482 1.2180445171529621 -0.9088777629634297 -0.055088639377187866 -0.71136510896606131 -0.32300145779266209 0.25927426757246552 1.2 -0.25978291308967261 1.8326084258815243 -1.5467160082602713
1256 293 0.00078125000000000004 0.0013888888888888889 0.46927881573284402 1.6651216357626182 0.67319146819652032 -0.97850761351060189 -0.052026445407373716 -0.95336406567742449 1.0085794074373049 -1.2017906251781767 0.089021137360242142 1.2741124434746909 -1.9883345005911006 1.7222812125005347 0.033866071789499741 -1.8625796943828545 1.8674278529870612 -0.47435628999997492 1.2 0.13805138440335038 1.496441673026581 -0.70266208762786098
1340 748 0.00052083333333333333 0.00092592592592592596 0.024491896648649685 -1.6874801560419925 -0.30896846602319084 1.4155236353732885 -0.030381929152381568 -1.5089536250879676 -1.6285686810101465 -1.8674608478610994 -0.0042536210890116999 1.0996905752646309 -1.1184382004168527 -0.90786420531168899 -0.087789071480816439 -1.9808555655451943 0.10702974889765837 0.20666398824791932 1.2 -1.7180830067970558 0.49348139215003717 1.2350199527085979
1889 1030 0.00052083333333333333 0.00092592592592592596 0.29634304211208806 -1.7446787881231756 -0.73762549094594654 1.061118613239314 0.087329715947532471 -1.815957008131007 0.22211047074222767 0.70974433956177707 0.070741316470571969 -0.23382369293940375 1.2202127323391725 -0.31675556562723406 0.0015966349430939636 0.017136658347886691 -0.92097443702966864 0.15995589737174321 1.2 -0.075288424402052134 -1.2085091933106795 0.36764381299951804
1198 77 0.00078125000000000004 0.0013888888888888889 0.23743460596291313 -0.49672941430913609 0.4396119926494455 1.5543945732897098 -0.024984286499926817 -0.57128465669448625 1.7259182399444821 1.5020965521094398 0.037367861703438643 0.85527949272743298 -0.33765726277894936 1.7612747891873504 -0.096642651871573393 -1.8424854444618064 -0.47308769387072669 0.17621302648750747 1.2 -2.1283477968820184 1.0001375589686825 2.6419457723745299
21 332 0.00078125000000000004 0.0013888888888888889 0.48552293302686522 -0.45152798619558743 0.4250537688710927 -1.8755435007439267 0.090024848933933116 -1.4301780910973179 0.7716991112806606 1.6674606757288819 0.041621009746291848 -0.52259851678727998 -1.718949511403979 1.8935226575167672 -0.038512948930906316 -1.5177667938089043 -1.4533692467027959 -0.55928562225983969 1.2 -1.316097565114646 -2.4053142748179344 2.0956880493687442
683 22 0.00078125000000000004 0.0013888888888888889 0.96553145781379346 -1.8255125292359562 -1.6815657830362976 -1.8597302994632963 -0.084648824583322707 -1.0580418543395735 0.58087933199514508 -1.8719461151006009 -0.024487255630975063 -1.355366179095896 -0.98743298139674884 -0.1199335376453754 -0.012876637216150219 -0.76883906062917173 0.65599940064342332 -1.871932857777963 1.2 -2.7557153246205583 0.11466665229679578 -3.338708519832656
1715 3 0.00039062500000000002 0.00069444444444444447 0.76144270951948156 -1.7526224630889717 0.61272419920285248 0.89187196382201428 0.064044106082709024 1.7704317043082836 -0.71660681100390722 1.2824989076316169 -0.040977020588528791 1.9768719362659337 1.5161960977109135 -0.51298751326112058 -0.043625393501359994 1.5769217077311901 -1.7116221909186806 0.097202062347847118 1.2 3.7007683236249895 -0.92506081285491049 1.1206728416569089
1115 709 0.00039062500000000002 0.00069444444444444447 0.38579674668122504 -0.28809296921178262 1.1593407052932343 1.1919800169894939 0.087244030024407282 0.21429934494768021 0.979490901953735 1.8849957163251294 -0.054857690692768579 0.1224218860190871 -1.3072522964143509 1.2613749341919736 -0.043194819230130049 -0.3679074420848738 1.2960150665991788 0.15179758066965299 1.2 -0.23949648908107607 0.56088033284080541 0.43773855487188573
2309 53 0.00039062500000000002 0.00069444444444444447 0.56136529913662325 0.18641477900631997 0.82179929483930758 0.73021618290958745 -0.0076358338283285115 1.5032506016279501 -0.67955998196423995 -0.048338726813114796 -0.096788953461039023 1.8438608039501023 0.72637697774580223 -0.39209489771567396 0.032973932572972958 -0.98625866767045878 -0.049072268479972259 1.55581399944244 1.2 1.4164090597902319 0.3478856649847627 1.6728857866581228
293 194 0.00078125000000000004 0.0013888888888888889 0.91775022181827881 1.2359294341695906 -0.32776265010910643 0.9327848513400423 -0.042073402210948997 -1.2784259713855897 -0.25397581301515171 -0.32224906115449548 0.095312139080006103 1.2965561704374173 1.4253338005093132 -1.1455218342771838 0.040905930363581228 1.010579253117899 -1.2337544198319712 0.88542628452888517 1.2 0.72356889871741803 0.10354769390856861 -0.62802989536333176
1650 616 0.00039062500000000002 0.00069444444444444447 0.64441775267305657 1.6458450615176323 1.0325178571409999 -1.8384500944913 -0.064536324180747784 -1.5640588607606132 -1.4412515075443402 -1.8948777072786886 -0.0074466222757268996 0.099521644358975703 1.0613405903928319 1.6490478508771766 0.0052647617379282668 -0.15278427253180249 0.53142842319037431 -0.11237530071333435 1.2 0.13763517611771892 1.1042703307096784 0.12315092936654688
936 249 0.00078125000000000004 0.0013888888888888889 0.47415426296714519 -0.78945079692123565 0.52456579633957157 -1.6692494684965271 -0.079126018692261171 1.3487658518466175 0.20469373643739397 0.048708492100162371 0.035003579618305969 1.8265412881760779 1.6855167383819447 -1.0271112219564378 0.062357952561052032 0.37436902960219642 -1.7129438235063565 1.9180392893333122 1.2 1.0706481842662638 -0.50504368631065066 0.55883919601905607
387 660 0.00052083333333333333 0.00092592592592592596 0.86884278060951259 0.49887861871916162 0.046168931819681625 1.4971162067158419 0.040418293958793178 0.62174211358959885 0.59944377448853059 -0.24488506246994124 -0.082667352082975848 0.00013359921788813622 0.73113536068629825 1.2751958131012486 -0.084920714841866016 1.3127552994020624 -1.6735538935120218 -1.2588987763048087 1.2 0.78230695854465349 -1.0705444322570576 -0.88270090251195199
1820 665 0.00039062500000000002 0.00069444444444444447 0.64138156200614183 -1.4398897973909754 0.87005243699599122 0.37550024871466903 -0.01159127418424713 1.0830225410944676 -0.0068578919183033271 1.8145542195752591 -0.095565357592523992 -0.40985529372455254 -0.99712006480619841 1.5335611943588359 -0.078916886065876157 0.56793707339818633 1.0962436835864939 1.3803823016137868 1.2 -0.19430433376499218 0.72418482272834495 2.3388693152295961
1191 330 0.00039062500000000002 0.00069444444444444447 0.29159412363065729 0.88641935852570786 0.63626363991655754 0.88199328181684589 0.014419486400149423 1.3906226145036871 -1.8355317253212866 -1.5264103488661758 -0.096908565131308841 0.89374279972909632 -1.1441584404115672 0.09842381676495604 0.095855272008839143 0.54421254488513693 -1.6165749943650143 1.1767846410370999 1.2 1.2735515986027082 -2.5432902581428154 0.27139157656360985
520 1034 0.00052083333333333333 0.00092592592592592596 0.87057851379233975 0.21301478870285662 1.1723823725587894 -0.31946869137596234 0.054283763115799522 -1.9136700385376684 -0.39120134569987419 0.37033870368468103 -0.099514079349688575 0.79226695154121618 -0.90596382427840672 -1.8994989920035374 0.0015858304858287209 -0.033363993941986969 0.72555170390362456 -0.068019983747320989 1.2 1.8232611293672083 -0.19062968831700322 -1.5103132080290649
1252 841 0.00039062500000000002 0.00069444444444444447 0.71490223405234576 0.49315260787542714 1.0218485594597539 -0.78661957945450611 -0.061258395633760059 -0.57576456186250002 0.65818583425757105 -0.1914509992933211 0.085426652809197229 -0.34481579590966493 1.8086661682393794 1.5192063993168068 0.024899353256992884 -0.38051588993836871 -0.95876784758521794 -1.9442574608582364 1.2 -0.44862608993814707 0.16703647399652977 -0.67150774902943744
1056 546 0.00052083333333333333 0.00092592592592592596 0.71309829616614617 0.6508873227001053 0.10539069848960825 -0.86561850467898394 -0.078226462192462598 0.83294556854288926 1.3164295775991581 1.6750848000615819 -0.013517089657475806 -1.9415309764160651 0.24462940988235227 -0.64882227486811184 -0.058628432840857281 -0.40030474373810376 -0.89311195368113871 0.81798870634760457 1.2 -1.5031885625813697 -0.62922594475273375 0.21568077687690032
1513 73 0.00039062500000000002 0.00069444444444444447 0.3132343451231121 -1.9184333190408265 -1.4862704033195331 -0.28371588076228527 -0.061376951964199837 1.9113819092621096 1.3508164193242407 0.211137275182816 0.059555877683878183 1.6041791302801065 0.39734641198264686 0.40066093280919812 -0.0011968170729388383 1.8150681724613245 1.0042744046639007 -0.25078692683068704 1.2 2.9662898038205898 1.6672205766063311 0.010098626845910138
1553 126 0.00052083333333333333 0.00092592592592592596 0.92899985058553225 -0.091504923476027233 -0.98081568367071137 0.24672038752321779 0.047450422551906069 -1.1691233526459062 -1.9978248812367192 1.2307867436933551 -0.025134685151899025 1.0136806150385973 -0.44898454777474672 -0.050494287623819911 -0.016707233373595476 1.3015860857897925 -1.2197629388273481 -0.58244309215972878 1.2 1.0811266506705395 -3.1585105714607291 0.38979880923821197
325 645 0.00078125000000000004 0.0013888888888888889 0.11884350425730192 1.7496839356346805 1.2566265080777899 1.7343324720174333 -0.043388768026699644 0.40673121054091244 1.683167555307115 -0.34162754494556546 -0.035969025598991775 -0.59365869972990426 -0.80418008675334374 -1.2762776840621606 -0.051013831768759871 -0.7505574001656008 -1.6997250191471034 1.5081256543006245 1.2 -1.6107905305090617 -3.0131077752459854 0.62319178453609247
113 1231 0.00039062500000000002 0.00069444444444444447 0.71342980543084189 -0.22232872276434623 0.21463091747093532 -1.2049868541657749 0.092914546342429905 1.6672304917769543 -1.4187129983614555 1.9483370259282253 0.021076879132383278 -1.9501302142115469 -0.775779884150396 1.7083036018222999 -0.04158579429861109 -0.22347863211973751 0.98268996978252421 -0.8188648348797769 1.2 -2.4251574904231505 1.159544220046683 0.10637812024304671
894 142 0.00039062500000000002 0.00069444444444444447 0.87085053556223435 -1.4712927701237319 -0.29359371963138692 1.1336653610164884 0.05942529369129429 1.2763151821139398 0.95462674076736498 1.4931270082721455 0.068849309074122955 -1.1285719639935077 1.2927315836512769 1.8799220050836722 -0.00088749659253084534 1.7710171616571015 1.4020986118997527 1.6624787176177254 1.2 1.8236365143675608 2.7350122289900494 3.3607898001347283
290 48 0.00078125000000000004 0.0013888888888888889 0.62485727497647714 -1.0798395187755623 1.7650431540903146 -0.17638497527314634 -0.037562983317801571 -0.81315107432438971 -1.7040309231444031 -0.015130380040998759 0.0055928778228701015 0.39828633025021842 0.1885393484355542 -0.87968916627658977 0.0043190499711569241 0.059709032927239392 -0.037595016380725266 0.60551202751504762 1.2 0.15852207014611344 -1.9202164889494799 0.11323845074609019
497 915 0.00052083333333333333 0.00092592592592592596 0.71723069737025202 -0.92902596341746468 -0.22946853425270941 -0.72411273247625996 0.0038213065564980386 -0.68458057519888937 -0.89621890594919851 -0.027939611373549944 0.05249246989504619 0.49923511213412031 1.6132743933305131 -0.54922900607031444 -0.0032191728119975727 -0.8767624153419229 1.4648331158578412 -0.79386776704624662 1.2 0.34926428513056962 2.8944520300746346 -0.70686852360783681
975 1 0.00078125000000000004 0.0013888888888888889 0.88551087837866638 -1.7117729607386813 0.85439630182740967 -0.93424466130826245 -0.058234798941537914 -1.9006012683611102 0.15029748342243954 -1.7122024639592346 0.069146666940602064 0.27894450995233511 -0.83581645606396737 0.74501108382347603 0.085877736678222877 -1.1500589301268893 0.032588218435852578 -1.1397353115618034 1.2 -2.8097552292886947 -0.083670504201806828 -2.0350613730885994
287 582 0.00078125000000000004 0.0013888888888888889 0.20701434722335113 -1.4534381633503597 0.10742798483354443 0.10389916159977775 0.03641151188164507 1.7626623078147325 0.62970106301323137 0.38884258730712107 -0.048042956685147555 -0.89760054982215243 -0.98393456346326191 1.8339785349837521 0.018852332066025629 -0.4801289944032332 -0.38204963953335813 -0.67388744287727853 1.2 -0.78682287494514558 -0.85213243759562696 -0.48764692422348327
1418 967 0.00052083333333333333 0.00092592592592592596 0.9734373743645276 -1.5857944948201483 -0.58287136883952329 -0.5516086092976713 0.061075800618570625 0.39192108737699805 -1.4941273710040512 -0.31878225767984159 -0.036214021179141145 -1.850681556561657 1.6775057380414982 1.4203672719989924 0.012662976485289842 -1.655631914293723 1.0445377948221464 -1.8678871723344521 1.2 -3.562374567532669 2.8200670787785449 -0.39075981116344682
1017 211 0.00039062500000000002 0.00069444444444444447 0.20934218814524735 -0.94494054408848349 1.1786919758673977 -0.93344207007905977 -0.037386663001512832 -0.1684902960170187 1.160856160029279 -0.49186685238053363 0.07607912358843591 -1.8005515547713946 -1.487470682499938 -0.04454372902127135 -0.064769061628020569 1.3355284198297608 0.88208663919716646 1.9519594034775554 1.2 0.82814148265933896 0.92065309485030844 1.4318208217584409
984 248 0.00078125000000000004 0.0013888888888888889 0.54305391646982615 1.4145836976681121 -1.9868769010353016 -0.18931589696935713 -0.096710615966663707 -1.7987697896246715 1.7010401992136921 0.7391644337751071 0.088129318415626517 1.9713447964250181 0.69614126358843054 -1.079444366708151 0.0098224716214363877 -0.39733222599176576 0.6111125470002321 1.9746177893939922 1.2 0.74331681665194971 0.37821163705992528 1.2836586486240871
797 974 0.00052083333333333333 0.00092592592592592596 0.64989815420233843 -1.3418550931209552 -0.50567400568885112 -1.6373258291615613 0.0016698405628140789 0.45362198945835042 1.8397823918822671 -1.4363556816625138 0.060858522085636052 -0.79834278601564357 -1.0139109837892533 1.3885915544211236 -0.086547705403986291 -0.5162033345411845 -0.028577171949352387 0.53932576841401136 1.2 -1.0716344516153631 -1.9024765701155923 2.6264509391042981
1051 45 0.00052083333333333333 0.00092592592592592596 0.82334241607067338 0.92812673112917965 -0.14519536133690458 1.0600563338783848 -0.024846359855695804 0.20030986255873451 1.9753933788950664 -1.1600215367926299 -0.071028487652002606 0.92699924232519226 1.584575745231787 0.28906128692508126 0.081812989426092692 -0.11565711231792575 1.8532781669314486 0.72234944963101233 1.2 0.76626192844536434 4.1277078646026943 -0.00074711059428126325
178 289 0.00052083333333333333 0.00092592592592592596 0.30182568268590593 1.6038760234102831 -1.4322750285575894 0.58408294015968476 -0.021644250385334393 0.97763610706715776 1.8385623514255438 -0.13089103825916437 0.050490816864304205 1.6974121995338405 -0.92491927055230283 -1.2933869750585707 -0.010151813399907408 0.52313518862182296 -0.45636578973462782 -0.058022557741455927 1.2 0.14807776294756608 1.0366258849132621 -0.795328367398625
1224 337 0.00078125000000000004 0.0013888888888888889 0.85066954818601126 0.26386017182870658 -1.5408994527421398 -1.8028322186977759 0.04848851687272876 0.18017969231657238 1.1774650944932419 -1.0491805099859097 0.046194378194914176 -0.092246113893529547 -1.6934289449965751 1.7249641707511367 -0.015479032016002758 -1.236964963970157 1.7946567863168013 -0.12616577211158031 1.2 -0.86158293051449075 -0.79381853376899358 -0.30053236992109728
1920 326 0.00039062500000000002 0.00069444444444444447 0.84003616069413423 1.3060495359569342 -0.82440035854761362 1.8612834179256286 0.062130993834903864 -1.2531806433142259 -0.56516602982194408 -1.1537381112021476 -0.0099887470857723537 -0.73141102473326569 -1.1821330042285831 1.2548171719408905 0.001369382540482536 -1.1412821398690478 -0.30631407610597838 -1.65630911365407 1.2 -1.4567041561031318 -1.6471968028023913 -0.2456823791724807
1136 991 0.00052083333333333333 0.00092592592592592596 0.36712121125064878 0.04833024745098502 0.75835309345718649 1.6304075498550716 0.055962479215000832 0.59120300812486715 1.1533441810791309 -0.37728540906150965 -0.025837182856356153 0.14131073895566448 -1.8364013025323112 0.21230225851395224 0.095715907030124087 -0.38131431963949058 1.0950422398305446 -1.1392265989467867 1.2 -0.64312697724383017 -0.31888495996649424 -0.35206414205737036
1156 972 0.00039062500000000002 0.00069444444444444447 0.39176485048503329 -0.67266841656901599 -1.0319364999029697 0.65734543723268057 0.0050505390446751869 0.8329816794272058 0.58205951791907218 0.29332713115550613 -0.04148562584814517 -1.3884814928008584 -0.013843971744565309 0.29230373254185027 -0.089364216511712696 1.4580574585581338 -1.6146876083029129 0.25484222880534846 1.2 0.58256914948568439 -1.4627606655692311 0.17222721803364882
492 1039 0.00052083333333333333 0.00092592592592592596 0.27211945485448391 -0.52751300626653963 1.1103388694578022 -1.3010732275161447 -0.087087390755635971 1.2804783085285827 0.016719314641775007 1.0078686690723324 0.019574136398976177 -1.8763726183042579 0.18611300370228445 1.0068069407381559 -0.068279412501545636 -1.3287427796393909 -0.06146547948706349 0.42431700169375519 1.2 -2.2948004551626009 -0.47025521855023894 0.33142407085093251
1110 128 0.00078125000000000004 0.0013888888888888889 0.22855318513109976 1.4289998928456447 0.45376180794749965 0.4251913107428904 -0.038596421301199738 1.1424503991223025 -1.1424504089310861 -1.2841468281384456 -0.054087726408777154 -1.2353672664126258 0.87028791940585259 -0.37436883540271992 0.0037207251864413704 -0.38131679668130225 -1.4210316413057495 -0.87352170902388959 1.2 0.98579477096736945 -1.426743047754669 -1.2940912611001243
2113 71 0.00039062500000000002 0.00069444444444444447 0.64435597971779968 -0.0036229034541586103 1.9743473377683736 -1.1935902673070244 -0.026311179761664596 1.2263039309285695 1.1502986518542819 -0.44127858089216643 0.061206206918396538 -1.6775494175744154 0.82083214494111534 -1.4655219180859342 0.092999934027469866 -1.8375354712715275 -1.5320582139459278 0.5954064064368958 1.2 -1.3993993384821124 1.0158999747794226 -1.1738789141428483
2292 935 0.00039062500000000002 0.00069444444444444447 0.2745127004336832 -1.4023655463011671 0.98403629415391114 -1.33687027029187 0.040399528292952847 -0.18620423083594684 -0.03569169227358282 -0.53925638389211761 -0.09111914973017228 0.94567426909492935 -1.3636638371192253 -0.88343989479745177 -0.03731240954702271 -0.10018064553038419 -1.0000578829196982 -0.14909838760093663 1.2 -0.71589422407257508 -0.46864411124827393 -1.0309933752777805
808 362 0.00078125000000000004 0.0013888888888888889 0.67275833627035797 0.13189275030235148 -1.2382064542765856 0.30046984874995575 -0.095497305471075766 -1.4256192402416046 1.7266365975740041 1.7488870445384208 0.0085112082943102213 -0.93794257556902627 -0.52251924202654854 -0.56430408627687845 0.059670118455382559 -1.7032661037533923 -0.46700928128078312 1.4302641562743692 1.2 -1.8845756579925967 -0.95191845305756584 0.91986866660094724
165 773 0.00052083333333333333 0.00092592592592592596 0.4217346440580077 -0.27203303436353421 0.72055387788407721 -1.723249148992744 -0.012303174422270025 0.73587923190153859 1.5106011386400575 -1.306375041012616 -0.052887070891397416 -1.3460631364649402 -0.58029948793099262 -1.5678232905050931 -0.097743593582984858 -1.1121135192678779 0.91831693804504333 -0.53134644342151471 1.2 -1.4875110824714783 -0.48324377456185924 0.66998079382690445
1763 418 0.00052083333333333333 0.00092592592592592596 0.33971409419002546 0.52584947073645205 -0.46407319274499503 -1.5368029530702798 0.063050289841607571 1.6082762297534869 -1.2279232154903044 -1.2080094674968227 -0.022704580278709058 -1.7050592698311733 0.16562496366524382 -1.0621292206747484 -0.020731925130818868 0.30280753773440017 -0.24298783235987065 -0.63337518859534159 1.2 0.42362845974317459 -0.68628975428056616 -2.0572528081530108
741 123 0.00078125000000000004 0.0013888888888888889 0.93568062451783074 -1.6646798354152912 -1.4227785197676996 0.082171305400070338 0.054470327616386344 1.1456758638964293 -1.1935540193057772 0.88449380898429331 -0.012634257206436489 1.2624868734952934 1.3412313323574931 -0.70585846027523003 -0.097689937163065579 -1.0321727002404431 0.11329456429439988 1.1996958918302223 1.2 0.57510229998219298 0.32329867864912698 1.0220039531930694
2357 927 0.00039062500000000002 0.00069444444444444447 0.21869237408429859 -0.10467774841822974 0.045880358602862437 1.6905702599542898 0.03650569425077152 0.63325749142045673 -1.0249521395419614 -1.2211208193790921 -0.095227198345949934 1.1606779915088969 -0.90889499258936857 0.33951359371838485 0.09023160945397693 -0.2493756452639091 1.1012050112292622 0.30772178674984119 1.2 -0.20828029817610277 0.96755380338214025 1.68792198704685
539 673 0.00078125000000000004 0.0013888888888888889 0.53749084346061904 1.9998047073747367 0.92085995383729591 -0.60191973253233622 -0.034925489562337431 -1.773340014363431 -0.43998684089330764 1.7722207051298118 -0.093707585768040377 -0.52619359922539921 0.48780193378369674 -1.3300971860775834 0.051206090409028543 1.9762909220639338 1.9776047332232363 1.0817058818251422 1.2 2.224018127164864 1.885231019829672 -0.82305558483106966
1811 516 0.00039062500000000002 0.00069444444444444447 0.23082380681320633 -1.5985221047436031 1.9963850599246658 0.56661998481480813 -0.024665197028745409 0.86521086829019334 0.88208438387244481 0.67417777001492096 0.045565535529272783 1.2569728615414402 0.17924558792245682 1.9198711308267029 -0.086754150839900235 0.25652269170105635 -1.824939316420549 -0.078516435189173173 1.2 0.10776390077485028 -0.59638005980456832 0.66840569152164142
1834 521 0.00039062500000000002 0.00069444444444444447 0.26202283252307745 1.7067471136736141 1.6749129770806954 -1.2298483200542041 -0.091256416227792514 1.3604104766465519 -0.053716645575275557 -1.5757610395010908 0.05579823610252771 -1.1261826473984353 -1.5001961587673001 0.99131187841463797 0.04761352257325796 1.4731155580691135 0.63547845180487528 -0.52258700838362104 1.2 1.9291463487403244 0.80210357729453141 -1.0351055302435783
2074 616 0.00039062500000000002 0.00069444444444444447 0.97731077774250863 -0.13483497411231449 0.93359066695720561 -0.01484141450538079 0.0078946537098136815 0.94955817793034214 1.6486077075032441 1.4605195984731174 -0.091188599315035895 -0.98987103612260618 1.3525387427901427 1.4057955093505115 0.096300428084436701 -0.085024653246960291 -1.9403182995992325 1.3637544204227159 1.2 -0.77737312055461605 0.15397874338372003 2.2850722242229686
1025 263 0.00078125000000000004 0.0013888888888888889 0.76547354890547403 0.89557088925200068 -0.97910312057331517 -1.8687747550190279 -0.027196473914410851 1.2443288267214228 -1.0243346059377569 -0.067489017096522996 0.078362421812299771 -1.8790261887274711 1.3978632163444744 1.7807323031360154 0.01395979986323545 -1.8722779316969782 -1.2236353227620209 0.77044585874759042 1.2 -2.0057701885201653 -0.83759984892022243 0.81445389869312135
659 46 0.00078125000000000004 0.0013888888888888889 0.63910336340637874 0.18350818111142209 0.72813989389484624 -1.5675724203079602 0.082882141734439418 1.6730479382237911 -0.56319559307016442 1.1423535571041032 0.084243857504712721 -1.7653406666653595 -1.0262357126503816 0.43908465485659143 0.054462706635395403 1.8041835044665331 -0.8640001353405431 0.58474961828187233 1.2 1.6315661293113037 -1.516855450271777 1.3827837280790549
259 382 0.00039062500000000002 0.00069444444444444447 0.37119448937002347 -0.68817586656093566 -0.85126909155435637 -0.16386009359799925 -0.090618172529324206 1.4441289931140648 1.1672741582275408 -0.13013574604879752 0.095678273463632751 1.6868505388322665 -0.58185400802260911 0.96404531903421198 -0.020265743857275281 1.6742622647789576 -1.5960735001069821 0.65085782939861048 1.2 2.6924846550934713 -0.44763214497999931 0.82343228585338479
2168 216 0.00039062500000000002 0.00069444444444444447 0.92092911811308054 0.91156458268566087 0.51460217081156978 1.7046821125377916 0.057890565117065251 1.7894265393671254 0.97590893433957149 -1.980151380862273 0.012216380620296549 0.62605310508277245 1.9463338860186639 1.0026295851397768 0.092416064947648702 0.91880675757593666 1.6164694630928444 -0.19192828528233985 1.2 2.5336455713013502 3.3351704564871469 0.39733581264192824
859 162 0.00078125000000000004 0.0013888888888888889 0.82179227199601634 -0.083426870234369677 -0.1796360766264562 0.11643498651665318 0.073190462218279295 1.529295560814103 1.0109195096002899 0.53078040496226198 0.00058339224907574816 -1.4567175726844757 -1.8648744664666537 -1.9289213209494234 0.040865947806527136 -0.94338673047191568 -0.95461037753677846 0.8831193519713878 1.2 -1.0564928703966876 -1.5839150974228331 -0.29461961671386039
568 82 0.00052083333333333333 0.00092592592592592596 0.31821338501098428 -1.9871618366141028 1.6822595213942151 -1.8096167996532468 0.08545119627417061 -0.30376036241698845 1.0433821125189318 -1.2359619264097645 0.01778908512593888 -0.3432637288516367 1.3154538780828746 1.9389867294738909 0.098169305790770739 -0.53338882505537821 1.2817161976852827 0.72243441943387987 1.2 -0.073946214384037479 1.5669011772489572 0.85045661059368338
410 614 0.00078125000000000004 0.0013888888888888889 0.95316585289132294 -1.3930934060099665 1.7715718374818348 -1.0481626683293244 0.0094987635355713029 1.6678053415153098 -1.9709094818786719 0.53547287152019329 0.030713933920492681 -0.032731216195758694 0.44202794309660609 -0.57843720238269913 0.086724817163135487 -0.42388866168871386 -1.8623366915703996 -0.7326866332705686 1.2 -0.90221747203314973 -0.54309184302938585 -1.0231994449677655
581 1063 0.00039062500000000002 0.00069444444444444447 0.037713098634709473 -1.1720096069464159 0.72412385079257424 -1.8580111893541758 0.088931274011564643 -0.46705432426324078 0.0084732522628918616 -0.23890816590467878 -0.061689206091016163 1.9213449195237304 -0.40100044025039461 -1.8921625570986236 -0.031298599299925831 1.8929029264801365 0.079735886724975558 -1.104307560243321 1.2 2.3969711926241306 -0.28361479866706912 -0.040488623296258054
328 80 0.00078125000000000004 0.0013888888888888889 0.50285303227271672 0.69405023508968666 -0.67076003223415981 -1.9985844371219317 0.015237750837079483 -0.96019169867678533 -0.11890307311948067 1.6559302079297065 -0.088416394199584233 -1.0847595167663862 0.94823894321988611 1.054885222827751 0.076097595952471231 0.78998270594183717 0.24535748913983735 -1.8256094955957902 1.2 -0.72171615839660119 0.82286660301674208 0.82880213114437118
1814 672 0.00052083333333333333 0.00092592592592592596 0.45144603781756254 1.8021199285862504 -0.93880516952795467 1.8139746806121453 0.052118506785400892 -0.96720495725528099 -0.92172210405304345 -1.4797108309523326 -0.0055753664704219219 -1.3397973858753636 0.18525098233405579 -0.01357760235707195 0.0097384393728547625 1.1400117072229259 -1.3159401502779353 0.4366039751255979 1.2 1.8979781209399538 -1.4708881662957385 1.923226310539579
1073 1360 0.00039062500000000002 0.00069444444444444447 0.65845308918316159 -0.52981650778782274 -0.12351976531985143 -0.26672348653354394 0.023135604185864217 0.36319240308880296 -1.0972340653265937 0.29696223084498063 -0.078330047422216012 -1.6658364150290472 -1.0749534956282325 -0.84900128321058377 0.014318966976730935 0.81275549569610206 -1.7358239991334918 -0.76454222927688642 1.2 -0.40908313585763501 -1.1350542184217964 -1.2111809595859087
1310 383 0.00039062500000000002 0.00069444444444444447 0.78728267849803102 0.60031671947893583 1.9753435107170985 -0.014100499913331621 -0.095704919165181521 0.59455500072323497 0.55213959795041312 1.5182720620319046 0.05859167381518357 0.39154818605398756 0.071020862716042465 -0.10203161143568451 -0.03794618959853864 -1.8539464013160742 0.42590325869762946 1.8732056051230148 1.2 -1.0487625251832902 0.65839626538414431 2.0934264504639559
665 477 0.00052083333333333333 0.00092592592592592596 0.80481859594028082 0.32413160275009512 -0.29473621247409998 1.12613356831003 -0.028788342354210281 -1.8749844809883243 -0.40392549357195806 -1.3999832167335322 -0.06900904898624656 -1.7652547436746562 0.24823974711762631 1.0073569344018893 0.042504645433851601 1.5604711347993021 1.1101154144474794 0.74365663015888206 1.2 -0.14305860031029433 1.0959606123853851 0.84765299163674934
1949 1427 0.00039062500000000002 0.00069444444444444447 0.37932247146709852 0.25265715437369707 1.3183907525686718 -1.0018190737707573 0.052017169017559955 -1.7677495665702412 -1.3762126883202459 -0.28956122872086887 -0.050355543594671294 -0.56979577511330204 -0.66478511478650981 1.887978083535232 -0.072173041264736074 0.61360695324828018 -1.0878738369057692 -1.4093828751080357 1.2 1.8143440871765515 0.56179606831718487 -0.74656664325347544
220 455 0.00052083333333333333 0.00092592592592592596 0.90318157951636147 1.838853286600354 -0.67975081428727879 1.6193901156341792 -0.020372248315943559 0.037057432288416958 -0.79963482180975243 -1.6255507556897246 0.098687367490230576 0.65693949896154846 0.84022572490864667 1.2898043752868649 0.0014680496751685312 -0.086224429932901359 -0.67232021601174985 -0.61761608728965678 1.2 -0.73315193204448081 0.39356087519314625 -0.77446106882941357
767 786 0.00052083333333333333 0.00092592592592592596 0.19688848267392109 1.510828695962779 1.7372014760401751 0.15027207484870386 -0.065302127642656305 1.2416636211668299 1.9813702000586684 -0.60406910673963665 -0.015328733028640323 1.6697349737221159 1.9341158337399169 -0.76939672683205362 -0.050704623133779658 -1.9617417273599531 -1.1351093805518175 -0.6334071727783237 1.2 -2.0681939586506246 -1.6586182440127319 -0.44564501407340507
400 357 0.00078125000000000004 0.0013888888888888889 0.87780979320040331 -1.8643994204828096 -1.1789652228963861 0.46915690226193751 -0.025164298688826303 -0.31787672572714465 0.87119391847825867 -1.2539074943055688 -0.059982561773676446 0.025946898405772245 -0.31498348131301945 1.3824706522990593 0.0060660425238764637 -0.36559013159839227 -1.6485106878302522 0.19285479094257907 1.2 0.29042635543989442 -1.2169436786468226 1.0064240034546394
797 529 0.00078125000000000004 0.0013888888888888889 0.68034821972131454 0.71965263574296312 0.98796288641363317 -0.76839850813596611 0.021823848314551725 1.6378202955851964 -0.99665844549661164 0.73476646122903899 -0.020423949087641197 1.8185218612256615 0.92156178135126421 -0.89249188215208752 -0.012766364775900138 0.69978780598178947 1.7571182338215618 1.0451616800149437 1.2 1.1133018054839803 2.5669311350367834 -0.080489166660129452
76 135 0.00039062500000000002 0.00069444444444444447 0.1394143496735811 -1.8311539509695551 0.37155353412560155 -0.026732211377953341 -0.017529191167399788 1.9894276791127767 1.1390262291453257 -1.0440467774767006 0.010472210987390776 -0.86480886209376751 -0.11541991505786475 0.20903435423090855 -0.021839806570581891 -1.7774223967432481 -0.28435394512220924 1.5605616813994452 1.2 1.1774353339493875 0.22495023579805803 0.62791691260856064
341 102 0.00078125000000000004 0.0013888888888888889 0.97821623276717118 0.81142813066912467 1.6634275485456076 1.801130339552806 0.095881200147065831 1.7726624098874386 -1.7442912435227456 0.99893491395128109 -0.055412011089278429 -0.26229534512307673 0.27913119842281731 -1.777773783368465 -0.096852701053360399 1.9307529269763366 1.0431040857957354 -1.0167669520322269 1.2 2.5111723486035431 -0.69284871331398523 -2.8223620782622461
100 499 0.00039062500000000002 0.00069444444444444447 0.65706929288423599 1.4348942325588951 -1.6369381410519437 1.6000336527891519 0.020600146570900368 -0.71647820193544742 1.7617241727280075 -0.3213146153154498 -0.047018428898532895 1.6583793236882238 -0.017568025824510336 1.4052013952145073 0.015213523583346419 -1.2366904700981016 -1.1267833752979297 -1.8269820277959825 1.2 -1.4351980103903734 0.77307764708627769 -2.1047475752754066
282 377 0.00078125000000000004 0.0013888888888888889 0.7296492940749022 0.34634254289365485 0.93687340991376367 0.24349369330710724 -0.073586331815048173 0.24788042450586945 -1.1623357485180934 -0.58300268556153068 0.078752126539449824 0.44369100868208866 1.4713554693006006 -0.10098652385241902 0.077042277687099536 -0.53020425833834883 -0.0018385917618162217 -0.81458181114707573 1.2 -0.31850249851262769 0.46765376159347716 -0.76996330406618685
286 370 0.00078125000000000004 0.0013888888888888889 0.66467944071609908 0.031554601383446013 0.1587951696465475 -0.64663840756863822 0.095813706030793283 1.4172431163352175 1.4962931443708141 1.674172968058131 0.06406977526417168 -0.38544473339167817 1.2958034538119123 0.3082735560339751 0.029154696596540075 -0.72973752646411461 0.99833366602974483 -0.3955878923546865 1.2 -0.89705561823031832 1.4840240392112034 0.10102445532086871
540 485 0.00078125000000000004 0.0013888888888888889 0.65617421474130744 -0.89241272722147169 -0.46775826342368987 -1.171090315498704 0.038629295315691314 -1.0087921810908629 0.022529612815412214 1.3643506245148074 -0.037906110211280056 -0.55283024446469087 -0.90805481041051328 -1.5631881410622128 0.050536510310095623 -1.5133209645688743 1.8614850187430232 0.62353309138516533 1.2 -1.1171311068361272 1.072672683997399 -0.56092192231296101
911 850 0.00052083333333333333 0.00092592592592592596 0.18163930323310709 1.1432330611518022 0.63359187395087524 -0.54396660104394767 -0.091224370719985126 1.7202874529944632 0.67859303070327304 1.9759804031422048 0.056573684379092576 0.13580062318031061 0.31630102515067504 -0.73368267897530659 0.028851785499832278 1.5161155214503661 -0.40806241357619255 -0.84640389589775022 1.2 0.41947821947145864 -0.65641511110260509 -1.7738401735053244
1530 1069 0.00052083333333333333 0.00092592592592592596 0.56400109324274328 0.24608723226992346 0.56527399327552397 1.930027366011315 -0.024651032655577915 -0.45852471831103347 1.0311849531734341 0.78224447849857848 0.041740019725040323 -1.5856060249236763 -1.4238880197073569 1.1921532311871958 0.024552040957577861 0.81084538835469866 -0.55219069932444942 -0.69408026122970545 1.2 0.44239552707760427 -1.7530231491551331 0.30927192824694183
1591 355 0.00052083333333333333 0.00092592592592592596 0.4496745268812391 -0.5899004133933361 -0.86080704337444125 0.32010158915175424 0.0041160608257693465 1.9213434278409469 0.049089194560060889 -1.2944904877524057 0.049754823672606252 -1.3702591406518616 0.38996867326444073 1.0632204617269805 -0.049273408364657351 1.1566098186346152 1.4630952650280045 -0.70544368833549376 1.2 0.67542417070631533 0.90933706518818469 -0.38333087602012678
273 190 0.00078125000000000004 0.0013888888888888889 0.59958940381776471 -0.94445392284863061 -1.8606793149659819 -1.0690522483809346 0.077241141973582089 -0.29250966585604443 1.5712514938812689 0.90464616666817532 -0.054639987687034819 0.39993168686668978 -1.791393055229817 0.79651607791171886 -0.039021968474539051 1.4358499615871838 -0.70830127031592527 1.4764664523891948 1.2 1.8784442954476381 0.02071637788205739 2.7038382436461119
2552 347 0.00039062500000000002 0.00069444444444444447 0.13652819596014173 -0.35145427653432959 1.8158232721083456 0.65510120746754374 -0.07631040141929997 0.09870871532882397 1.092509162145582 0.055955256642147067 -0.098296442652815286 -1.3216656474031119 -1.971826878988959 -0.0056971728955073075 -0.030255152005390265 1.4190503930889844 -1.3586545284195619 -1.0808883517190271 1.2 0.87946285092436549 0.69451437550640582 -0.37548884052575759
322 540 0.00052083333333333333 0.00092592592592592596 0.20020099779814152 1.7291181978918493 1.7631420577116601 0.42972910977585155 0.046520147254256461 -1.6228703289556434 -1.8880720940657181 0.57546668292344139 0.06037313330938443 -1.817923686449848 -1.7755463360874315 1.7613207992369975 -0.044587593060297026 1.9962082684994891 1.2389713171722421 -0.99886169841139028 1.2 0.41850498661351221 -0.24616576382921976 -0.80348503467039045
526 50 0.00078125000000000004 0.0013888888888888889 0.61892061631189776 1.1333403551246226 -1.7027062339706029 -0.17561105467340266 -0.034222200933240535 -1.9098339001248004 1.8874743713916646 -1.7883173480012617 -0.033140056313821067 -1.6181643132023398 -1.2030887103195846 -0.55320799749142502 -0.016484323329157682 1.7581434721247389 -1.0174864993528376 -0.77544681583019193 1.2 -0.93053981571801636 0.13925689145680892 -2.2479070358755391
595 553 0.00078125000000000004 0.0013888888888888889 0.14113737904184473 -0.66282490570275554 -0.024223437995142039 0.94534002285522423 -0.016940529409378624 1.3927550448058179 0.036080276433710257 -1.7909135616574012 -0.060143678808608249 0.044625832622300354 -1.664073198800617 -1.0501524720889703 0.05456214965950576 -0.28960434226311005 -0.94515910564027728 -1.181179442621906 1.2 -0.79424757454970751 -0.96497359153012185 -0.34845938965720324
668 813 0.00039062500000000002 0.00069444444444444447 0.93599277092046096 -0.33232721688208944 0.35119928691498847 0.82329828347085288 0.064694885620347531 0.98656946186678418 0.27971172054055016 -1.0864901754178704 -0.0032723792765591841 0.95650903048333369 -0.12032539154684407 -1.2648504252862804 0.0013608115319399816 1.0021081891002916 0.41965757947255744 1.3476146094415626 1.2 1.6467838522257681 0.087915072096149779 -0.075590999569638703
327 628 0.00052083333333333333 0.00092592592592592596 0.58772592871726459 -1.6325500785840599 -1.8066801837860735 -1.4165456962209975 0.00231586428478818 0.18849455108160873 -1.0089546740723896 -0.62183543057680346 0.010815804288668213 -0.46739986767792852 -0.3006122524247461 -0.58086980109982989 -0.031341561180974642 -0.75946232449771101 -1.8663464532012983 -0.98498130008003937 1.2 0.0089578887620201855 -0.58333168393212431 -0.24710956567871167
1767 371 0.00052083333333333333 0.00092592592592592596 0.13615868266370706 -1.2289006906187487 1.1519725857043133 1.1845240159010335 0.067183734087389979 1.0989627533447277 1.7398120017638079 -1.7186640507318902 0.081973522298862345 -0.63709723533840945 -1.2580485348010426 1.0831900086773483 -0.030243093668795004 -0.43606572240256281 1.9761775704736313 -0.31279180867794354 1.2 -0.94961347772651938 2.5953193470521754 0.23065017433312585
62 1069 0.00052083333333333333 0.00092592592592592596 0.33681926038222576 -0.5054809645427123 1.4875134769869045 0.018369542709924858 -0.053538190271288547 -1.3027448569657474 -1.7038763629060463 -1.876164666384883 0.0096875440070800928 -0.87709139391203195 1.837614657081136 0.89971152705318991 -0.019265705248583884 -1.9151292758339169 0.04154002918754518 1.8946996496514963 1.2 -0.37320969441785612 0.76216389062420797 3.2577310501920875
902 859 0.00052083333333333333 0.00092592592592592596 0.23083861968679745 -1.8531768165039595 -1.9745433521942721 0.5506344945964301 0.07698745467282217 0.78414636607880395 1.60923481101312 -0.4145605933466614 0.078330784181476626 -0.34274471105240956 0.86215860812531986 1.2015021580173104 0.0099542217306933523 1.7168864683967424 -1.6650633444747851 1.5892904257798528 1.2 1.1159267260594201 -1.997590430600928 1.805672446241138
222 201 0.00052083333333333333 0.00092592592592592596 0.37848815508819872 0.81986072054910197 -0.87160675557955436 -0.29000030814244715 -0.014326939011189727 1.140907922761683 1.0304730720641277 -0.66389861380505533 -0.059851758931996707 -0.043479982789352167 -1.4510572187643942 0.56426994513053996 0.0046950994307378008 -0.64704068544158089 -0.84805365461475768 0.025601795953674511 1.2 -0.49193833448583579 -0.069528083922413164 0.038963039998094223
988 682 0.00078125000000000004 0.0013888888888888889 0.069806234061390443 -1.0265953480992174 1.2500408638805571 0.81616177933926526 0.06845562542813155 1.4309147738637993 -0.22994197700191998 1.8846371765482934 0.0017162819509504434 -0.47144332497769259 -1.6310966370673032 -1.8946311116565417 0.034303795319121977 1.6282318376605462 -0.93558862863727077 -0.74512344065791858 1.2 -0.1983245556352527 -0.13146672870819584 -1.713285345859211
129 339 0.00078125000000000004 0.0013888888888888889 0.88603269696622167 -1.5195884036188105 -1.4102941192748766 1.7948663756074144 0.026608388644876468 -0.91076693176889734 -1.3557027558961474 1.7883259540960452 -0.070213197250457188 -0.4437453065544692 -1.8078541943360498 0.64139500264170346 0.086251035997548797 0.62030583039014653 0.54721266415009673 -1.2935405455234021 1.2 1.1088399611462112 -0.0054947990296562608 -1.6425007923510457
870 229 0.00078125000000000004 0.0013888888888888889 0.24001567326209183 -1.7275056645217233 -0.742298514554526 -0.91913659896353206 -0.035734136973883349 -1.8905003575761476 1.2048652775878508 1.5270499166852689 0.047730830896684701 -0.19545235699700125 -0.62545754451844937 -0.81828396885129528 0.07627338876894238 -1.3512918872993516 -0.60663585426530675 1.4507573690022979 1.2 -2.2128034327139816 -0.48034378570731739 1.2078446487027097
225 833 0.00052083333333333333 0.00092592592592592596 0.45604134026612347 -1.1106291182797046 -1.3017053478556213 -1.5926074631361802 0.006482153559439971 -1.8735943362466485 0.95823659728407717 0.94087866636373141 0.077338347362984006 -0.56900342428389994 -0.2088087363712372 1.2915291712174586 0.048456087293903161 0.051014645427689853 -0.0099059022543173114 -1.9782367710347359 1.2 1.4123058592656799 0.31485693793150626 -0.5804768455996856
710 540 0.00052083333333333333 0.00092592592592592596 0.78707994076334731 0.85595302252579364 1.8454607053616749 0.12177268170616706 -0.0087945188938943764 0.087397248641547964 0.85249403655936584 1.0082733516726603 0.01128037087917548 -1.8969416866964508 1.631497726505089 -0.93067675210782763 0.08306080439671179 1.0880344222172025 -1.2927172765626618 -1.5784468126180142 1.2 -0.49504952125968016 -0.38576481214454017 -1.8487313591673411
938 89 0.00078125000000000004 0.0013888888888888889 0.63960009354208658 -0.28828441959309048 -0.79045150575808965 -0.66268903056815054 -0.076027469134029316 -1.7441260691572231 1.2932634425411345 -1.7329246713007578 -0.047058286142821794 1.452198651610773 1.4372268989151777 0.62530188319972435 0.0095436037284362396 1.7057274440244607 -0.90561064766853772 1.9605738679364144 1.2 1.0478240157157754 0.54322209025019641 0.66004055750907675
1339 501 0.00052083333333333333 0.00092592592592592596 0.37323124704128313 0.74362061409320646 1.8538913577010194 -0.041343945868818288 0.086492777317993708 -0.7000693511926892 -0.31289135594116591 -0.13696265200184632 0.025712415478004291 -1.9450897988029339 1.0697044554288819 -0.40940881563232923 -0.036044926428822274 -0.13997516117313902 0.94630745061052224 -0.72509251930815477 1.2 -0.50867629109611245 1.6817932814040111 -0.73942929402545932
1015 531 0.00078125000000000004 0.0013888888888888889 0.38817223067632772 -1.8725860293839296 -0.55089470349502712 0.53724078981905876 0.070960619871568653 0.21950723445021092 -1.7009573523078765 -0.75591976097874714 0.0848246206910446 0.84079567573494352 -0.57082797256571105 0.61138164111293758 -0.013453572390495341 -0.67017938601178173 -0.22281652489851611 -1.8295180516029679 1.2 -1.2935244629047467 0.035702979432495334 -0.76661708545295804
109 31 0.00052083333333333333 0.00092592592592592596 0.0027730006107000698 1.4065163675067658 -1.7141715996054647 -1.49545302493576 0.07783715987864423 1.0496204879204774 1.554706158111375 0.54248754407200472 0.024017637960576724 -0.94443110543696651 0.23818981742787848 0.94125688558913101 0.017986711593192026 0.15514012025248425 1.2470403694194396 0.73543127140773956 1.2 -0.091159799496607852 3.6667563223962674 2.2308613272443556
811 796 0.00052083333333333333 0.00092592592592592596 0.44480643911731921 -0.10519073679741542 1.6503400937907635 1.7867338300080786 -0.044208860554957985 1.3903491178897078 0.10557412377021569 1.6781233263010531 -0.082097332842260534 0.42553807948441014 1.5849728738585895 1.5329406887334378 0.023777446341475092 1.6830616890183561 0.010799452740702709 -1.6970028255705141 1.2 0.97754594549952334 0.32662150443994015 -1.6623816986001232
459 1287 0.00039062500000000002 0.00069444444444444447 0.097932179028978841 -0.50944698674746025 1.6135115837638438 -0.24365432842032808 0.038487327411429739 1.9864486351627582 1.4578376571304035 0.9334977959473969 -0.054662799170647758 -1.1064508524320282 -0.078555316910269735 -1.2356296808783167 0.015987711736290586 -1.6426584222688416 -0.14842954581790835 -1.8793122529105477 1.2 -2.4509915967311309 -1.9176289718344819 -2.1147170033998228
2153 75 0.00039062500000000002 0.00069444444444444447 0.94426495137770006 0.98708036860623061 1.6790106643172202 -1.4810199656757201 -0.057958694722898878 1.4100424257707704 1.1404970282696305 -0.029458239537157649 -0.0038661540935982508 1.430507326403287 -1.609461282191496 -1.9620772095681316 -0.083934631994079537 1.5689281969403375 0.3385450269014445 -0.16487098665067279 1.2 4.5052964835666218 0.91440675399909299 -2.834327809571886
1900 242 0.00039062500000000002 0.00069444444444444447 0.086526613630151503 -0.19601819250035613 -1.0994383972528281 1.064460772120102 0.083454656251602005 1.8101571912872738 -1.9201366439807583 -1.8272500777727179 -0.083270396526377743 -1.5134020544972286 1.8891007410628324 1.9338081302189356 0.060169987717017565 -0.0132011715227347 -0.028775995899134266 0.67830167850266632 1.2 0.80752861959111411 -1.4042837159157335 0.12585238811803456
336 619 0.00078125000000000004 0.0013888888888888889 0.10177775090315676 0.22664135900518945 1.0135331491539441 -0.0076068955494950075 -0.037761815899654244 -0.61771710006236846 -0.49592223874425256 1.7300613202187525 -0.05459542596357745 -1.0728016276235341 -1.0446113436521678 -0.21417200789793256 -0.090172105191883151 -0.50467212396281091 0.31282367432996816 1.6195395974923854 1.2 -0.22119180712893033 0.066779427684317799 0.28384556024842528
416 711 0.00078125000000000004 0.0013888888888888889 0.98770634519993317 1.5335352707430792 1.3535797146823909 -0.60067026350371622 -0.081672280590072657 1.5864023789806274 1.6645538858528428 -1.8442722698843301 -0.092337714628817819 -1.6802579701346603 -1.3675816322855945 0.17063173948421317 0.029493647740076651 -0.33960467798357996 -1.5703386853624521 1.9683087036976885 1.2 -3.0298713030131532 -3.7238592999932298 3.0770915787698678
111 700 0.00078125000000000004 0.0013888888888888889 0.86971165020942509 -1.4634976041711218 -0.81911666693646534 -1.6971684520421437 0.072641917164282477 0.092667042315729198 -1.56706597915431 -1.2968578921833078 -0.069622044604782371 -0.42838318655308782 -0.21742019713424821 -0.38608323907143038 0.027672380687891518 0.25125656451974132 1.6669298834026987 -0.19377388664725315 1.2 0.81270218084061141 2.9566129507126266 1.7062302375641232
316 607 0.00078125000000000004 0.0013888888888888889 0.41319734732151109 -0.095725623134531812 -1.8475778685352586 -1.2593200113954457 -0.070608088657989176 -0.95430918147391486 -1.9490731703731083 -0.48036209318464218 0.037167245994556508 -0.96038268223066492 -1.9793654201777944 -0.40671616873345817 -0.090122315175734685 -1.4833900511321194 -0.68603462486578293 1.8432066792582815 1.2 -1.0024250633821332 0.65647362005410803 2.2524936838271348
1473 364 0.00052083333333333333 0.00092592592592592596 0.9175644546173285 -0.15897583440192653 -0.65254652149980963 -0.5148037090207116 -0.074756118468240401 -0.26841724731471128 -1.2943088819740205 -0.9824975535212559 -0.083024290717503335 1.1003369075846181 0.067445954485244819 0.3190436096179492 0.047554896064249147 1.3232670710771517 -1.4668305751415036 0.52356295239658612 1.2 1.8362285733054797 -1.8481379760257999 0.18835263606877159
145 517 0.00078125000000000004 0.0013888888888888889 0.8735871579056862 -1.3158720553452015 -1.9294047013102751 -1.6244626717312287 -0.07041306812684639 0.60428320112798328 -1.7161103362492285 0.88421122993965806 0.077395151042369797 0.24081975545491519 1.4905216757581172 1.3401724882873993 0.041676779720069557 0.3907284211348534 1.3501209802115173 -0.038524624013997588 1.2 1.0767692305218985 3.8933726062014458 1.5915803099837826
1132 672 0.00052083333333333333 0.00092592592592592596 0.61126293759102002 0.49145985371320267 0.51640872883651312 1.064535020862897 0.0023701161567919182 -1.2599446486280943 -1.0041723945737413 -1.1282650369059222 -0.026821443033025902 -0.73155490383896726 1.6575906739651769 -1.0392947893436872 -0.031277089977312558 1.9105318350924381 -0.66345170914251961 1.454974218883557 1.2 1.5664952120435669 0.57998571176030111 1.084123833337256
234 1061 0.00039062500000000002 0.00069444444444444447 0.4689329428288343 -1.6190383272819036 0.053136306199422112 -0.17911326224378143 0.086702903181216956 1.926973314215942 0.84169935177652544 1.1549749801185141 -0.025782507351341979 0.77238499427052165 -0.80222180959268119 -1.030317494820332 -0.049784839488125267 1.4922454345494236 0.068044202974104184 1.6831067275539224 1.2 2.0239384706090511 -0.67148931262031009 0.71413152401731572
937 115 0.00078125000000000004 0.0013888888888888889 0.18841953344811566 1.7721796330500776 0.01897300353335174 0.73888932305259791 -0.052554263634101456 1.3694821790541916 -0.10170941914732534 0.93483995258710673 0.094410955121590673 0.53389546403274757 0.52710841298397071 -1.3790617141715669 -0.04689706970572867 1.0471676304196507 1.7276925119480198 1.5817138451729806 1.2 2.3574323585154415 1.4353859475510711 1.8688245421724852
555 663 0.00078125000000000004 0.0013888888888888889 0.59040595809685437 -0.39963006908026477 1.6078900600054209 -0.43538515823954782 0.089817224756077313 -1.6412495052809768 1.0898753347913588 1.5740975394350603 -0.004114213421666138 -1.3790690116433311 1.5098664137264795 0.011796658421621586 -0.066152922953161414 -0.39186098332678876 0.6642846955279218 -0.704213681106717 1.2 0.19986644999694197 0.36840103996653301 -1.7064868331052625
1218 654 0.00078125000000000004 0.0013888888888888889 0.066030229912951349 -1.2557826992977437 -0.43705555980929622 -1.6029238735902385 0.05600881059081303 -1.542809023985277 -1.2534891917293853 0.39055953449014025 -0.073015655415313241 -0.056382498105020051 0.80075443699729076 0.86723380966656727 0.051196720531121176 -1.5577243511428778 -1.3599362260879109 0.81527808087960896 1.2 -1.0918870582497306 -0.51509176563655013 -0.68190956065408959
1173 21 0.00039062500000000002 0.00069444444444444447 0.83107335854083575 -1.2738515841644258 0.90583358552388882 0.92619358527454532 0.038465762449395008 1.630605798565615 -0.27932339313640142 -1.1813112801554917 -0.063760866232594055 1.7698121133581073 -0.99293192988314116 -1.1688002502382462 6.8099169322488606e-05 1.8476862445926723 -0.66916687150638854 1.9050868261107352 1.2 4.4109567205333038 -1.6217780342275827 -0.25495183576461627
1175 821 0.00052083333333333333 0.00092592592592592596 0.16247004436315365 -0.043503808306343927 1.1629911254834013 0.89469511719948347 -0.033263898081798859 -1.9362972875105973 -1.8368669858833582 -1.2614708554156673 -0.086409044335882354 1.3998865910229785 0.73311928347042121 -1.8099704579871858 -0.017547229730371636 -1.8995010469885871 -1.4473324851974598 0.7464211420709197 1.2 -0.54460834936667535 -0.088767272818982626 1.0616078790835604
810 440 0.00078125000000000004 0.0013888888888888889 0.53557448059592805 1.5337830527956489 -0.12649307052353231 -1.5121759405910424 0.05679621277912919 1.5334043917354498 -0.97563460997693419 -0.7196397551647169 0.076735795196981454 1.1263558175108459 -0.27409436622938177 1.8498233252833134 -0.045901225421638527 -0.36357080472068537 -0.94972887576067633 -0.58806127231536465 1.2 0.26027167815388386 -0.77728964803388267 0.13697359095732942
1510 669 0.00052083333333333333 0.00092592592592592596 0.50104212816504268 1.0410388875225625 0.49310498754465248 1.0166562273840714 -0.040464834516069796 -0.75997859008135382 0.85371312066674321 -0.76344447898009404 -0.041908921725426151 -1.7659321868040676 0.2182476789223009 -0.79396858931996483 0.029930361726170085 1.5844243050537248 0.9238086695949459 -0.12444124074082596 1.2 1.230479452301164 0.92457339840525621 0.20287276324318723
1153 1241 0.00039062500000000002 0.00069444444444444447 0.071966220293574884 0.28649843167037403 0.62102175685999272 0.36316776021302344 -0.022161453861996638 1.5300042375778689 -0.86748164706547959 -0.62949562198469389 -0.035776692014588773 -1.3452015508450481 1.9719116563981114 1.1957319630828516 -0.0197412200183706 1.5040218405971659 -0.38537634054261671 -0.14637271256288109 1.2 0.22068305891143425 0.26370473840958497 0.29325886449028338
765 62 0.00039062500000000002 0.00069444444444444447 0.73207925423471587 -0.94188734819747744 -0.37724098755637181 0.89507061241233821 0.064113920513823447 -1.9519111723504561 1.6462371667220266 0.49728653546459967 0.010653402266398104 -0.93584199811461399 -1.2043042662494758 0.78883320739944773 -0.024135675299575568 0.38311714496620874 0.96916374646539394 0.49699924222439629 1.2 -1.4626510353201088 1.4940430621596075 1.0021795036289529
493 1437 0.00039062500000000002 0.00069444444444444447 0.98596040342382685 -0.64390212135395553 -1.1360872268430109 0.06734613598383854 0.037452183606532852 1.5980549785611289 0.96794756250382408 -0.71192853067983597 -0.099475364730408924 0.88976965400952945 -1.6259217333191729 1.3448226275005797 -0.020762798985555816 0.4352165626810871 -0.023166371025628685 0.33127524289558696 1.2 0.092092595144889988 -1.5074113424781193 1.8518694869784798
524 341 0.00039062500000000002 0.00069444444444444447 0.41911338740844817 1.1957965963371504 1.1544048189923748 -0.50895213589922461 0.064986880228607768 -1.4779090642569503 -1.0081387607732437 1.996674243049418 0.06767933132271714 -1.2500005586432614 0.043704975648796829 -0.99542424905488591 0.065909410322617407 -0.45514485976213992 1.8003246784769678 -0.0499625483974806 1.2 -2.0098594715055067 0.49581769764196038 0.7208125602689448
1033 92 0.00078125000000000004 0.0013888888888888889 0.40723006610089951 -1.8069679589773222 -1.946698118221319 1.0598041597400703 0.051244406499127426 -0.92730096858444711 -1.5589486217624171 0.22143014562532537 -0.027601381885530921 -1.4820526710208273 0.14604919146875606 -1.712529864916827 0.027262198073986388 0.037971854006242811 1.9776469015379101 -0.64700647187823312 1.2 -1.9356875720456073 -0.26035357191592728 -0.43224882470369497
71 798 0.00052083333333333333 0.00092592592592592596 0.048004737796887097 -0.9922376727683333 -0.8486195569661783 -1.134735607047948 -0.090279494422714948 0.33669703248877569 0.30116660739434531 1.8582000312781721 0.094945460199369947 0.47745847629439409 0.61163430600500357 0.73385124905036303 -0.037030543834990701 -0.1376923983161098 1.984613100963502 -0.087159619034192115 1.2 0.51959255495189749 2.1476677238116184 0.087972607925866989
872 325 0.00052083333333333333 0.00092592592592592596 0.76064069114774036 -1.7756654697642751 0.254938662309391 0.76105545127098084 -0.066514382426976465 0.14856383960413444 -1.0402520432701672 -0.23544218933799321 -0.039542465465985679 -0.67194001437800521 -1.8967070240325978 -0.94821757431802745 0.05095459991307591 1.2872872765248289 -1.8705786674692781 1.7709485215732488 1.2 0.81118604837681385 -3.0507670929437105 0.72150028778757391
894 313 0.00078125000000000004 0.0013888888888888889 0.21022038717511313 -1.1555752291489516 -0.28304720531885286 1.1701905175894134 -0.07792619843197246 -1.5530604992944075 -0.77048646289787293 -1.9485377667055874 0.0085188131095819131 0.85300270587187299 0.65585806837583371 1.3114652618739719 -0.049983985893737454 0.38904247202430131 -1.9474589629948045 -0.98856407751034192 1.2 -0.079134136609254599 -1.7434049860630156 -0.43050863047696714
703 1419 0.00039062500000000002 0.00069444444444444447 0.092654183299234832 1.7348289417695413 1.9279820962723146 0.3872904590470676 0.098019791050275112 0.56747109703943499 1.2983351959682703 -0.93892940783229539 0.020963486948586005 0.80040221110310883 0.65474026493100057 0.68597197505186225 0.034529164254319678 0.16435789574517035 0.33895214575911004 -1.6532178875485113 1.2 -0.96088529125133204 -1.519381119228169 -0.74813961378625082
800 230 0.00078125000000000004 0.0013888888888888889 0.23457201637116079 0.30942221567684802 0.62664114199556176 0.63069114678046123 0.053946150048105268 1.959238610220527 -1.8872938478251613 -1.5782421118137542 0.077088987971648981 -1.6486126469594593 0.5889659986588569 -1.3053017257848083 -0.012560599277517515 1.6789219388087671 -0.72953746494880045 0.0058750393185427185 1.2 1.6753297457377276 -0.89891187860007271 -0.57326015186367041
699 1338 0.00039062500000000002 0.00069444444444444447 0.24923173500233547 1.4488831764960457 1.4011093905758387 1.0101082487053326 -0.087086655418882108 0.89793009253721401 0.89585938846460156 -1.9488633757202773 -0.01773704351015884 0.95299982156866614 -1.9228029430614346 -0.8309225712964885 -0.038623942298570892 0.87294715564608616 1.6030399435150247 -0.21472331571894454 1.2 -0.25537844539734844 -0.22582558646333992 0.63786750350336274
760 453 0.00078125000000000004 0.0013888888888888889 0.7579945300568538 -1.7933128915010457 1.1884354838232891 0.050213199269879993 0.037198499673385094 1.347331774360359 1.9825799977674232 -0.12675231108906582 0.01990866338691917 -1.9003569742081363 0.89587802799272875 -1.3139356320284996 -0.080664915758681691 1.6267967219252504 1.9877995671490214 -0.0037382568459238819 1.2 -0.43942077857362394 2.0826967046072342 -0.83924651622858348
2510 999 0.00039062500000000002 0.00069444444444444447 0.5959559647619771 0.55696861486983584 0.91271678089108166 0.40603794854018016 0.053513355235083965 0.91314703942435616 1.3203290372403251 0.37773021574852539 0.060107991982468717 0.34603051874474122 -1.9602894377655606 -1.2166586845857976 0.094372070461576002 1.082978218475795 1.8593498698967741 -1.8379870972985688 1.2 1.1446614849136498 0.8221886841981797 -1.8058595648053759
144 1068 0.00052083333333333333 0.00092592592592592596 0.8371681999735886 1.9464582044823895 1.0060470318270802 1.896492296403423 -0.054391965043876667 1.0095291276022387 -0.59279663030102148 0.90750366517132885 0.028515184017625927 -0.97083105456528918 -1.6367023073738456 0.72992797280857191 -0.041760118333714694 -1.5455908047449425 -0.99567489789681796 1.2608481101357643 1.2 -4.2252094079479017 -2.2312447502001467 -0.53010044068988493
1954 1254 0.00039062500000000002 0.00069444444444444447 0.12243813671787761 -1.9170440586334858 -1.0584586899558412 -0.60201907172799229 0.098957177130002932 1.229676722803712 0.61551946335303898 0.91733624781216072 -0.077734646104556895 -0.12484449337835679 0.30171431392567127 -1.2661271471027185 -0.011901103623091866 0.0059528212867085983 1.7160530702707 0.18813438534100335 1.2 -1.4769150187996016 0.56427769686503482 -0.73763492190547419
1610 330 0.00052083333333333333 0.00092592592592592596 0.96987141826155177 -1.068561973103257 1.0658044905343882 0.070728674373338407 0.089972645904481341 -0.85998607462610233 1.0261368675872777 -1.3025554566264548 0.08672235136211276 0.3973137579386492 -1.5016226963095431 -0.30089753280779696 -0.030335211954750668 -0.88911414486291118 0.57150652329709617 0.26540159104415251 1.2 -1.2341830996961214 0.18607665122655032 -0.38243085346467087
1471 48 0.00039062500000000002 0.00069444444444444447 0.42464050908032053 -1.2227657272942514 -1.0059451313723313 0.76422827992998732 -0.093405479697345362 1.8493277693742773 -1.1838432296033896 0.9901698053098178 -0.07683502513831425 0.99951714678899828 -0.72543773990594884 0.042930805812212203 -0.093228792974111532 0.88159921176755418 -0.72601162620687054 0.72192758140897828 1.2 2.6497132384993547 -2.1294255786523508 1.6542625250936218
68 528 0.00078125000000000004 0.0013888888888888889 0.46127627340879418 0.7524447510921024 -0.84889113436652908 0.25813823522397339 0.056664658823186775 1.9984686145680368 -1.3394718701747781 1.9166290521009319 0.099044056576929884 1.4921628509164231 1.2481920986128854 0.17933861598516465 0.027976721748335237 0.93908588593493425 -0.38052454411800563 1.7168251843231537 1.2 0.0179947763756832 1.4160324898404069 0.60213568840069898
1769 247 0.00052083333333333333 0.00092592592592592596 0.11703040656428514 -0.79630189037383703 -0.76308666787454715 0.84016492728709524 -0.034887510268388863 -0.8342905003965595 0.52144278558926915 -0.40467594824775777 0.06697638987359214 -1.1701896495227753 1.5974967051013542 -1.234181365382903 0.02740084055266806 -0.96039680409631423 -0.19374240427506795 1.1595405485937844 1.2 -1.8352009393603019 -0.30394626100676636 1.2432000461455257
1169 68 0.00078125000000000004 0.0013888888888888889 0.68911508922544951 -1.8539064383955508 0.29632794098436488 1.4542522108705844 0.014421653240009019 0.2345593824256258 1.3872942119014207 -0.27724434284091437 -0.01224227011106431 -0.45614159060850268 -0.12448210803803006 -1.4808701714642467 -0.083867222213674111 -1.3043881326202187 0.40600617979690634 0.075180722661169153 1.2 -2.5891874684094494 1.4758567653440771 0.029160632298994269
880 677 0.00052083333333333333 0.00092592592592592596 0.072083585261011301 -1.3294091420828851 0.76786430429647945 1.855854985491582 0.092303808242530677 0.83490690708901161 0.85812869529915758 0.59907379866598687 -0.093364769316427523 0.73801854360188734 0.28124113478481938 1.3046378526271534 -0.087289287078864949 -1.9826981837841924 -1.5863150570245148 -1.475902068905671 1.2 -1.6795641286277587 -1.5275903506313677 -1.3953023948951144
1302 501 0.00052083333333333333 0.00092592592592592596 0.04993244636325294 1.6052961968681632 -1.762200405250721 -0.10486187743785225 0.09874103514801566 -1.3621366616897452 1.0624614209423022 -1.2192147619184968 -0.049380836696290099 1.3457988426079801 1.8957352630157174 0.84517108199538171 -0.072179990588117249 -1.5615502024597236 -1.0163272468764153 -1.0860685495867166 1.2 -0.82952611109142849 -1.2007303440425756 -0.95122650564272571
844 195 0.00078125000000000004 0.0013888888888888889 0.066772235115001827 -1.2010013087491922 -1.5727181478362473 -0.37266817648633799 0.01174009057239303 1.3173690617501772 0.15040657166529803 1.3353490385419877 0.018858658514293983 -0.80300819331012185 -0.79214171940995248 1.5325880063182691 -0.080018583562044276 -1.7720734064830208 1.16273998037062 0.55734422903186465 1.2 -1.331773697826629 0.56008896768609939 0.95340122834221841
1655 187 0.00039062500000000002 0.00069444444444444447 0.38962186648270969 -0.75791091846770309 1.4895161327602628 -1.5805956392068556 -0.0069073310222213247 1.901788686965677 -0.50823362115837556 1.0818293633875138 0.066707497700237345 -0.12579462438104594 1.5089032100384938 1.107359842816714 0.088927115144753571 -0.16473511027996501 -0.82478855783691651 1.2462806036475174 1.2 0.75700137757502794 -0.13713752934338636 1.5711541386937664
358 422 0.00078125000000000004 0.0013888888888888889 0.88961365731272624 -0.59636346397428319 -1.8741156531954513 -0.37279723748120475 0.015685638954859082 -1.8542330700925471 1.5528103103277164 0.096571621753359871 0.055137107215424197 -1.8937101387778168 1.3492332473859547 1.3131422123810532 -0.0674732604570627 -1.2692582335797415 -1.4147619562848313 -1.5482218298997208 1.2 -2.1092119588198774 0.30286277293846015 -0.20723212091536511
1460 404 0.00052083333333333333 0.00092592592592592596 0.26332281561787402 -1.0710286265711475 -1.61729943116715 -1.369585995253225 0.0081412446046832676 0.7029476693266874 0.90730374370454081 -1.8160472000268033 0.028136132332538755 0.21456081351771328 -1.2375118876545153 -1.9126135958812114 0.035814211823519848 -0.94954458613198112 -0.15947833732379468 0.45729209889290434 1.2 -1.0444879548279271 -0.90180341050761881 -0.99618273729807161
857 967 0.00052083333333333333 0.00092592592592592596 0.25144316269583589 1.1229787775701765 1.4288067422638551 -0.74385264650931937 -0.053462782403751047 -1.0133809270170202 1.96806141200575 -0.002454388711121247 -0.024745679920820843 -0.53291811652049992 -0.6843978172485885 1.4403178948583286 0.086419357039633632 0.62899945126149692 1.2594433670080516 0.85241834270658812 1.2 0.94413213779408645 -0.4997860617466276 1.039223735122345
1674 339 0.00052083333333333333 0.00092592592592592596 0.71860765560473372 1.3780670249800733 1.3839978132573076 -1.9752268911778486 -0.09840747371715762 -0.57296404979327376 -1.7875652438857856 0.1999036204127056 0.035451977716308314 -0.48578483912859616 0.12607574855784742 0.70709420888841512 0.036671527081217542 1.5967837386619101 1.9587086670938616 -0.04698106725885598 1.2 1.7668326855132517 2.071263612479008 -0.8014739192579472
151 87 0.00039062500000000002 0.00069444444444444447 0.28021823205457552 0.029530597791160407 1.2872853548512957 0.45410895325069189 -0.02429125745610039 -1.2560684861872802 0.080190578178899408 1.797956342371926 0.01202482936523272 -1.0136521174328608 1.6017330648836281 0.59420038077006421 0.079522388868319416 0.0080149813170322659 0.81678701845159063 -0.056112741628482343 1.2 -1.1205665632142432 0.16036821212021643 1.0280830832165289
34 424 0.00052083333333333333 0.00092592592592592596 0.58768948825838119 1.8309483107538189 -0.51550856869695405 0.3011957895641233 -0.083402225932745891 -1.5581994785723672 1.9706879067533878 0.75386762929401563 -0.05223840268495919 1.4056042861215485 -0.1203738423520111 -0.12471005666298884 -0.043923587781372356 -1.0327618894690351 -0.78865594080541612 0.59549777834713202 1.2 -1.8538678105609956 0.047524105896928633 0.31612799036012146
410 408 0.00078125000000000004 0.0013888888888888889 0.90291542317461337 0.68130730105753301 -0.62402590627313526 -1.9899354150232997 0.079364498763785929 -1.0098647749512826 -0.74360435307313466 0.19780768460403975 0.046488424249277543 -0.066161671112190845 0.6695001336196702 -1.3274806912464103 -0.051070986670153952 0.59673662729606436 -1.3612741319762653 1.0830550892862814 1.2 0.38308656991571521 -0.38673517905777671 0.51054297158262396
706 436 0.00078125000000000004 0.0013888888888888889 0.70690040985463087 0.33230109666096341 -1.0824245783781072 -1.0017113815361434 0.084665615107230002 1.0129910860265365 1.4887292327411275 1.3594579510045826 -0.016849927610919302 1.5079420351831652 -0.86620499324213318 -0.38414587834688207 0.049898898283721238 -0.70290015334963929 1.0620775885484841 0.70866346482385856 1.2 0.14614037014827577 0.016776546878715048 0.035379831624336916
528 578 0.00052083333333333333 0.00092592592592592596 0.014586142195020788 0.64576362908520446 -1.8339261967146427 1.1664587600672625 0.086068571064308291 -0.96240851655216009 1.9461798046332066 1.5367423703764747 0.013508767755868428 -1.5035907290783119 -0.14454250457895768 -1.8347367643003696 -0.086108186007063103 1.6696627344408737 -0.95117870732074028 -0.61331535301452789 1.2 1.2303479736973166 -0.23098266386511965 -1.0990817750592197
325 278 0.00039062500000000002 0.00069444444444444447 0.58854914963729599 1.3515216374992876 -0.25101242554995107 -1.7992101409459949 -0.011275722193351864 -0.52476078012018679 0.15463307676510896 -0.52545625287909337 0.068141172034054759 0.48044257160765813 0.51639457024169921 0.65631608953534704 0.061843590778721508 -1.3019461244262325 -1.306008347579676 1.4390477809699744 1.2 -1.8255980056166348 -0.55968397101218259 2.2111096439439226
1904 261 0.00052083333333333333 0.00092592592592592596 0.35881838233245944 0.3126299188650683 -0.46357518708790479 1.088053000948908 0.014935735731249997 -0.10371089354908269 -0.028022204535546269 -0.26529664555283539 0.043129942390073062 -0.58736823827577433 0.36810604290083848 -1.9716688295245817 0.071224591007760657 1.6845514240291641 0.22683759976451467 -1.3596310612890585 1.2 1.3686288003257314 -0.088413612980923234 -0.89777841445731565
1126 394 0.00052083333333333333 0.00092592592592592596 0.65840677370260103 1.9584365255575271 -1.8314975004423326 0.25902790150190613 -0.023905804339228259 -1.0617738614429766 0.026921638120702251 0.80866033419994032 0.071684054323907759 0.17303707425946824 0.69458422827027277 0.91012779632763063 0.036385025991312409 -0.63066313907742844 -1.6895235120644299 0.71082694844834782 1.2 -0.37377758084661739 -1.2449116867936147 1.2693437909167486
376 463 0.00078125000000000004 0.0013888888888888889 0.26756337049277762 -1.2571989224126723 -1.9094779938863709 -1.7001975877209174 0.053660250911070823 0.008974150799968772 -1.4456705961569245 -0.65480870930117829 0.059507063147598044 -1.0957966037314093 -0.30419615959087976 0.08861004751034729 -0.026085824165379523 0.091765460874333904 1.0521503048986909 0.17500972449553487 1.2 0.27179538611557646 1.8829265346531898 0.94207071501465123
2419 396 0.00039062500000000002 0.00069444444444444447 0.2304219799637843 0.03857078982362605 -0.57178406548955341 1.2561074530595282 -0.055113130156997592 -1.1937646620362918 1.6655192878641598 1.6474072826059221 -0.097151719811503862 -1.9630521398319374 1.3094281383475357 -0.87187227438353831 0.023073274692859289 -1.5300693551812019 -0.63492642764412199 1.4396500785864101 1.2 -2.2329884069347821 -0.084396890814726122 2.78371809659216
94 715 0.00078125000000000004 0.0013888888888888889 0.53476782728038241 1.4441229538062754 -1.4230579042029707 -1.9399613286100781 -0.03593700707861891 -0.5825496259190186 0.37681940100591893 -1.7318575864451629 -0.064371563573554752 0.57981436520017882 -0.53812630098163439 0.94852492517563203 0.00046317988185358427 1.9970280649827683 0.5161594343233844 0.37287701459806222 1.2 1.2758149919063351 0.82600026189159315 3.2785015489043974
780 114 0.00052083333333333333 0.00092592592592592596 0.24716374065332966 -1.6490983399513648 1.6040687729608529 1.2695077894529674 -0.062488688766123547 0.096315335352841203 1.7890783599311431 -1.492908585814344 0.02291602012859309 0.37988665979779235 -1.8118743283448024 -0.91266702567034397 0.016528485055313388 0.54603829915775082 -0.63213212391165285 0.1710634640351536 1.2 0.83007831586712089 0.02418353581417107 -1.1899915838598736
2185 400 0.00039062500000000002 0.00069444444444444447 0.29696959898785635 0.38840109760789554 1.7897688516231862 1.2930551208196452 0.053677785312045451 1.6656549436259169 1.4860864794231174 0.27012868449218796 -0.041442208256658432 -1.1676184975052601 -0.0071098754895846383 -1.7511400568710869 -0.032722141617933839 -1.3148885920228381 1.4785418097405518 -0.55088710630653415 1.2 -0.53538020562999622 2.8118854922540613 -0.030017707445150199
1438 255 0.00039062500000000002 0.00069444444444444447 0.7216754852987004 1.9718020695647689 0.46827394860844729 -1.0131918095433772 0.069192072947363348 -1.8488346725153955 0.80359837201314122 -0.035706647619367704 0.076837801820669072 -0.60483064900444727 0.53481981131677658 1.0545614152492266 -0.054418993146433552 1.239285379644445 0.2456770136318025 -1.0311479947143485 1.2 -0.11961663604750873 0.99113543411547544 -0.34342923628389221
1765 110 0.00039062500000000002 0.00069444444444444447 0.78412621697500207 -1.643968326045647 -1.5774827137322696 -1.9757440120738714 -0.061636333009514904 -0.5245810968957616 0.75933545001854563 -0.40923399586314169 -0.044922166780870201 1.7176954818909587 1.7838442797028518 -1.6966006851180224 0.080012155865668039 -1.8872414223530374 1.6476785884932239 -0.31191227898144813 1.2 -1.3384927255544383 2.5728929234541211 -2.2792033100676621
355 69 0.00039062500000000002 0.00069444444444444447 0.083062567871019621 -0.81442220503521634 0.12421727174211661 -0.97125874151214475 -0.06882270811939506 0.27715754746194809 0.647440001927436 -1.2458310346464843 -0.011736469809935507 -1.8194597101443017 0.17077569215762978 -0.44623674990798889 0.039800146751510501 0.51789431451477164 -0.66628493827910562 0.61535285792807404 1.2 0.97020954505562029 -0.12626556658385657 0.12412994195912914
1690 915 0.00039062500000000002 0.00069444444444444447 0.89783869007919215 0.91602234245345615 0.34607310878526976 0.10000779202360111 -0.0077189987969971535 1.6792940377328618 0.49472722649280865 1.2373254222201275 0.027794456691368319 0.3005208003072819 -1.6520183813295914 -1.5542039170863906 -0.02562658321077059 -1.0651633434567587 0.60043358890626397 0.8163345814614531 1.2 -0.82054270689105602 -0.77650554285433038 -0.75664841782948078
510 902 0.00039062500000000002 0.00069444444444444447 0.78135156971321407 -0.73831606173942843 -1.8750154073401104 -1.1022209868776414 -0.092690911075749255 1.184688128415138 -1.9996619497927317 -1.5847869425880505 0.039372118134212458 1.2478558480275357 -0.63975024813971659 -1.6945740558794657 0.060776432708292805 1.228706938330705 0.23499357970170509 1.3950614134793202 1.2 1.8150585895138998 1.0587349069128484 0.87789951843455039
1268 15 0.00039062500000000002 0.00069444444444444447 0.72528392004140507 0.5464789563058754 -1.0799962193997601 0.75310529013272065 -0.073192087260432678 -1.8584324581171998 -0.98455128494690136 1.3413973230533958 0.062312547021665415 1.9782377550010999 -1.70522694553389 0.14956987573648783 -0.074616431342534553 0.20836841299341868 1.1271793408681652 0.69589471877192954 1.2 -0.14921762569688637 -0.88052837776217263 1.7475036759880007
1638 594 0.00052083333333333333 0.00092592592592592596 0.52168989117581877 -1.9663965368532241 -1.6760786651218091 -1.1118801540524568 -0.08777936092339296 -1.107877921964898 1.5015953363320755 -0.95518934927992971 -0.057094419470257063 -0.6494602369366218 -0.069407155116296693 0.54244528791792135 -0.044363744065705847 0.18781502227359592 -0.12342154143780393 -0.11052836942311028 1.2 -1.2752164968703927 -1.3348321750617818 -0.46135217908076248
176 205 0.00078125000000000004 0.0013888888888888889 0.8071766520442053 0.96251126100274043 0.16369746018716924 1.0394523318102253 0.077438406102226381 -0.27961322898487939 -0.87500001722829657 -1.1655399629293539 -0.079680524938541719 1.4535425311582508 1.4193636217941612 -1.7536070445771843 -0.00079328259574987237 -0.94344302316111506 -1.757455782588512 -0.18752154962374856 1.2 -0.52948950602675937 -0.99708867747485508 -2.5750992931671619
1907 402 0.00052083333333333333 0.00092592592592592596 0.31211302973793648 -0.70616492728666858 -1.0525316447889437 -0.22164720973168439 -0.078959391597233253 -1.7537250014804178 1.6588727667372041 0.80960719156796923 -0.085232526291500674 -0.86362736876826762 0.79096815979562463 1.9331258526850541 -0.094034591505765527 0.51429461658531972 1.1853500816335858 0.51537495119753896 1.2 -0.83917950093862448 0.76169960390011882 1.0327734808524871
1036 547 0.00052083333333333333 0.00092592592592592596 0.58147166272034545 0.20278089956749046 -1.5089527466125858 0.2783284926573395 0.040369359643392888 0.021059242097456909 1.5161293401154943 -1.7135300521204524 0.060214063811319052 -0.4457509596397915 1.9468517761940451 -1.4275175679676559 -0.062844625464219719 0.60508496538074041 -0.0033518828252261379 -1.5639536009984845 1.2 0.3103003565758381 0.84693157545203068 -2.0140326227483856
1274 631 0.00078125000000000004 0.0013888888888888889 0.87428322679677839 -1.0674809195107717 0.81011537755636098 -1.5268169734932697 0.0531975808124448 -0.95819725449375381 0.17385276059289945 0.35474702877172959 -0.065769572517424948 1.5775921503510855 -0.18524671285492289 1.094008747411912 0.048055957052218823 0.39153392844174251 0.014942934094098526 -0.14673430724558267 1.2 1.0675217706846818 0.39053961376592644 -0.72264710755803629
699 397 0.00078125000000000004 0.0013888888888888889 0.63363127450869705 -1.9569518229074458 1.3255276385665411 -1.6468022268990383 0.026532060585922085 0.78481188316075379 0.45795013459269507 0.20712038946519407 0.028068821635107155 -0.29844934366544607 -1.3080015272355348 -1.2155991377675286 -0.078158459701858959 1.8370942526735767 0.74799751938137682 -0.39278253125215024 1.2 1.2037197684825014 -0.0045770078257979883 -1.1631983007874276
202 903 0.00052083333333333333 0.00092592592592592596 0.34584486071042575 0.95130454158015354 1.4346108361627761 -1.9966833005163052 0.026562276547797248 -0.27034375414697598 -0.28659986651941471 0.82932538412305679 0.033956862615745348 -0.97385586564066839 1.2193879878477367 1.4862407469136341 0.074060033630849204 0.41423519004368581 0.1448694024309809 -0.07289956519358487 1.2 -0.41565989743535747 -0.31518551130705169 1.2340186003806004
37 16 0.00078125000000000004 0.0013888888888888889 0.7605476366117625 1.6526704741028988 0.19867800371526956 -0.71394349517357059 0.044909092208690327 0.5996876508060538 0.093121750491794053 0.42373432086026686 -0.0052671177521224077 -0.073108384472442722 -1.882893905049785 -1.2899922957150327 0.0049923718092050873 0.98402543517771024 1.3514016427132169 -0.66081985318391379 1.2 -0.047738546907722355 -0.15461557419981375 -0.48897499043978571
1093 622 0.00078125000000000004 0.0013888888888888889 0.82177912486730065 -0.042593044188103057 -1.9177023945256328 -0.33633089950905193 -0.039401911702864292 1.5236693485120592 -0.17557478244218361 1.8437444152489531 0.032750711966552992 0.3356984359128381 1.831093611096974 0.010442422917658956 0.069375819035375874 1.0405913181758408 1.4485570144277382 -0.30959216480792451 1.2 0.14542783898351536 1.4291796009621525 -1.5629876106281795
496 274 0.00078125000000000004 0.0013888888888888889 0.79620392245106464 0.094628508629513775 -1.3959991703933534 1.9207780952768716 -0.027873077500064097 1.0428366490556811 1.4237302627786836 0.5438179473785536 -0.019849450943174363 0.80955326048814547 0.29512165081893516 -1.5558219761385428 -0.015199382546162044 -0.65140179783769048 -1.4423486364825089 1.6451604179740067 1.2 0.1846457837103487 -0.46763979726083388 0.088185801758795659
1609 877 0.00039062500000000002 0.00069444444444444447 0.032518910384926984 0.566402754795992 1.14081052303903 0.50789433118642036 0.035400136010903249 -0.095701138426532939 1.7791391850127058 -1.7493791523595617 0.07731077778185047 -0.69265229819651708 0.00080833632523535925 -1.4992193324579244 0.060525135989774687 1.7590739588778863 -1.2951862912598591 -0.79298329363697251 1.2 1.5938182522086983 -1.1645561296914462 -0.27493294826606834
905 448 0.00078125000000000004 0.0013888888888888889 0.93596903486922989 1.7509937307107988 1.0583057523598609 -0.21546444403221132 0.025992388242941422 1.7290569342645146 -1.8232968305757686 0.097221633604234636 -0.0091408321891597588 -0.017361410113841735 1.7215144920133358 -1.7755435511499345 -0.029115956916771518 -0.37311497912982938 1.0888146604652365 -0.97655544944531547 1.2 -0.074243008199504731 3.0253190520445497 -2.3205802520300991
418 637 0.00078125000000000004 0.0013888888888888889 0.27535768489720691 -0.45759358629955393 -0.45939260152027428 1.0266697914016563 0.0078179650657429905 1.538188838386461 1.8560325856971969 -0.25604545673461709 -0.059676284604853483 0.5881670839725186 0.37435201679891383 1.1714501908570663 0.0039890362456138917 -0.55993200907744622 1.2284849011094465 1.0318737383175858 1.2 -1.1453716633538917 0.048109176763344669 0.96150155007199167
204 1061 0.00052083333333333333 0.00092592592592592596 0.47661176892602647 1.5919012255391185 1.0604697652845001 0.086951541144142386 -0.033001213889330597 -1.3612446853246061 0.74707330275232531 1.0608546595396087 0.064333798491645083 -1.56868818997977 -0.77780867881370863 -0.4708824612512168 0.073794409113860232 -1.8203562431793423 -0.79798806579195558 1.3254548380047293 1.2 -2.0902155374877665 -2.2724925164813121 0.0067447980576565252
305 608 0.00052083333333333333 0.00092592592592592596 0.45872277317607485 1.1637329976911173 1.9132209300989094 0.37356278190968384 0.059652223156553524 -0.66088905445914126 1.949900065452042 1.2012064735032562 0.093298143430470021 0.63269631067181997 -0.95069918346444338 0.50152550031143095 -0.083084552886109123 1.6616107075402162 1.1082399426592771 0.1243007395786111 1.2 1.1197924062284177 -0.79286779887127479 -0.047501688025588781
214 671 0.00052083333333333333 0.00092592592592592596 0.10500547486430331 0.58169640775146281 1.7106383620100467 -0.38623244902585485 -0.089563193335883348 1.0302947851928335 0.25493755884160629 -0.89332874739397949 -0.069756648151135608 -1.0110646162318342 -1.3788222776514836 1.3572462310467492 0.028158191086854717 -0.69955361612804356 1.3195504715329314 0.17317705119337301 1.2 -1.169713848152991 -0.1673003771210225 0.64612187343776262
1368 392 0.00039062500000000002 0.00069444444444444447 0.33486281776604032 1.9460045334678919 1.1554743801532581 -1.2392836712098632 0.038373141366836949 -1.7824540747207744 0.40676233052177357 0.88831703989643929 0.052812435480439179 -1.1406921877049383 1.215159025502345 0.6465465063516902 -0.0045679413538611408 1.4417194091459966 1.8682543867270014 -1.0558889301510859 1.2 0.31304268243511457 2.0732850583252742 -0.42526244897121585
1593 638 0.00052083333333333333 0.00092592592592592596 0.38686481959825009 -1.6736988672606774 -1.2958980038184702 -0.46398186393389107 -0.064432740869883848 1.2197649301957716 1.724680669141831 -0.46428005106199466 0.048797519105413856 1.6866177567525371 1.1513843015712721 -0.91430352920403202 0.046044938888197107 1.0067300368300063 1.5018181965809312 0.14972032368452171 1.2 0.28486279933891029 0.66658141259107428 -0.36478531394342306
1190 825 0.00052083333333333333 0.00092592592592592596 0.13653718535609644 1.5843590197940829 1.2900455943179665 -1.5798289009335513 -0.017346951403990896 0.71464032463020377 -1.9929891612564519 -1.2434581155805517 0.019897773905743502 -0.2673715946978259 0.8392706208764924 1.4869718940060426 0.092540239866315072 1.5975380507565635 -0.30165197122173559 -1.583181391825657 1.2 1.3052381106785151 0.98199897336936459 -0.91995237704165544
1068 256 0.00039062500000000002 0.00069444444444444447 0.84720229121963719 0.33107309848382416 -1.7505667752056402 0.91630598479426029 -0.01262421882204938 0.94362792639394222 1.8749586665153455 0.39920776398608382 -0.076344572237054112 -0.86392505155248145 -0.075670141320138384 -1.5097564042211729 0.08784935405549163 -1.2239731962244838 1.3283906480750125 -0.53318760842303314 1.2 -1.1432102945653853 2.249160177308462 -1.3905166841599026
727 874 0.00039062500000000002 0.00069444444444444447 0.12130355465871259 1.646973809718085 0.87871683701052206 0.68464322599783056 -0.041878824668563769 -1.2731860987582007 1.0658189870185812 0.46437988970819433 -0.092974030673853333 0.15258798546424979 1.6789804795888781 -1.0456369317199341 -0.096285938976611224 1.1844635037235558 0.055825512789133391 -1.7510280436068548 1.2 0.62402924998627751 -0.28418134006457874 -1.8535004331279279
603 758 0.00052083333333333333 0.00092592592592592596 0.84382205215760131 -1.9898147792622076 1.8701738015961369 -0.8214183181608754 0.033838917536715279 1.5292545756410592 -0.29461776840633602 0.49171712364094811 -0.025836878498071952 0.35209411190715167 -1.4867627365191827 -1.5352658722613501 -0.050343804023723959 1.1551851700435058 0.29742191440595667 -1.9507645053393414 1.2 1.3609354417203134 -1.3263093567102537 -2.7178146687385922
866 777 0.00052083333333333333 0.00092592592592592596 0.80384799196413015 0.61918011940115614 1.7295770994701773 -0.76397657355545512 0.088570805104073086 -1.1261004995855051 0.17570468707167741 0.38899061586257666 0.077546476149166904 0.028187767898784966 -0.0077023454857583218 1.23697118911543 0.073680162397329885 -1.6222581200908328 -0.10759786497509438 1.2972065138007278 1.2 -0.95736455311436697 -0.29553797393177911 1.8042551572816485
791 516 0.00078125000000000004 0.0013888888888888889 0.67752967451849588 0.52624826070461017 1.5767387759249996 -1.0250309157453259 -0.08190967969921599 1.1867004173071343 -1.5501498810635055 -1.9940838146871283 0.043987470464019962 -0.50979886828208221 -1.8662225092174927 -0.96495386377791759 -0.092682640140100997 1.9560729476715304 -0.30350094256295401 -0.80544985320743079 1.2 1.1098250513665995 -0.47401221158380596 -0.75999966940489549
1557 2 0.00052083333333333333 0.00092592592592592596 0.56739380324384492 -0.25598323335728024 0.4300344962066438 -0.16571936558681299 -0.097781268118277587 -1.8114906573546583 0.79564257438598407 -1.8178250858013141 -0.022344862678564573 0.87235846087142166 -0.97550918848196044 -0.11663595797999227 -0.012817317535911532 -0.67765257116508337 1.2706743476274052 1.0560216328116878 1.2 -1.9331792674581321 1.6012465959241431 -0.83154859387697
51 649 0.00039062500000000002 0.00069444444444444447 0.40135695408374272 -1.8376695926415696 -1.7075745342672133 0.44156142268719734 -0.027490187408513486 1.9488260365908734 1.8760081065584862 1.7653504064262724 -0.06185171616206693 1.3404453651950243 -1.3720984165045862 -0.27897564803505848 -0.086438108496130345 1.6960052623845558 0.98815000460083047 1.218596386939145 1.2 3.5327533107781601 1.9061616912225181 0.72171377857728303
877 381 0.00078125000000000004 0.0013888888888888889 0.35984010360898327 -1.8624681744649432 -0.88645583505142378 1.8502163598542585 0.066784548436877644 1.947608439344124 0.1154926750305747 0.34068609237775815 -0.090982679087463825 1.3306116230114728 -0.42981530641773436 -0.75492858761388382 -0.01868286869343834 -1.083688013936591 0.43721415856030488 1.5418557035463496 1.2 -1.1543548194848359 -0.043568924432765638 1.5827286841258359
2018 594 0.00039062500000000002 0.00069444444444444447 0.49453124639378587 1.5993564427258433 -0.23505165213046464 1.0130847602266102 -0.024779492552937252 0.80770057961192254 0.87038032856826009 -0.51463677327278301 0.051713897655066232 -0.83142196734738905 -0.16766239692531304 -0.029873528916615211 0.043822532791325697 -1.033319579123293 -1.7727474499940565 1.5129718667848291 1.2 -0.31317556881614039 -1.5123150272506185 1.638453488744585
1637 897 0.00052083333333333333 0.00092592592592592596 0.37613435490511793 -0.98390168152921786 -0.73719016425797168 -0.10022978193437515 -0.034272695989603127 -0.42161425529101848 -1.6283024529009134 -1.1220040471006758 0.019140256435708741 -1.4920179007268781 1.2433741281033965 1.4093697126951903 0.035931474588688311 0.14183159163421921 0.42703212867109297 -1.468975912496735 1.2 -0.70930779636617869 1.2343858031968524 -0.22673604769631173
297 106 0.00078125000000000004 0.0013888888888888889 0.71541521807630559 1.3919090221028974 -1.9297896884821757 -0.98007832282648844 0.042378571618844924 0.36427767645095344 -0.80573288463116777 1.1162789200378818 -0.051579532631102626 -1.6157902643358559 1.8284405267693757 -1.1954814190562484 -0.078378302035750386 1.8842725576133947 1.4297760391734426 1.324808936879025 1.2 0.22115308043981841 2.9524920355534299 1.6407411870605835
801 285 0.00078125000000000004 0.0013888888888888889 0.0094559299740107038 1.1720315975280311 -0.014196865198326414 1.3929067322898327 -0.042837595446147805 1.6711777016819491 -1.8705450203544003 -0.58265517205192552 -0.014290897903341704 -0.7381334775784314 1.1787071073143518 -0.79349494414030586 -0.0017677424060571906 -0.050575336496543777 -0.11360053216523669 -1.6944115355713323 1.2 0.49235609999877405 -0.41572203070728542 -1.2400782258825369
729 970 0.00052083333333333333 0.00092592592592592596 0.93715780499470147 -0.77856139270887947 0.21659460490331961 -1.6129375782602087 -0.043232863406992506 0.20662818312404996 -1.0362258100481485 0.1176420354834784 -0.043545695777988461 0.51266154685192689 1.2056632636279412 0.40604019751191034 -0.063873236459258687 -1.7056424795740792 0.017854218456794246 0.062324439356173933 1.2 -1.0149790922408171 1.621488734284225 0.62125512745571831
114 170 0.00078125000000000004 0.0013888888888888889 0.6739140201119157 -1.5325810525958641 0.42178657167314171 -0.37727924423463977 -0.08210382041046696 0.84346039662580097 -0.98452801144159796 1.6137954753512682 0.074880426042015197 -0.33702176138442175 -0.75412299980687925 1.4661355150831401 -0.07143557606330575 1.7217553144380298 -0.49500299875082199 -0.45118382883211616 1.2 2.5399528363647805 -1.4839145443890356 1.347537091458161
831 702 0.00078125000000000004 0.0013888888888888889 0.76711866973162735 -0.34073280810637518 -0.29531086816048324 -1.8343823110700685 -0.019160052570086905 0.90424098537880315 1.8093965581932117 -1.6896659058115282 -0.03653071013500353 0.67759578059287984 -1.5127381377668034 -0.56303753661336264 -0.014140690587385291 1.5891092358152248 -1.4057845854848909 0.86117089363211097 1.2 0.94129974668054983 -3.592291075192692 1.2214197116292753
656 484 0.00039062500000000002 0.00069444444444444447 0.95601885636659212 1.3599321676966949 -1.0314294968962203 0.36573100427588123 -0.091300955477121012 0.91571062002710546 1.0229134624105232 -0.95897999057932148 -0.019476351259439167 -0.069845113901199074 1.6117469446768489 -0.23680207856525115 0.098509166227692291 0.30489645645029384 0.99385661405111847 -0.28620291992872104 1.2 -0.093673128903626127 2.5307852398795561 -0.75390136421338227
1524 682 0.00052083333333333333 0.00092592592592592596 0.59801818155754338 0.74898282598104471 0.9501898294829938 -0.48455024579738959 0.079039033230786065 -0.079517663994099319 1.2891350326865223 -1.6507142844115585 -0.085823337432729033 0.11886964448907067 0.072210686440477456 -1.0202259450208264 0.0020126359687487883 0.64383140051235266 1.4239959851319992 -0.51978798880666632 1.2 0.92599622112883517 1.326997650153446 -0.77084195707200232
1143 1065 0.00039062500000000002 0.00069444444444444447 0.10315342010996294 -0.46850171045958877 1.4139852629336338 1.6112668225703755 -0.063598374760318266 -0.17403384696237323 0.27530410867337451 1.4793136349226175 -0.070494259921978844 -1.773414106875649 1.0609544702996394 0.73091213489193585 0.062321642325419035 1.9563227489069304 1.4715554883036353 -1.2476218259672094 1.2 1.5291129279274269 1.0409468156238417 -1.6470362622246442
505 361 0.00078125000000000004 0.0013888888888888889 0.82766375297584216 -0.92753197550338617 0.77242679830470395 -1.2856889466316894 0.035544961813246567 -0.44698893903104286 1.1817591271273513 -0.65214737378540866 -0.050808089207053445 0.068881488177845007 1.2804881318326982 -1.6454741377530078 0.08984259237955608 1.2265445991314539 0.015615835415684565 -0.16713397887614079 1.2 1.1682922015698225 0.71673451183128045 -0.99133397453188954
634 475 0.00078125000000000004 0.0013888888888888889 0.23424236719290251 0.35385611787747795 1.0088109820073603 0.55052602814758567 -0.037183553192837726 0.68016908026417644 1.4458849148868866 1.1109047693905909 -0.049064200191131141 -1.3681551540818608 -1.4094398955137497 1.1851764829093381 0.057451539021233761 0.48841469595804998 -0.0016255634667343699 -0.41622945919924614 1.2 -0.043372318200940875 -0.65418585159664511 -0.40646582586226615
460 157 0.00078125000000000004 0.0013888888888888889 0.83655983422335978 0.97721690383194693 0.46029558297990869 1.775891630726548 -0.090835939910439367 1.7175923605637702 0.38603387351435359 -0.30281128122889323 0.095889567011141097 0.027593463648272198 0.49486807911441311 -0.43275948242793483 -0.029038863651997177 0.44765923673500341 -0.48759038403361732 0.66518452443776166 1.2 0.92645171228527368 0.011506374536965994 -0.29101409491082408
892 88 0.00078125000000000004 0.0013888888888888889 0.63498607413525621 1.0813008952360788 0.64450153886413952 1.8029028435793095 0.046030100513679784 1.1149774993240547 -0.12594802206941047 1.4256525308994861 0.096066229779227935 1.9357067583364453 -0.17141824259922478 -0.23785614916073605 -0.040662679583361651 0.91220275860295708 -0.68927306522811804 1.5908383393213454 1.2 2.6951789477106605 -0.50508863223500333 2.5508456422858559
1158 441 0.00052083333333333333 0.00092592592592592596 0.35998496698487625 -0.84516291560848744 0.56859345106114878 -0.79726234494173731 0.013822211227278669 -0.80516054022199368 -1.0553555141339341 0.47516249490466489 0.022819709892081735 0.60773331491242644 -1.8604991125283981 0.23817665290304824 0.060845989641342552 -1.1223337481868105 0.60605896818020488 0.97353913216810106 1.2 -0.99695426452987634 -0.11280506147111087 0.79834194925149293
1442 612 0.00039062500000000002 0.00069444444444444447 0.041992214058182931 -0.74086391091406378 1.1634760980486862 -0.014496733158403163 0.00051300434270137862 1.3912628694056095 -1.2092151673435265 0.9355198901682833 -0.072932211669753416 -1.1284541132643886 -1.2603759327794744 1.5601255514229693 -0.066798515085367993 1.2948979231335831 0.39248550399989179 -1.4706839675917149 1.2 1.1473476752141702 0.25853964016423209 -1.0682434159469563
1539 911 0.00052083333333333333 0.00092592592592592596 0.89034906412320958 -0.66418292042934146 -1.0044419991012989 0.86210894118676729 0.040502406327389051 0.089753667332878706 0.47045830623055407 -1.5745073156866449 -0.073100683024075519 1.8441014372765694 -0.20436636599503233 -0.55320046695553415 -0.0039921006490450245 1.6806578522347868 -0.95677756267779168 -0.38750029070260394 1.2 2.2497690707576972 -1.6273945819486038 0.56920841903972397
1531 327 0.00039062500000000002 0.00069444444444444447 0.55793056573346544 1.1788897737376587 -1.9355265344033805 -1.509021066799352 -0.030943080056679964 0.4030259683541404 -0.88773064493897946 0.19856926611541237 0.045932782309619891 0.80686143656246712 -1.0640663871448139 1.4202994721534048 -0.036890653725101613 -0.7511256454709776 -1.1872880463975708 -1.7740600659019847 1.2 0.12549097626924854 -2.2073181837491682 -0.97622228295032321
1956 841 0.00039062500000000002 0.00069444444444444447 0.36414874179587003 -1.494835094809241 1.23065580100769 1.0914237195969152 -0.086712477288313952 -0.326094545239203 -1.9747886340973815 -1.7471725428953517 0.027716402471199802 -1.2571094643458998 1.9936971738340117 1.1860070399036315 0.074236198731871095 -0.69462121109796282 -0.62519884936319592 -1.8742485352036065 1.2 -1.6042227069391652 0.92175520975993774 -0.48506810250259103
939 1074 0.00039062500000000002 0.00069444444444444447 0.78653223101042402 -0.17941694278070575 0.67586856145340191 1.0515088759898199 -0.085480277310194058 -1.0283230895069879 -1.1173865593650003 -0.17325910682464318 -0.079355856318197082 -1.7928681086400284 -0.80664822361738109 -0.69063855783636097 -0.039996117066814191 1.5878157507756128 0.81384780661834943 -1.3637833851482211 1.2 0.5947085505074482 0.44683050488020931 -1.7079694303659281
1339 465 0.00052083333333333333 0.00092592592592592596 0.35327919689382287 1.5563046667839648 -1.9684427769360586 0.88169401115129853 -0.098963641252508852 0.42467701652429257 -0.70719897484019167 -0.9339234791277824 -0.051585653470829419 -1.7161665806875934 0.359073658452151 1.9862175500141173 0.056004614833222804 -1.4553063576761622 1.9104129008865529 -1.9542135025027241 1.2 -1.1825484345519564 0.98977634460923369 -0.88008961874845704
486 631 0.00078125000000000004 0.0013888888888888889 0.71915353254715897 0.22402594951416965 1.6304624451126908 0.30174407262162983 0.081114682962262624 1.7095408115552413 0.35336387070212849 -1.0901463224465791 0.087566816923223739 -0.75715844359169404 0.31401311922620057 0.59636772192136922 0.0087937825831883032 0.47430418417021425 -0.83372697918165484 -1.2958099844629496 1.2 -1.2608690372223403 -1.1290344255528089 -0.1045203287621289
372 477 0.00078125000000000004 0.0013888888888888889 0.55115389231159462 -1.7641313049804572 -0.44114306958078897 0.091895852721386451 0.0043168344593597918 -1.6511635097014237 -0.65550945333691457 -0.75349041934555849 0.038425347059276888 -0.9090551257449504 0.075450411866027522 0.53936643014054475 -0.05395942352773573 0.067799208301197122 -1.7095243168202297 1.0544937108969896 1.2 0.7293302192168476 -1.0983553701929589 1.3489660373485124
297 283 0.00052083333333333333 0.00092592592592592596 0.71069081506399345 -0.48895860262904156 0.3312114467172429 1.0771357547637757 -0.029167195041860869 0.55621279693650205 1.3601881117728363 -1.79350324997151 -0.094141089274787287 0.50681444595572422 -0.74785861070692627 -1.7638061897587543 0.049697578396181302 0.42255460010703727 0.066498807595154474 -1.2384205038928249 1.2 1.143421967154193 -0.039214725994058765 -3.3758046053944977
935 1400 0.00039062500000000002 0.00069444444444444447 0.71532362558071283 -1.6289653997115683 1.655128629021827 1.0344296446391135 -0.033558337738295863 -1.4761346591282454 0.19127541005810489 -1.5059317940951109 -0.042037239287983467 1.976001043613397 0.8673832869252176 1.2317371607126644 -0.080463907808425369 0.83310518014581225 1.6293285250380225 -1.5260226652550051 1.2 3.4252355706249298 1.3629424135900376 0.41972255053506846
249 935 0.00052083333333333333 0.00092592592592592596 0.2457374431271051 -0.79101267987410262 1.2163905910762112 0.12164739772503941 -0.04946539183720973 0.73012641713311011 1.1422784674148589 -0.90189285329020086 0.080843984719967982 -0.4455543348040667 1.8554874977762945 -1.8377269369933162 -0.093563469556582221 0.60549782497044813 -0.64618232509336071 1.8957875478709574 1.2 0.47356810802611216 -1.6693323284220813 1.7452344847507522
1510 244 0.00052083333333333333 0.00092592592592592596 0.80421936264509075 -0.10288022857809809 -0.29019005552323085 0.63588438279397863 0.0014943701570872686 1.8153883960170223 0.68087415456648159 -0.37736835139589298 0.041603027023859041 -1.4564993956098888 0.50629717402076979 0.57783466540092121 -0.036700766269522789 -0.41369168241883969 1.8933154146713935 0.17937282563619883 1.2 -0.54485142511697326 2.09920202596743 0.67181071491999134
57 82 0.00052083333333333333 0.00092592592592592596 0.10789470084370717 -1.4734619966881488 -0.50238468623465193 -1.9009397214955155 -0.010289290069253415 -0.83845099249538846 -0.74682934792489419 1.4202542366182458 0.056530958412496418 0.86903612067741509 1.8172021222323353 -1.3124528129096036 -0.016159856389014363 1.459799591729634 0.90319276140142435 1.8922695357265322 1.2 1.7744667405351706 0.74757526752310177 3.7752234154453612
577 1169 0.00039062500000000002 0.00069444444444444447 0.60281837004488614 -1.402904252328629 1.6008815553658895 -0.53523475126205255 0.032157651871451753 0.63628134252878077 -1.7018074254445823 -0.54177522890485141 -0.033547263679011646 0.47645633941544441 1.8591448389512473 0.33540747236684165 0.070650365235559842 -1.7071867015998308 -0.071772372639561599 -1.305836252090824 1.2 -0.84056837247282667 0.98949279382914512 -0.37857559320084161
781 638 0.00052083333333333333 0.00092592592592592596 0.10788774022939415 -1.9493417336120751 0.6436670389657797 1.5848489653930677 -0.0093508898576447896 -0.46975008582670963 -0.85406115240786296 1.1495699448913563 0.01719608190321946 -0.19249248085933157 0.5166373586520927 -0.28016258192488852 -0.078926584450692297 1.8396282605835839 1.6996916046128256 0.40374799984894416 1.2 1.9049050443243987 1.5053823940487425 -0.1099508357430697
71 488 0.00078125000000000004 0.0013888888888888889 0.55523463052737954 -0.74483122858351658 -0.63205759376774706 -0.99760767441308396 -0.00427553120812732 0.17538178660658099 1.4623274309822007 -1.0903310134069857 0.057661337683838271 -0.48797006072765559 0.77938545630020162 -1.4840547840034963 0.024425633372315403 1.8180927354862977 1.5033249305027705 -1.7740092632951083 1.2 1.7932925165936131 1.6507172478285361 -1.1051875553190553
1042 236 0.00078125000000000004 0.0013888888888888889 0.52621780529820961 1.3274351865689979 -0.8626745096398909 1.8220592633081489 -0.07790467952381884 0.19056588430453791 0.72060436744108758 1.8785444912061511 0.098613625827451618 1.6001433187032168 1.3446736810730111 -0.64540513602697258 -0.064158685171396224 0.19834813078209823 -0.94309037206428359 1.1612679427716825 1.2 1.6858858724614108 -0.46116349090621461 2.2691802381779733
970 375 0.00078125000000000004 0.0013888888888888889 0.45165980832952773 1.4698162088532309 0.77220342270175424 1.7418383997339681 -0.084721930972179116 -0.58236644259088211 -0.34091680158966442 1.1689859541529457 0.053177625212517649 1.9154822984585862 1.3561136425233711 0.49050886548551986 0.076070552032392463 -1.1442398598841002 1.0622000158983362 1.5208937470849753 1.2 0.42497304128263297 1.7572333217009199 2.1809001536854558
930 15 0.00052083333333333333 0.00092592592592592596 0.69551946652096475 1.9378533077082012 1.982065457029504 -1.0625182038953298 0.045325217743738572 1.0882067199881575 1.0575501156746072 1.9526400411246398 -0.01531035841713109 0.66932409896349299 1.9171090900019201 1.464837526063032 0.010750753626342216 1.3680063194574381 -1.9601486096665539 -1.9236993729595953 1.2 2.3765315151890563 0.28502474797126121 0.85993471774898278
404 43 0.00078125000000000004 0.0013888888888888889 0.88613729022987309 -0.99633296203228827 1.2865620739446388 -1.1931897749870388 0.031362111437376078 -1.851240865989868 -0.6286385654354314 0.86176105067530662 -0.030800971753815312 -0.76593316268332501 -1.7562549566943955 0.17221586494659746 0.077289131232998298 -0.78922120211470315 0.512108334663822 -0.97620570491165815 1.2 -2.2188316832144404 -1.6833230618511639 0.30335689354895118
265 101 0.00078125000000000004 0.0013888888888888889 0.77201580079598997 -0.48086628097817785 -1.4855958835651779 -0.29027602958077381 0.022070658852056418 0.47602406996969338 1.9307414897893129 -1.750417671551066 0.04051777678697438 0.46527416544202849 -1.2315521336351911 1.0882170416471717 -0.037511002566702659 -1.8015700427883865 0.045787429108951727 1.0399129640993134 1.2 -0.68999620812575135 1.1376955643115441 0.66794134031847674
667 156 0.00078125000000000004 0.0013888888888888889 0.22623243824148298 -1.9769375500337727 0.34275061266164863 -1.9036681114899041 0.075311327686108126 0.99387389466117426 1.5528316109807347 -1.3189089819126094 0.012626987290323119 1.6613995231974634 -1.1191437190747457 0.65795057147586533 0.068151589130554718 0.78458081439506433 0.86462300738238174 1.4540178232334862 1.2 1.3357174127067573 1.2269172084964135 0.63266808550522213
2297 1119 0.00039062500000000002 0.00069444444444444447 0.29640941316764374 0.19489928903974718 -0.53944699895212311 1.411660392585413 -0.0037036743225757618 -0.45125921187233153 -0.41432472890245098 -0.90922105090263106 0.04943464020971261 -1.8863575146682474 1.2869277414122839 1.0493714661328375 -0.019795125720830281 -1.6611403145117909 -0.94512020877037228 -0.79771659563897135 1.2 -1.5595655704998383 -0.65528019255215963 0.97956541450118639
1613 363 0.00052083333333333333 0.00092592592592592596 0.5642036024531849 1.6583926862095653 0.15349709213120333 -0.6165325826639747 -0.099763846374296986 0.39336138477920279 -0.5272211527939521 -0.89771826548788614 -0.0329997750862943 -1.0171740438070231 0.062472413613578137 -1.7716377069008908 -0.023160171966887425 1.7294720679108426 0.2717108995160773 0.22011428560973512 1.2 2.1773960585126084 0.21577088954298443 -1.3467928881339981
1045 71 0.00078125000000000004 0.0013888888888888889 0.25099446612064541 1.56962869577651 -1.5144349629733194 -0.02204821488745079 -0.091054872388487709 1.3832242657151448 -0.4703406749149015 -0.79125021559096487 -0.011353911882253834 1.3904681201568936 1.8603465319771559 1.6439919648616161 -0.0039371132300216327 -0.2912069315504211 -1.6498598272068246 0.44622224942793887 1.2 1.9084614680575531 -2.2251708961221248 0.1861706966351504
1095 512 0.00039062500000000002 0.00069444444444444447 0.26273429575813384 -0.005122439226561859 0.77489445131046519 -0.45221301223823307 -0.03509089785146069 -0.68108692576191654 -0.94801073183514317 0.36114692903200174 0.075967631133970037 -1.1096034697533637 -1.4450609717701659 -1.6540340995760494 -0.0079238352786800831 0.34410920655788768 1.8983843666997315 -1.7135955678553985 1.2 -0.11672164537165222 0.92565942045173522 -1.6156040049923195
254 1051 0.00039062500000000002 0.00069444444444444447 0.1693393261837885 1.588257956756379 0.4739857630427875 -1.6679617905293931 -0.09050419736448681 1.3643941707617642 0.96321823130343986 0.72865439333638538 0.00062642204565503679 0.36939170968869339 -1.4307338372819127 -1.6425193830146108 0.048928273536584743 0.29987248955578805 0.20067753631777707 1.1480372900356541 1.2 -1.201268723512944 -0.67537944461706267 1.4609325584851385
23 64 0.00039062500000000002 0.00069444444444444447 0.07764370314331305 -0.13368418896805734 -0.6012581316510186 -1.9318829541543874 0.03364047810549034 -0.93507655681447099 0.37833708538235955 -1.9179243499096863 -0.089374259079457896 1.8260882658055353 -1.9351272426143638 -0.88235929971604277 0.049324413624388386 -1.503840783914534 -1.9785196680034423 -0.89292693426635417 1.2 -1.911200052898995 -1.0960744534077929 -0.74454103420778739
556 421 0.00078125000000000004 0.0013888888888888889 0.94376155767598058 -1.9998739250429978 1.2192236865902579 -1.1200890485054642 -0.086652161049268595 1.6095005409159922 0.88650726932683899 0.48103768842831851 -0.044277304804027896 0.49881068963280661 0.87652791477885739 1.7222797776761882 -0.070676913297830199 -1.5077006728094511 0.31617334808638642 -0.8218147449381763 1.2 -0.91217449443197662 0.72289078763233949 0.75298618388403826
1707 1254 0.00039062500000000002 0.00069444444444444447 0.83501857811419677 -1.4772639799348442 -1.6110940026433056 -1.1432116946036608 0.041671371748913888 -1.3944684411062207 -1.1649086618878139 1.3940058438106981 0.072612282885274188 -1.3859414128188647 -0.50862068959259066 0.6543011926342337 0.028342721335758603 0.23975899314710025 -0.057280251608462507 -0.88291417964212116 1.2 -0.31740999213970433 -0.13118861876997648 -1.4811701367499854
278 120 0.00052083333333333333 0.00092592592592592596 0.21194116937346896 1.7872756772695424 0.82117552314297804 0.96415274137944573 -0.033137661534604804 0.95854842138208163 -0.90388268934182125 1.3862931497156903 -0.072927961309578848 1.1422170218975127 1.7107890583889054 1.7914475638497587 0.091640276011436428 -1.5055337624893417 0.019392680235380766 0.30293958425620549 1.2 -1.5068632077543758 -0.76132385188374574 0.90628368731626374
476 223 0.00078125000000000004 0.0013888888888888889 0.67987265065407598 -1.4190634681011192 0.78994236119807226 1.8083120313696308 -0.062196409942761238 1.9053117814635323 1.1124929642982 1.267940914301493 -0.095571458139104754 -1.8203749678344097 1.379588678546209 -1.8828355573270392 0.034276465817438762 -1.9317198007094083 -0.55565102386137122 -1.937904490949566 1.2 -1.7327208787945434 0.50069044077356473 -2.6594496220362469
44 427 0.00039062500000000002 0.00069444444444444447 0.44910481886201736 -0.43566961499205181 -0.89703185424182186 -1.4088466150700665 0.068090836467821825 1.7585650118518195 1.3653118436107388 0.38793904863906059 -0.071715314593532004 -1.623085823279768 1.0438122530242464 -1.7504686508680285 0.044879515674730641 -1.4656788691768838 -0.50507521879050543 -1.2315960039756968 1.2 -0.94168348674731184 1.2300832751115589 -0.44456903685716054
1125 24 0.00052083333333333333 0.00092592592592592596 0.15987300381760036 0.9754142190725541 -0.72974630260666018 -0.42426810385701286 0.0673811711519198 1.7233967968219779 -1.7550435803994628 -0.71363928143348687 0.02394941612813814 -1.9097577254774118 -1.1606209888059293 -1.1000349947990489 0.057052726115687902 1.6128262384958099 0.87328728103134656 -1.4168685838243325 1.2 2.5095447971678948 -0.89537334150190617 -1.8873731702395244
1212 1079 0.00052083333333333333 0.00092592592592592596 0.58739100380591147 0.51065187404682533 -1.5977828159110667 1.0994413889634318 -0.069449706397199273 1.2400553375283128 -1.0453778899422721 -0.031518353949684386 0.049754706148916639 0.37009832054534408 -1.5931892823511031 -1.8384362973886867 0.064054385785243001 -0.98931362362349251 -1.6494756911524795 -0.89756226043453458 1.2 -1.6043405092444976 -1.6766909858123979 -1.416473808125893
50 1281 0.00039062500000000002 0.00069444444444444447 0.53581689941456712 1.6155642258764691 0.099664893512716013 0.91839358961984585 -0.01913770038318123 -0.94127625071965904 -1.6070943618280555 0.78175021676656575 -0.0068647054371413496 -1.8127779479511701 -0.66999071463551507 -1.6086540343949829 -0.015555416411292627 -0.60031097676919121 1.2121798848555727 -0.46841299672039582 1.2 -1.965925511514627 1.6544042670404158 -2.3220097363212666
741 961 0.00052083333333333333 0.00092592592592592596 0.17769032893380032 -1.9127057133744425 -0.3997853837510208 -0.90051117980129813 -0.082169672004882635 0.4412753782371972 -0.85241895882598051 0.28266810831128142 -0.038618338145473108 -1.3140600350821638 0.86144273708426677 -0.20684251065776182 0.066418489494447369 -1.0766826407385865 -0.025679774537238576 0.69470502354548946 1.2 -0.96718410856436809 0.70102324604061494 0.50947855781174944
2145 376 0.00039062500000000002 0.00069444444444444447 0.47267747349906253 0.055154105689158239 1.6611360567285396 0.016292737975736937 -0.044340070865433456 1.0436272281590271 1.1606738011175413 0.63801840341856852 0.0079459415476441642 0.17284975182933726 0.27277066757389834 1.9502070127902855 0.038326919918685226 1.7659088616774841 -1.817024385498855 -0.71115293719926109 1.2 1.9991195585764028 -0.0093464114554316635 0.44136194991236422
2539 923 0.00039062500000000002 0.00069444444444444447 0.32252544958415513 -1.9542725404057553 -0.83493407700961164 -0.027643927825954595 0.091753664981480715 1.0478702616290985 0.65230821409170936 0.35420569752561581 -0.050870572170788719 -1.8975837986002153 -1.0401825327532874 0.02282311687966887 0.025871974377812718 1.5872245929320203 1.1143501361706987 -1.2604419753482596 1.2 -0.94739589106216926 -0.17293513008105726 -1.0513233483541036
739 481 0.00052083333333333333 0.00092592592592592596 0.54079928514335573 1.0483363553417022 -1.7306199357005592 1.2510372815922346 0.031045089601343917 -0.28625693201276103 0.21266843265696966 0.98282683442694374 0.053742222193286421 1.3542638011842669 1.33780503630673 -1.1698977117132578 0.0036070942790518146 -0.33481298536417503 0.97780318411609812 -0.67204698338759172 1.2 0.1047531016635774 1.7672443806633087 -1.237339190872311
655 651 0.00052083333333333333 0.00092592592592592596 0.30261942818791193 -1.667100725660307 -0.11375141137153966 0.077494817655811232 0.0031287537278185118 -0.62254786558140474 -1.8201071964070175 -0.48306906436825647 -0.091071300712356279 -0.7094805461495346 0.78738743512430087 0.73680285405835022 0.059837114882653253 -1.1457568815449735 -0.57870715850424226 1.3490546381314736 1.2 -0.56891332497836944 0.057827798334928127 1.3327641862748378
328 61 0.00078125000000000004 0.0013888888888888889 0.27758416253281404 -0.84018469559504627 -0.43288885533750721 -0.43276317272769971 -0.015046150758870086 1.8583719679930972 0.76263628881786882 -0.62291415363066127 0.022549964022572894 -1.9563485707917661 1.8665633435048399 0.31129023032396885 -0.0026828876294030107 0.63783237339396281 -1.5766431180430893 -1.3389177562429575 1.2 1.6686970145196536 -0.17585176660642038 -1.2718554612632531
732 564 0.00078125000000000004 0.0013888888888888889 0.032193699913045028 -0.61040308430483625 -0.092731050216428468 0.72294712792052307 0.011854079745302684 -0.060877316543248128 -0.38644194233789575 -0.97118497934228776 -0.053070436032723795 -0.77192105684988999 -1.9883909883040531 -0.067921893066728689 -0.014069587562222069 1.5062872928562911 -1.4460899450060869 -0.95124093895410589 1.2 1.1594828842970113 -1.0589393630332999 -0.24139220516633214
1860 738 0.00039062500000000002 0.00069444444444444447 0.72261075332612601 -0.48868229952369413 -1.4320246662539198 -0.96824292925869626 -0.032193385232102509 1.4767500532998423 -1.2414030941756526 0.30126526080570315 -0.060634780777704789 -1.4271049698971057 0.83149655622621266 0.98272386238997722 -0.027071386877298223 -1.0725698766018157 -1.5463575381420656 -0.52971461975494982 1.2 -2.0244897318666744 -1.3389269687566037 -0.22823617587567938
335 456 0.00078125000000000004 0.0013888888888888889 0.37238062862067006 1.1889933631568552 0.51637370914800229 0.63165105251511022 0.040211272113366808 -0.72922309038083188 -0.81156552646844915 0.3879163810579187 0.044713928311803042 -1.3674909689542059 1.8281158303764338 -0.78992189508353272 0.031433378857505911 -1.7201678213115787 -0.074819576052703507 -1.8603457163666803 1.2 -2.2019741919528983 0.48941651401215946 -2.1675716457155696
1463 691 0.00039062500000000002 0.00069444444444444447 0.75665888235810463 0.027059573696668782 0.74970688815390929 -1.5739502718617882 0.024578449274368669 0.28777380859726076 0.71117682194177023 -1.3515143322891765 0.015813348658532123 -0.6459601214010311 0.99187435824252246 0.52017871137660476 0.00024490520689419981 -0.23566265662552555 1.6662769598723886 -0.94022465698167723 1.2 -0.58884275909697148 2.1193573007139013 -0.68566048257500778
795 808 0.00039062500000000002 0.00069444444444444447 0.053951263355691191 0.84179810775413344 1.9070672150707368 0.35251003941148751 -0.087528479961875294 -0.97498586753784 1.2344628405595328 -0.25164875471424786 -0.098278403207651965 -0.77607594454907414 1.195916156424222 1.1871158211380743 -0.018559572634867669 1.7789697477486341 1.3141103340661919 0.43501044749544127 1.2 1.2363734360495533 0.4059128860406585 0.31872290785675472
1389 575 0.00052083333333333333 0.00092592592592592596 0.0089589692800950381 -1.7499014467818852 -0.05096778407511815 1.1316521992451016 -0.026454643495053817 1.2439494170478613 1.154814615230225 0.65045877390777962 0.029361590396095705 1.8537026478940639 -1.6417855183193906 -0.47918344501583121 -0.05596661465911941 -0.96345949230727568 1.2629944230756434 1.3044160321369986 1.2 -1.5277718836586309 0.96949727888387849 1.487399275185415
252 12 0.00078125000000000004 0.0013888888888888889 0.83898096962161728 1.4238443839760424 -0.98012054592655895 1.4365833096723781 0.050151808874520754 0.19366180903221553 1.2418566380739429 -0.8418828353613681 0.015079677287005877 -0.11317506840196589 -0.81307047563320678 -0.11173905059675615 -0.026205665438517281 0.51519776622347591 -0.58083672141695164 1.9129799148044682 1.2 -0.21933296925500287 0.45532565308685385 0.117686572860057
1861 908 0.00052083333333333333 0.00092592592592592596 0.81356493821604559 -0.66363558700820002 -0.2522772005648255 -0.7811767394772744 0.072501122124542794 0.75412427578753016 0.67012318710763186 -1.0211189188039658 0.059401822347291411 1.3455180885910552 -0.33871419010468173 0.040464811188354766 -0.079551317483745318 -1.3922491520667566 0.79009930134986206 -1.7053776449769535 1.2 -1.2344041662030032 -0.15450950386409143 -1.4698764592557252
1159 636 0.00052083333333333333 0.00092592592592592596 0.31041821356604377 1.1790708408403305 -0.70922956478451082 -0.79052249791567153 -0.018412810907807844 -0.15653541388611991 0.18553519557674836 -0.85608877134812111 0.0029517898333489834 -1.1109677807740646 1.8577165529131632 -1.4293376270047489 0.0022296437701467414 -0.59014652333506268 1.4659452616253827 -1.4407081287627617 1.2 -0.55336528758716341 1.5564760014881469 -1.5845809837097606
489 1189 0.00039062500000000002 0.00069444444444444447 0.27698863220019754 -1.1969192644829967 -0.98349229396547866 -1.6800240194467477 0.087264773286137881 -1.8335973900282689 0.35129393874081494 0.34910607747925138 -0.0458091965961736 1.9957085973867583 -1.3886665263532589 -0.48151725230445042 0.073083186235080783 0.092713651487482007 -1.481669107008277 1.7624480595920926 1.2 2.1570846452201495 -1.2439194232676207 2.0388970194374112
1038 263 0.00039062500000000002 0.00069444444444444447 0.83918686049305136 -0.46579741713607792 1.3259803176175957 1.9576221503298794 0.024412917456121702 1.4377516510108124 -1.0501923747928852 0.50604440604949108 0.082256952171937014 -1.6481520241436587 -1.7339041400515924 -1.4855101462562992 0.081379200227452014 -0.11322144181638993 -0.52918512219837188 1.9100482642954679 1.2 -0.37760806064771124 -2.2041297485553097 0.46732571028322012
122 858 0.00052083333333333333 0.00092592592592592596 0.2968275550315615 -1.7402039101316711 1.3279709693332853 0.74442610316372315 -0.064275077749172155 -0.77478923899411711 -1.31811208936112 -0.047899853438869044 0.079348165380429186 -0.86187656580116156 1.6546319888159875 -0.90403983367230278 -0.056304559168741955 -1.6737647567243905 1.6293159501117622 1.7186484121014649 1.2 0.038182856554996807 1.4585280789767752 0.6952458585676764
1338 791 0.00052083333333333333 0.00092592592592592596 0.65114662433182968 1.0139144628691246 1.2555299419207788 0.027615793361467578 -0.017562969122561653 0.82979427278094064 -1.541803781424413 1.3648639339646085 -0.075492763056517975 -1.4814538996522031 1.944806092335281 0.5010091923270541 0.064405232649633853 -0.61922876707992014 0.55318831025678383 -1.4079511452596747 1.2 -1.2365125813975484 2.3875822645772948 -1.3435222522233914
619 929 0.00039062500000000002 0.00069444444444444447 0.91524814228669094 -0.69364251964274981 -1.5039839722352957 0.34579486229446221 -0.089216066386657869 1.8110683759581092 1.2655342511066427 -1.047502436836051 0.064374165686652857 1.225226152874026 1.0688475226856995 0.66692186456979963 0.07964072466052094 -0.079233508856730861 -0.96441529421074002 1.6960735926597699 1.2 0.67152313355855275 0.32432730673176335 1.8711252950932102
1743 399 0.00052083333333333333 0.00092592592592592596 0.96475499105435325 -0.93565106217210436 -1.6888377813307849 1.3426195749349157 -0.097863043273492115 -0.78650507717810658 0.79436344548812832 -1.9250478856604882 -0.015054826857695838 -0.33136721946788406 0.78638415686035268 -1.64751113669602 -0.00051587493308095922 -1.5173346706188866 0.6934546831100632 0.1837402190391475 1.2 -2.514341175979776 0.25137823560796435 -0.72670899286670865
1272 321 0.00052083333333333333 0.00092592592592592596 0.86564140532917655 1.8210265191861947 1.4891044987071691 0.36917930081096273 -0.070143919166318042 1.2894734146693794 -1.3093489156462623 0.28687437676963734 -0.06131191470825488 1.2661749877414912 1.3039241517606239 0.63973731765576947 0.090141144685455726 -1.0785334379468825 -0.13544924904288047 0.7189145656433138 1.2 0.92008479755946371 0.77066313222224114 1.2264026663969723
1282 303 0.00052083333333333333 0.00092592592592592596 0.70519857595022728 -0.41938786867940081 -0.31852872693668655 0.26008470605380962 -0.034535894069054732 -1.4396490435336116 1.4709687724289187 -0.67956132946416048 0.096214907243011571 1.0213888254516963 -0.2402173903654794 -0.47433789490623823 0.016108277458192904 -0.68566135953138563 -0.73985769347175268 1.9048751776168413 1.2 -0.59327058753070072 -0.29956976903636273 1.0951980399644727
1248 641 0.00052083333333333333 0.00092592592592592596 0.17567624847949642 1.5193522547491805 -0.30986683449455166 1.0012900727871128 -0.047403659582908556 -1.0491223826197258 0.84048980230507198 -1.4220093964765943 -0.088693354590635085 -0.92394558791228265 0.1348822991394707 -1.6176231772156608 0.058219139693229255 -1.6577230465068147 -1.4135413894106001 -1.967031885406282 1.2 -0.96173034278284153 -1.3531885609942467 -1.3878794940661081
898 818 0.00052083333333333333 0.00092592592592592596 0.89992630079548208 -0.52022747087677201 1.4262236146151621 -1.9686679541024596 -0.035821347010642837 -1.6550062285313665 -1.4830030448733251 -0.17254490357155516 0.04218593866784387 -1.368520303349535 0.0085702372544562699 1.033228265036763 0.04793220567714801 -1.8789145199640509 -0.39735663341932925 -0.93210271009599754 1.2 -1.8171523508713217 0.23195210566713748 0.17392944355634768
873 530 0.00052083333333333333 0.00092592592592592596 0.19864900969899479 -1.9438601447143049 -1.8403270402472121 -0.36046833967739467 -0.01447399178437199 -1.2083076569967064 -1.7971523689232751 1.1528111633546274 -0.082793863465886866 -0.72679572081060906 -0.34282471295844674 0.11724512592618774 -0.015639208968917725 -1.3500676184059119 1.5003981054359889 1.1749131666602839 1.2 -1.1201691529121494 1.3089724662242583 1.0453093369282884
509 631 0.00078125000000000004 0.0013888888888888889 0.74731328336776415 -0.46966288450532234 -1.5566547246776898 -0.034387809839117711 0.058742052247375443 0.87167740282711836 0.90894011935084373 -0.44294487733347765 -0.0095587959916381554 -1.7961182096492903 1.634396474263359 0.59406003190204615 0.085807098105659785 -1.3488903713957408 0.33510074313432847 -1.2704323046069574 1.2 -2.5828888974215141 0.94367786314254987 -0.38544880328397763
1526 781 0.00052083333333333333 0.00092592592592592596 0.99514513600176091 0.010171308853900829 -1.1617164320279629 0.045671430797840529 -0.012922060871666627 1.4578016787391634 -0.95016549255036464 -0.85281233847934468 0.034834198030017749 1.7986648329555659 0.67005971594388525 1.8533382619171119 0.034840819146575525 -1.9394140510339466 1.3280182226437511 -0.31644547490519503 1.2 -0.65659255912202485 1.4315085174582465 1.5982618776150721
388 1038 0.00039062500000000002 0.00069444444444444447 0.72819177517718592 0.33073812852004947 0.39956599909870993 -1.0896015350183612 0.072611271437190983 -1.0869456627114236 1.8603848726826877 1.1074157732729031 0.068711748061851263 -0.32423536372147455 1.0960990788107199 -0.6181184795038277 -0.006460618570276716 -0.4994264513169453 -0.030156996093685162 -0.44624157023586175 1.2 -0.43529704100831329 -0.29905039920938753 -0.56297420809585363
1234 586 0.00078125000000000004 0.0013888888888888889 0.1770781643607135 -0.51085203927682166 0.14635877989088586 0.35482291093749296 0.055877978954387508 -1.6305221403691101 -1.8013384368588485 -1.5792261165937087 -0.055058410655722922 -0.37640556477308795 -0.7862805258087322 -1.1897018660933818 0.010134550683110727 -1.942114966434016 -1.7093123240569783 0.2705328515879768 1.2 -1.1312468719251518 -0.44960905790540034 1.0735173043159834
1391 797 0.00039062500000000002 0.00069444444444444447 0.58435929284547161 1.8122722024573954 0.10115615761887353 0.78670827269617449 0.097724727622105323 0.69906045640222958 0.45730384842297056 -1.2565147225429492 -0.0991708509492229 1.9105543595526853 -1.8139368608063453 -1.1696355503251983 -0.039400595048380518 1.4322779666623666 0.98858010873170654 -1.1448228939394309 1.2 2.1998234032099266 -0.093484546126012424 -1.3581179214113464
598 1018 0.00052083333333333333 0.00092592592592592596 0.6983758721439578 0.95815658538544923 1.7436371626998439 -1.2420874846662957 0.029598156411814347 -0.92459100148530249 -1.782443741475833 -1.5800694488223388 0.094429421618541121 1.9831844241266157 -1.3902547263516243 -1.5184362953814596 -0.0062155910841998896 -1.4408640593729722 0.34534300778877247 0.010050227012090573 1.2 0.36574715757193166 0.27004637029426781 0.74257168084292424
902 353 0.00052083333333333333 0.00092592592592592596 0.079139924351608895 -1.8568782272633655 -0.20241844824071231 -0.95410499808879035 -0.048937577623119656 0.51311160876233197 -1.872098639607862 1.3838293381052016 -0.060367302115964243 -1.1360396347313939 -0.42093702871982019 -1.5304571427689004 0.011281265774502211 1.7514782125581543 1.7205448975876596 -1.636430922520832 1.2 1.6483908265609333 0.88995008570732348 -1.0333867969260335
1155 13 0.00078125000000000004 0.0013888888888888889 0.32748966347467728 1.625830957166547 1.6600072269402584 -0.68777388811175122 0.054878755172885679 1.2440273651449893 0.32412654976481692 0.69348896235785062 -0.03647546818684376 1.9813025154330788 -0.15155708967940296 -0.63949473789463962 0.082719243502633349 0.40656095656817204 -0.018796233257366346 0.050234815306752889 1.2 2.8817279739867052 1.2786321664654727 -0.036960764097128292
1480 688 0.00039062500000000002 0.00069444444444444447 0.85774752275438793 -1.1100658669720325 -0.39234239017293104 -0.27527437760950324 -0.015675394079768007 -0.75459796668040591 1.7272226907741799 -1.7905708917157415 -0.010768168174143097 -0.49265261556192286 1.3457797917651795 -1.4989886107610766 0.055999098234597783 0.60376872477255272 -0.45855061810695386 -1.1541621325303133 1.2 -0.020639123201800873 0.57015030932414346 -2.0571512307683726
1854 704 0.00052083333333333333 0.00092592592592592596 0.054834110192064044 0.19865957303401105 -0.57783346612884579 -1.7888864536269158 0.029353292554080229 1.1993053655858033 -1.4670388951411151 1.6445985067407167 0.010952698199963112 -1.6500104464194463 -0.72540336331298905 -1.5086557088388544 0.080510304904898328 -1.5687322277665441 0.392608418258793 0.21793536717410111 1.2 -1.4973988977265522 0.21273249930933189 -1.6546471289799241
2243 283 0.00039062500000000002 0.00069444444444444447 0.14633839950461591 0.10390055441905321 0.11599028069643591 -1.438615219099769 -0.084024098696576621 1.4403659025101669 -0.18617105914535514 -1.3906125875315469 -0.022916525932754797 0.48767322111153089 0.35712251640511905 -1.919772649179829 -0.051000500583570578 -1.5458141690261278 -0.806538295410828 1.3248272921774125 1.2 -0.46890758538387928 -0.69915447326605396 -0.7908074022608782
1194 203 0.00078125000000000004 0.0013888888888888889 0.3040173006606412 -0.21345650952241302 0.92792208791725317 -0.6043861503692658 0.054754831104039198 -0.20141244972136629 1.7324175496192256 0.57989148510774813 0.046265336656648948 1.6514628474802371 0.040094498084120467 0.33419700441805311 -0.094344515047223257 -0.24461344440923671 1.7972732936741185 0.86569949031475657 1.2 -0.012139035928971332 2.7174281858982017 0.56159957358309731
136 647 0.00078125000000000004 0.0013888888888888889 0.74281496193302188 0.91096966464280582 -1.325126480791627 0.8194154958067541 -0.067953357575667755 -0.22949403716448113 -1.0069555359325477 -1.6966038860732433 -0.092364950904739271 -0.4262214741350081 -0.37358919421752113 1.4680775356703304 -0.0091388042201327735 0.72943569883515025 1.0714017963702016 0.15038653849265948 1.2 -0.091309590474942762 1.99976602343542 1.477674450010654
453 272 0.00052083333333333333 0.00092592592592592596 0.64265506699388453 0.48302293495553128 0.96872070825680234 0.042742585833593694 0.039438998812179021 -1.9879663732245723 -0.23280322117512942 0.99474089362410778 -0.021687901516896618 0.51202397712228409 -0.92017570643635516 -1.1111288450311458 0.089712005338951267 -1.1110681759209431 1.261287236743923 0.93974710535591788 1.2 -1.6488331928923685 0.035483794345165035 0.56756161876451117
455 242 0.00078125000000000004 0.0013888888888888889 0.11220005624303919 -1.6899042058280038 1.58904205617837 -0.13895806329937077 0.086555811272959499 -1.4324245234267967 -0.41841371038321773 1.5930534946540322 -0.0044433834298186481 1.5953418074418848 -0.25960718350801448 -1.1930738536714487 0.019750444726526067 -0.02330076337702236 -1.5198188474120125 -0.321034573709154 1.2 0.14911969739563671 -1.82308142065603 0.089398917268726633
235 522 0.00078125000000000004 0.0013888888888888889 0.3253956872205313 -1.5981749791825686 1.0325748905374459 0.17979159988003479 0.019005065793887096 1.4865382597400436 -0.23620603642841642 -0.44772960776078907 0.044986857494593468 -1.8323323824769404 1.1657722617155608 1.9877578778806599 0.059509849376011864 -1.7432964126537689 0.95200032672065804 -1.6773570675985319 1.2 -1.6852253277728715 0.66159091597597819 -0.7936365207658882
972 68 0.00078125000000000004 0.0013888888888888889 0.82874446714963867 -1.9783677190951123 -0.66510805093360892 1.4440672356440953 -0.027711779639152861 0.37817883105973538 -1.697732580472195 -1.6184005542560613 -0.091419288845761448 1.9399316804929034 -1.7837342599746391 1.6856684881317427 -0.010119420127594592 1.1747945232160601 -0.20422423200183148 -1.92803446726511 1.2 1.8681224175240818 -3.0844310537476565 -0.98918651745636332
711 290 0.00078125000000000004 0.0013888888888888889 0.22962255765913453 0.066723090039212618 -0.58037990078534252 -0.41773428970706972 0.057502471770076696 1.9474191001823478 -0.93853408489255985 -1.2457996543532315 -0.059489407773075348 -1.6990073605303722 1.7096783582665487 -1.1416120469612689 0.091225962811552957 0.1604822046897274 1.2628869126440661 0.81670957140726097 1.2 0.12646413724489847 1.1591860345845817 0.21991552019874538
817 508 0.00078125000000000004 0.0013888888888888889 0.26558297239670836 -0.55912109053045311 1.5932396987108501 -0.60024712828002658 -0.024536465285917311 1.5817955856479471 -0.72346984949408499 1.4740450450880731 -0.046079565543965306 -0.35509308325002076 -0.72218915612946555 -1.7891346070084388 0.047706526696070395 -0.70045704846648826 -1.4990282052536745 -1.0468398862365875 1.2 -1.30815469912935 -0.77601767439075442 -1.8749064341946771
570 206 0.00052083333333333333 0.00092592592592592596 0.55724196422351369 1.3908666715178977 -1.4322250759388067 1.995319049431219 -0.0040435327163803325 0.44897008276456241 1.0788776110467051 -0.3826482452967741 0.035555770132690789 -0.49003374760565199 -0.46481860624106419 -0.4050507246713595 -0.06695447625605741 -1.0663661953571872 -1.121504637842647 0.53019158043576997 1.2 -1.3710547434160554 -0.11221437884050484 -0.62497341778539861
1553 238 0.00039062500000000002 0.00069444444444444447 0.51287059195659834 0.85705819788722026 -1.7263541909041642 -1.2082638726250607 -0.046593981966952441 -0.74449371315236235 -1.4424968729786047 0.15941504875643364 0.088417470981366764 1.9929986271295945 -1.0640812738023779 0.086416729323378849 0.082779673380207641 1.7197070428096968 -1.7537045010053469 -0.03692568546257835 1.2 1.8791055352546426 -2.8127153249272463 -0.11161743969941654
1194 1161 0.00039062500000000002 0.00069444444444444447 0.91252967763380111 -0.89848815188477626 -1.5533938881076206 -1.0760295506516475 -0.039187957429754276 -0.82881491084798364 -1.6266123021216603 0.30757030009571062 0.036424817880607752 -1.0561881248382399 1.4797203010616413 1.6335318201359712 -0.069920679118964935 1.8555774365309468 1.2493761298086268 -1.8247498289171595 1.2 1.3076980077173805 3.3147613762976667 -0.40379548612938859
2507 1189 0.00039062500000000002 0.00069444444444444447 0.86800809112903177 0.092461828083760356 -0.55621380952499289 -0.74891691043309905 -0.077286526198616978 -0.60877735383775633 1.0729367367172529 -0.61215057201723555 -0.057647951723316049 1.3217327216504109 0.74977781776588159 1.0577228931838762 0.026652086619927184 -0.66144174364730901 -1.2625020107358749 0.95953487987845154 1.2 0.81869936059137094 -1.5546261929875467 1.3135081386991785
899 227 0.00052083333333333333 0.00092592592592592596 0.24366725290176128 -0.47215711848192221 0.049360906227218226 -0.74314260615619698 -0.094079636008194606 1.7195584538161204 0.99150944849890221 1.3931574104719457 -0.096125080843333821 1.052584760635308 -1.5671760653733164 -1.8694597282400278 0.0066925439844484347 1.5954867308894953 -1.0575853643432755 1.9160886084123834 1.2 2.497402860612429 -0.75418999064218839 2.0084707537182651
1088 265 0.00078125000000000004 0.0013888888888888889 0.064162917180867349 -1.8333150861465759 1.1942219415155924 0.95721853773951793 -0.0051930900785422673 -0.94304692836688986 1.2972895017139505 1.837939786490991 -0.088883724899538399 1.117419294960222 1.7145725641658451 -0.82965557083408958 0.0012036270491756484 1.122257979296521 1.3828449838405179 0.25304477537067749 1.2 -0.28842047240509577 2.2762510220760688 1.1534095095580366
1890 618 0.00052083333333333333 0.00092592592592592596 0.69738584578722773 -0.68340372407460492 -1.9372701826099226 -1.6622604996870076 0.088876015502747985 0.30425042694078819 -1.5776780979575808 -0.20885228765016928 0.057823372036129611 1.5818938514896002 1.8768746246114065 -1.4790875631060212 0.02404660857437238 0.53948647601914557 0.43155254716314717 1.4237076057438709 1.2 0.72308855590720589 0.0711208015623674 -0.91819130855862952
273 328 0.00078125000000000004 0.0013888888888888889 0.094275775699664541 -1.0787348592421182 0.015523323196904748 -0.76051346262355102 -0.02707858866027138 -0.41336661159938393 1.497655239760149 0.076199913732430957 -0.068383697554061554 1.2919632906584608 -1.5516666500550769 1.9757929655010509 -0.029874710067200203 -0.29075902795194608 1.6900808228260997 -1.8887626519073515 1.2 0.3419360299103153 1.3805770430473765 -1.0444236117409951
605 306 0.00078125000000000004 0.0013888888888888889 0.25084745875471393 -0.90426631726954954 -1.7221579746725086 -1.2014803152581819 -0.047668357260927489 -1.9192138963393077 -1.0461138893609387 -1.7733390512281972 -0.033342207035299429 -0.83074886936698444 -0.79337550500138132 1.9179461360082657 0.081496380488560477 0.075520143620276148 -0.55967657183595954 1.6927243581692091 1.2 -0.30322207592680478 -0.67428811446578751 1.6214877068344786
290 384 0.00078125000000000004 0.0013888888888888889 0.62326754901644255 -1.3363788424334406 -1.5379596920475955 1.4536477412297568 0.055787769489083622 0.34846074762173584 1.6983216407798261 1.1634526665447718 -0.093120215332933895 0.96037781013306223 -1.3357507142273368 -0.23170877135486689 0.095980848886203701 1.6567389346962704 0.42286597469598863 1.2094509850447155 1.2 2.3965361289630014 0.25461474999602168 0.15540020670129201
1397 376 0.00039062500000000002 0.00069444444444444447 0.18396362117493412 -0.082310015069872566 -0.063675642071008731 -0.84717116262182524 0.063280755535147559 0.067175961133250528 -0.55501553759739641 -0.85817988535973111 -0.01437360277254722 -0.35819745416915172 0.53606720886172177 0.12405562532340975 -0.058043320805742551 0.38575891374631466 0.54417872705987547 0.2709255217508213 1.2 0.28979547341128076 0.31319526910390999 -0.16279392552204139
42 355 0.00052083333333333333 0.00092592592592592596 0.97568873576254511 0.51328484306463062 -0.35767464872765053 0.29686870837944701 0.054061938446830882 -1.4437821411683487 -0.73641709263894839 1.1602346754333679 -0.039751328693597834 0.33149532842768092 -1.3794259332071888 1.1109668479756336 -0.091152990477435067 -0.15571194396285781 -0.02402592970003381 -1.2418713133135446 1.2 -0.78037793153927337 -1.2236275747198102 -0.043244875206749848
320 748 0.00039062500000000002 0.00069444444444444447 0.55375582641719079 0.17172456896313371 0.38642668774693645 1.0331923254726174 -0.063735898883463787 -0.35790593059809028 -0.44220956209025397 -1.700607735607667 0.037031685351046506 -0.79838077170935984 1.5825092112766646 1.8378985911632144 0.062106403115027103 0.035436815652966303 0.18713514520467012 0.39709733833569727 1.2 -0.40698775335696613 0.61785903444968393 0.55256330026711742
53 304 0.00078125000000000004 0.0013888888888888889 0.43312693578103723 1.0178676067011909 -0.67056478157295363 0.88021244996078751 0.054323828645839345 0.08398300723821972 1.5531542414923245 -0.61861185603172686 -0.015006206596038546 1.0407233461596781 -0.28092129789348697 -0.72169968705550902 0.0021015031727147082 0.47682063065045188 1.647679680477359 -0.15787285699797993 1.2 0.0067487756598415471 2.071666374725373 -1.1946771818641655
830 338 0.00039062500000000002 0.00069444444444444447 0.77483211533461593 1.7377197277895386 -0.44189306600133715 -1.8839296479145005 -0.045574028731792553 0.51493689776990514 0.065891249078465108 -0.42052534736023217 -0.088339187099144068 0.54533321371202126 0.42414180690187164 -1.2673395165001669 -0.018825406189761404 0.88275361865813151 -1.113135931974234 -0.85490558150230278 1.2 0.83829328219302668 -0.51480886471137843 -1.2109002279285455
810 410 0.00078125000000000004 0.0013888888888888889 0.04942988463280594 -0.8850104163563759 0.40974908596831972 -1.310872983779241 0.04505313824281873 -1.7832896525369928 -0.37132485382571856 -0.34733324641767016 -0.075848290316301636 0.59111975208366863 -1.3317657277653439 -1.8107596765701643 -0.057885201565283075 -0.075268675199684942 1.0267854973097239 1.1571574359627652 1.2 -0.025960471980374503 0.92000515344391787 0.62892451095508717
60 542 0.00078125000000000004 0.0013888888888888889 0.18749197822237595 0.23080351913499131 -0.63470257212328285 -0.61858783289901931 0.089637969716983346 0.51770608884681524 -1.0923388756718935 -0.9532222940784072 -0.015767781948366075 -1.2162730340108245 0.54484824088447059 0.45194664807879148 0.0029898276588420786 -1.7866461157963895 -0.47151061877268052 -0.22108340259414083 1.2 -2.2052014685835495 0.67332760545651016 0.80450953646657941
1362 456 0.00052083333333333333 0.00092592592592592596 0.75872258451689334 0.36658097591636274 1.9344023211638453 -0.60678006298968423 -0.018777027260535054 1.9980440274313187 -1.0513974272787374 0.29774865465115052 0.0068893276997309683 -1.4099122704696265 -0.14728088182713206 0.23760203919486234 -0.023931506527405874 -1.6494002241314534 0.45386766020929459 -1.7164608911545725 1.2 -1.9203500216921814 0.84302458077493192 -1.4846799376866884
1813 712 0.00052083333333333333 0.00092592592592592596 0.57381869480755732 -0.34103975302064438 0.65342563510586427 -1.750174241615194 -0.013227372502050166 1.0652181767034934 0.35435878305930713 0.28193214482589468 -0.030374160441392878 -0.98079636128369208 -1.9171397725581074 0.41640348895309121 -0.045358609984217146 -0.0081653160245598322 -1.4027361673349286 1.9589762324633031 1.2 -1.0362935881702691 -1.7365491893720322 0.47088761919225264
565 23 0.00078125000000000004 0.0013888888888888889 0.24983072340300358 1.6385675855777015 0.46832137565972021 -0.45464142970807186 -0.0082193746697628856 1.8048617849471538 0.45508166590173893 -1.0615893100254699 -0.002042351168185963 0.39578603529450795 -0.84757710900319738 0.26365680506928824 0.062481937799703874 0.012756428270958686 -1.6718453375588105 -1.5570391726855841 1.2 1.3237810938928456 -1.2454017083683921 -2.0010062841974161
107 694 0.00039062500000000002 0.00069444444444444447 0.34344043474834945 -0.3801491798503589 1.241291575685413 -0.83907910889403103 0.084573978908956821 1.9008841086288459 0.4078411712431036 -1.5313765264164809 0.076271458857431584 -1.1331642803510942 -1.5708143159729202 0.4888109019301945 -0.021889143575050521 1.7285335987928243 0.82844869075026439 -0.26462942394870526 1.2 1.5700858773016158 -0.74583625626349215 0.55257616262287579
547 789 0.00039062500000000002 0.00069444444444444447 0.16806697104824989 1.6838771824942746 -0.99863807075037458 -0.17632816271927387 -0.053913303917228997 -0.47186653598340333 0.694452989438886 -0.061932736028894819 -0.027714297465329926 -1.7737112735132086 0.29852328609363576 1.4204038192140302 -0.05936992820984073 1.9399339976967149 0.058173347239138806 1.8787639109904699 1.2 0.59152060071095003 0.50083575227468313 1.8179657608374644
1092 274 0.00039062500000000002 0.00069444444444444447 0.70780156721545784 -0.73180716631523834 -1.4624577295944712 -0.66141790286664248 0.040470405179197588 1.9840479287116017 1.6138295654875057 1.5126784642312257 0.065596648264655999 0.26424138077129111 -0.02906341166804971 -0.47675979136670854 0.047246534398908385 0.27762151343713493 1.3019074250160507 -1.3538069084393403 1.2 1.4190354004760963 1.9668156639644223 -0.51920244842113739
1014 152 0.00078125000000000004 0.0013888888888888889 0.73229667615038696 -1.0949003239569812 -1.8599299467303574 1.4394463200949836 0.0025176744444182775 0.85744181129950325 0.55950583339825588 0.73399945647384657 0.058010907299343134 0.31868650644838326 0.97351573421502557 1.4654529005385046 -0.016298427358921869 -1.5326799663299639 -1.0199422357594425 0.52693970774312682 1.2 -1.1821786860748142 -0.87728430252507916 2.3430214248789665
1559 524 0.00052083333333333333 0.00092592592592592596 0.52837309320417813 1.295938206088926 1.685417919501552 1.4393507990335657 -0.011979969616634639 0.58833829552577122 -1.7101173232019127 -1.9314419701719872 0.018130133549380451 -0.33673564527677113 1.5208740401884677 1.2271206040660134 -0.001573777210368138 0.30775493031153234 0.41454176257885855 -0.88026899820808824 1.2 0.80187943751261781 1.8633938628332958 0.51292539221942213
1019 335 0.00078125000000000004 0.0013888888888888889 0.11260471471301686 1.0834141035638276 0.64229142023066021 -0.090989078941286827 -0.094881069260141906 1.0294364831013958 -0.57509686483055322 -0.82606812639212412 -0.08987124895473915 1.0142699909301642 -1.7870856762564729 -1.4340999694015277 -0.057139457603210222 -1.505023837477653 0.17605878413115272 0.47772848378887467 1.2 -0.59965507725273304 0.27983384964810776 0.18217117354639323
2464 232 0.00039062500000000002 0.00069444444444444447 0.59585188342194595 -1.9882387675908166 -0.080760402338616366 -0.023190353656108442 0.024759547740003773 -1.339582465646771 0.25662426228014734 1.6147175737047497 -0.036062886579595485 1.4034650733474132 -1.0769013888116445 1.733679035933521 0.047421540047739741 1.7916334599005319 -1.3409852130783717 0.91176927445032341 1.2 -0.097017015362979839 -1.5354689047190584 2.459035036744027
958 261 0.00039062500000000002 0.00069444444444444447 0.029822034919607741 0.11651376874029307 0.080148060992018877 -1.3100388585839413 -0.094312186380446861 1.2712610234414248 -1.288515952217546 1.9982101386678974 0.038098926330971505 1.2515382341731218 -0.33140300688708724 1.4095355071299887 0.092158616275604371 1.2642693386450414 -1.2177687325232975 1.9010229506843674 1.2 1.6645688783676333 -1.6537293709957497 2.8340757624911581
1086 837 0.00039062500000000002 0.00069444444444444447 0.60658711864230952 -1.9755663998953157 1.0939359711871948 -1.7488261480733516 0.052295441710906249 0.36414871905757895 1.594751973085144 1.8357799307729112 -0.089551396659811669 1.5218308137154368 -0.45895222658152557 0.36911565145995429 0.030579817297083062 1.222496200086721 -0.20188157552196406 0.18599321798738355 1.2 1.946399999597396 -0.73935700747814748 0.30579539589828719
149 419 0.00078125000000000004 0.0013888888888888889 0.43776946848344545 1.1325518292865397 0.19638844054559845 1.8660703340435285 0.03059077313766953 -0.60009046317561454 -1.6424459628393717 0.53106907010149573 -0.081032107830547331 0.28755877739959157 0.16523096149463834 0.2620645397396153 0.031216016530496576 0.89270606616910886 -0.623001747084035 1.1003785678133293 1.2 0.20752291801717498 -0.35702679461402165 -0.25160860983096933
375 428 0.00078125000000000004 0.0013888888888888889 0.041981067469745018 -0.38080457113593003 0.88405729105420994 -1.9921868533339242 -0.03484112135360129 -1.5703289243968883 0.10903479751996237 -1.9365766496082344 0.099341443169550597 -0.35903954200259669 -1.1709527396388073 1.9597140411437444 0.0398116003638814 0.57966786915936463 0.883313940700444 0.091907041285631319 1.2 0.85265648050434761 0.374253969364224 1.1410251943247491
856 353 0.00052083333333333333 0.00092592592592592596 0.3330900527271376 0.6936203162085457 0.72073454710372964 1.4568859393168925 0.060504716934996455 -1.3539826225864631 1.4658328338347748 0.15867456917428857 0.097015039220770483 -1.6547801428863331 1.1485394387344683 -1.3235523430544944 -0.039942219617555376 1.5361891293992245 0.47575905462562762 0.81681926217475942 1.2 0.36466977704665143 1.0603113155742101 0.22550296430439595
399 1300 0.00039062500000000002 0.00069444444444444447 0.76100489440952568 -0.8704847509737017 -0.029930966343282961 1.662983098123862 0.066104931845114762 0.85714531453256892 0.29940232583993076 1.8631018333904077 0.043733590526334826 0.28805279792670069 -1.7645253760737027 0.92661348896974882 0.026363974473195273 1.6174995489469901 0.72242126467536893 -1.016630960526697 1.2 1.5311052234987681 -0.73832438249202426 -2.5958677846748244
109 533 0.00078125000000000004 0.0013888888888888889 0.11186464649194973 -1.3499139249353869 -0.74094589904101049 1.0739734776678747 0.071790111493294867 -1.4540600250553983 -0.39223581899918791 -0.84925702597214769 0.00039544172171283865 1.7764141905862827 1.6058991415979538 1.8247930911954984 -0.057375960864788272 1.3914990624173553 -1.231781309962519 -1.1717640604811672 1.2 3.0073145343569303 -0.21953520149086764 -1.2775231835463017
1094 701 0.00039062500000000002 0.00069444444444444447 0.19594939019193053 0.31218534068037762 0.45528024541425749 0.8660872633598875 0.030819970985507206 -0.60392497392312849 1.7438208205393204 -0.64863747145667006 -0.060712461792102705 -0.69910500517874086 -0.23198524597204173 0.89242798552522062 0.0035014508759754204 -1.0057290115178996 -0.61711709049376529 -1.3190124082874441 1.2 -1.0073816558516429 -0.57233708342723666 -1.0767276373775299
495 240 0.00078125000000000004 0.0013888888888888889 0.57127187179481853 -0.15553770949832924 -0.62768207679056731 -1.4144674175121543 -0.01805016624652464 -1.5995970118126603 1.1104523928757204 1.6745101985631416 -0.0025187701649960897 -1.9790086437360164 1.6095692556539962 0.47915950391030648 0.030933526486741303 1.3885115827000241 1.3238599895217975 -1.0096779212277704 1.2 -0.19485472814121518 2.2554383893016774 0.11405993807826158
884 1052 0.00039062500000000002 0.00069444444444444447 0.88574580015833526 -0.78726371931601324 -1.1411970178772148 -0.012319536714489931 -0.067053560616832167 1.7044354478861727 -1.8759682304510981 -0.82061238481258858 -0.042584532961259351 -1.2293483121797828 -1.9428943148679978 1.0183895935467779 -0.05489853172100672 -0.38175699195252344 1.1243033361081722 0.82456057560361762 1.2 -1.6903703965452761 0.52220113945277069 1.7699604693938327
151 576 0.00078125000000000004 0.0013888888888888889 0.91759018177580887 0.57635440817446115 -1.2946895926689366 1.6639775455566364 -0.079753138121903905 0.47407776861905893 -1.4605855778783057 -1.5319202179570763 0.055346709093704066 -1.5327042043454995 -0.10495665023269574 -0.43268273683654312 -0.083017027601046067 -1.7637090286889632 -1.0235301418060589 0.89205726318720835 1.2 -3.3829104298847148 0.6485548847000977 0.12699934471764787
430 78 0.00078125000000000004 0.0013888888888888889 0.84491824037595931 0.049310790594116582 -0.46286240469602102 1.5117027260330036 -0.0933240825062919 0.83055743288364159 0.50470037559786984 -0.68597418945245225 -0.058999297749469659 1.2384781236714528 -1.0634076545541098 -0.52567176718471309 -0.021461803043464678 0.31390824001539341 1.7857680779140366 -1.8387872713054727 1.2 1.7093894885301424 1.2290672795909126 -2.8416615785252763
77 525 0.00078125000000000004 0.0013888888888888889 0.81539098440861846 1.2632248337957366 0.72699917051618268 1.9137714847669143 -0.099169692055535302 -1.4403483410688067 1.7569297606931267 1.6520020534319468 -0.09299589419750072 1.2843298968820971 1.3180262292683564 -0.83899156152534138 -0.046999038375148051 0.089908628796836698 0.99037858450488114 -1.7219558903335415 1.2 0.53348453713713628 0.47880616724520358 -3.7531629687265635
391 511 0.00078125000000000004 0.0013888888888888889 0.99009485787093698 -1.1489838178708038 0.29845994966187339 -0.13016462309814969 -0.051784066498964637 -1.138591060147752 1.3015015775861452 -1.1007182099521495 -0.085174843273822298 -1.9201834047378235 0.17503598065525106 -0.047187468705404356 0.0029395035472852687 0.58475091347977814 -1.74475090993446 0.24689252722322763 1.2 -0.3106988591434342 -1.7754536050284575 0.5671249825010295
89 382 0.00052083333333333333 0.00092592592592592596 0.55887324195638599 0.87462038923342789 -1.7052443285296257 1.9453308429223033 -0.090021180704769346 1.2105608408138924 -0.38852506197473069 0.47302952643154228 0.0022744409502816892 1.1880130921814303 -0.95931483117732119 -0.39620805877730314 0.074023045873584103 1.6124871955885136 1.9067368612167908 1.7445456122580172 1.2 1.3873909352468901 2.1180245620011644 -0.07772893412818016
1949 744 0.00039062500000000002 0.00069444444444444447 0.8208689217227475 0.70442141329442487 -0.42973303965711507 -1.2112853661004128 0.080222973430282396 -0.51878882148079697 -0.36640662505295074 1.626349611831206 -0.031615812925844991 -0.7854762285118766 -0.055355221520042353 -0.22820110481011113 0.063769213800996677 1.7712575598636384 0.32862657818484919 1.4754080485415244 1.2 1.167673140192889 0.054721045510258103 0.46255436607155831
2011 605 0.00039062500000000002 0.00069444444444444447 0.59655323601530019 1.2189597780331738 1.1920548266630635 1.8480479487141737 0.0048545533668840068 -0.98787722075191464 1.560686105192036 1.4396876441120803 0.023618093361543052 -0.21448281003237657 0.7152344121104468 -0.58383458525364107 -0.011657384071492929 -1.207016989882669 0.79567813165733625 0.758034211238237 1.2 -0.66311002141528363 1.7937894005187527 1.4128547722184406
1951 786 0.00039062500000000002 0.00069444444444444447 0.82770683546765322 -0.057768132867986655 -0.94300032054190597 -1.7566076945948059 -0.020275718595628087 -0.63370221400591209 0.26665463096984032 0.10811512276578217 -0.096736676081128958 -1.838999432632682 -1.7460244477901776 -0.65201573622609921 -0.0002985974651384532 -1.8469878792148742 0.2895190975521178 -1.8130195286793169 1.2 -2.7886269566996922 -1.3981149265842281 -2.7412995486430503
773 152 0.00078125000000000004 0.0013888888888888889 0.61434427662416013 0.74946125680919673 -1.7530329165898437 0.08152071639175773 -0.0064610893831151817 0.28629753620309417 -1.7926813598346953 -1.906672958871062 0.04845309911181192 1.1506489730641207 1.2866029044593841 0.12358085301323651 -0.088467410928843526 -0.87303581572077249 1.4073500369797793 -1.7863334414769114 1.2 0.13240606680749256 0.68144767333264178 -2.3821188072061226
233 335 0.00052083333333333333 0.00092592592592592596 0.3353685783640375 0.30280996328021592 -0.94547196336834505 0.72465261880964249 0.083711284922309198 0.47112418158880986 0.54255662755793477 -1.2736625818536522 -0.014942035719294672 -1.3788533737532997 0.44572631764179116 -1.1732246742001111 -0.062404609839840003 -0.2969436636367826 -0.15674123050498157 -0.079659061783623031 1.2 -0.72978680776972371 0.82312041486269172 -1.3547510451090747
73 553 0.00052083333333333333 0.00092592592592592596 0.79602213859544757 1.1187595433158917 -0.23781532664260885 0.19380551830520432 0.021312038385961074 1.7693029366565387 1.3065184513657129 -1.3647171140366625 -0.064449389004059693 1.1192220052938011 1.0756941156678281 -0.74158957284268778 0.065653613156013618 1.326489794704671 1.0768206864868848 1.3600250750918206 1.2 0.92374413287998525 1.7177558808945028 0.50628563751129996
572 676 0.00078125000000000004 0.0013888888888888889 0.74638324142087864 1.1153476693368427 -0.51626796025413135 1.9947615764892785 -0.069982443910759681 0.47595917116500397 0.67054373607768802 -1.9549302261905872 -0.015585513131226511 1.6240335827149273 1.8161431033884865 -1.8008418305503082 -0.0030401861782996392 0.097101191445996715 -0.53435596179925504 -1.0067221114662877 1.2 0.63436326424150535 0.23474724677227501 -0.69125866464486729
1061 335 0.00052083333333333333 0.00092592592592592596 0.77050662567579509 -1.0303107374857277 1.2992511519453522 1.217069056773874 -0.078079499773377137 1.9459171003521885 0.53318784069060499 -0.41331686377316323 0.028825356511806788 1.76146143354896 1.8032472507985116 0.13019440491026701 -0.078611254647278875 0.22104670971178608 1.2402992391704339 1.579210757965257 1.2 1.9317703278889951 2.5996207436873924 1.4461914226635633
234 791 0.00039062500000000002 0.00069444444444444447 0.95763665505560469 -1.2417348708132043 1.6897048947719773 -0.74170875058367391 0.03626512950664007 1.7663354576470787 1.7156520230903674 1.3008172523638697 -0.0542076001015043 1.9612996102423788 -0.86595744009922004 -1.6639187311708792 -0.093296461458335034 -0.60563344267962682 -0.61010602140665693 -1.8442063497395966 1.2 1.9434671185399341 -2.7520703108462317 -2.7254606991366535
374 415 0.00078125000000000004 0.0013888888888888889 0.58235375593260919 0.1002779908012994 -1.9579303500883034 -1.8365148497388124 -0.015905504370655271 -0.10530119455798248 -0.3198427757135538 1.880601705553365 -0.038335663959257894 -1.9936601905930993 0.9827931494649107 -1.7564587182780618 0.01451894975238624 1.2585096158069957 -1.1878539915512873 1.1053598436469505 1.2 0.059074943261501284 0.20149950791283192 0.45408409192239885
600 1147 0.00039062500000000002 0.00069444444444444447 0.06725034227688545 -1.8577500743966713 0.0037848295070821436 0.98288444669418462 0.057600512849693114 -1.8523383113664327 -1.4694732011607825 -1.191211453035903 0.053978505787699943 -0.25058231618306248 0.21356248480741158 1.6455216520075697 0.047405401170845046 -0.27528004656669403 -1.4179095647790634 -1.1003096801237069 1.2 1.5728215137869042 -0.46736398862886969 -0.70503879010301451
1026 128 0.00039062500000000002 0.00069444444444444447 0.41843779251304075 1.2121030103050918 -0.21200048954229223 -1.323406646719596 -0.026995823466236857 -0.45174280443939985 0.28842508074512985 -1.9459651398766282 0.013719688920642709 0.24201530530733484 -1.6252931864643831 1.9396212404785249 -0.023434562134703157 0.68353176875703703 0.51700195210337929 -0.98921854166609435 1.2 0.14387302693353815 0.0959993303490803 -1.2546908983959877
335 92 0.00039062500000000002 0.00069444444444444447 0.99777862143274054 -1.7896659903771561 -1.2369591361376537 -0.016813729422517021 -0.073348123379826644 -0.93781544753017965 0.84123349788031865 -1.581641904548849 0.078893813032580945 -0.69619631477118027 -1.9732629226182676 -0.12628818774636796 -0.067059729915448146 -1.7631973862276618 0.13519833106901524 -0.36412897315224457 1.2 -1.5562483265282347 -0.14951175192379718 -1.47788114224611
296 83 0.00078125000000000004 0.0013888888888888889 0.12154588930334237 -0.6383277826377074 -1.7143106559007988 1.07609606874149 -0.009418596163304177 -0.4729676201453783 0.51299197901842897 -0.0099764826483315083 0.082420162527355706 -0.062592766347006279 0.97603607749733623 -1.0128387776101362 0.059085255749003474 1.5603851765375358 -0.61868051486474007 -0.028157664497618029 1.2 1.2011496303202438 0.63820945526495509 -0.57739271296992922
1473 1154 0.00039062500000000002 0.00069444444444444447 0.38934608456097458 -0.83629544319697358 -0.86733004472617115 1.7686936167329503 -0.037109094687400798 -0.75642932121628093 -0.18548860575801429 1.532464855557182 0.096706084467170245 1.4995573712069943 1.0133841140392978 -0.46173318186247991 0.053915803510118931 -0.44559034705581579 1.0694499637790353 -0.13023547737548746 1.2 0.40475974210065696 1.2487469025482549 -0.83613985478512787
758 225 0.00078125000000000004 0.0013888888888888889 0.73607909762182577 -0.80355579905095853 0.44410828177759543 -1.6446674125083112 0.031353263411879162 0.66328760989779223 1.3914825840938128 -1.7459684985253916 0.041761509569884392 0.22192918142372875 -1.8969664318306254 0.52578745409208683 -0.033142031552980608 -1.5115334014268531 0.23310513626255291 -0.12530523303402319 1.2 -1.043554315737101 -0.46875813721062298 -0.58071044928305748
1789 1142 0.00039062500000000002 0.00069444444444444447 0.56262910598847915 -0.53704610291180366 -0.54973904385088446 1.5001521088699459 0.082631645571713763 -1.2792826033738085 0.53558121636916534 0.64395866451515715 -0.036778188489595395 -0.98913156888212139 0.18558762645170557 1.5479440937521738 -0.027780840899514866 1.5510353546653257 1.7391366666006793 0.78356776683890139 1.2 1.2361875150826793 1.0578016295957944 1.5124911748540695
765 688 0.00078125000000000004 0.0013888888888888889 0.18611340965132153 1.5225723647930596 -1.0355877590654776 1.0551600775516028 0.035194356753423528 -0.80477948745578143 1.480235457881466 -1.2512980407449685 -0.095289477108328607 -0.68650584876897369 -1.9659964707376356 -0.27694397763390333 0.082293632379608572 1.2083490747216241 -0.80262277764657108 -1.2511151599920316 1.2 1.6143900091873018 -2.0794169796985904 0.035183854067119692
753 599 0.00078125000000000004 0.0013888888888888889 0.079462815661968583 0.23575112602518011 -0.41686544632691946 1.8591011018346602 0.073209625130260303 0.23329789790022337 -1.849529475235955 1.1607883900360423 0.068801013306584918 0.67174103364183502 1.5417109539233325 0.98591717927310274 -0.059282470825468871 -1.5441378480132739 -0.58520046998261366 1.7693973801636811 1.2 -1.3799202770543371 0.59684315190397985 1.2087685941130308
248 107 0.00078125000000000004 0.0013888888888888889 0.34456020349449468 1.2882661575837919 1.0015703705355667 -0.53944917443515772 0.0072728596910078547 -1.9765365468038985 -1.6986542981976029 -1.563495945203401 -0.021124603627463004 -1.0687760033004556 -0.99341669621122497 1.8183465981856828 -0.070241608949889206 -1.7070730935062568 1.6513280734454452 1.2811605089587714 1.2 -3.6745269446730329 -0.42805594538285541 0.98662453275772166
1112 490 0.00039062500000000002 0.00069444444444444447 0.82419419296429663 -1.3164908255480867 -1.9211679367265337 -1.1076267562822859 -0.023276246303903347 0.03271982458273115 1.5919299561825664 -1.5743642775819819 -0.01344380714400803 -0.35568292732458673 0.013791365148848822 0.89733311408223804 0.012846842281276263 0.68668223114838911 1.9111017920650544 -0.29055961785717299 1.2 0.47648366296765948 2.21714250950262 0.076183017423103169
187 48 0.00078125000000000004 0.0013888888888888889 0.31914010994732811 -1.4961796541898695 -1.7248990117971088 0.65898439911913576 -0.091967211093235052 0.61527498207877418 -0.68224757426470406 -0.17956234757921186 -0.011791557413145276 -0.92011139923202689 1.0556703052863718 -0.41884631345599743 0.08875622810617198 1.9451252717426053 -0.095718220648949082 -1.2645531159736669 1.2 2.5263760854811523 0.67834220751611229 -1.5738793793029764
900 491 0.00078125000000000004 0.0013888888888888889 0.54497699298775393 1.1470993434406695 1.7072427673901918 0.22076111955470656 0.087680912835437413 1.5152951842934219 0.1593238064123601 0.51867759539954861 -0.099591039884900354 -1.640770911174068 0.47083106504830585 0.6699962086593394 0.087949723231101951 1.8721509754856589 -1.6491844296482183 0.37103342443044651 1.2 0.6752815591753053 -0.57264383048976253 0.48224413615329348
815 8 0.00078125000000000004 0.0013888888888888889 0.24536783677007035 0.74912869578495567 -0.43969980864642322 1.6648667580317564 -0.016050755049313789 -0.39342819532866891 -1.4653247350973451 -0.28869866079864659 -0.099861030270958412 -1.4797294446132554 -0.43173423454538362 1.9379409606430138 0.088892286587864994 0.26561084915626498 -0.92458031542280184 -0.068325685867369756 1.2 -0.24661067762456837 -2.3053837933525676 0.51954168811864532
753 436 0.00052083333333333333 0.00092592592592592596 0.61297595694023821 -0.82131614562901945 -0.54045926448883153 1.4708485631942398 -0.093007206106197754 -0.35521787013846096 -1.160939369610166 1.8657003073361449 0.010717524278502852 -1.7036159939018787 -0.87610985597642888 -0.47521981662108548 -0.010152059417223816 0.034114601948183054 -1.9795662703371493 -1.5464111097247888 1.2 -0.74152670142535471 -2.157244673297682 -1.4775844503982352
1641 1378 0.00039062500000000002 0.00069444444444444447 0.89120483822621388 -0.84974907703002289 -1.939814984024764 -1.4548407835568749 0.040794904930050419 -0.18106095193459915 1.8518082278103467 0.084064609275615876 -0.06673881658637093 -1.0392220528709761 -1.6409950749458599 0.29895670712420852 -0.017474722705618492 0.98095742764426674 -1.2075474090577725 0.80490367216052983 1.2 -0.015588631954851153 -3.9073539295734467 0.46426322303243189
1686 696 0.00052083333333333333 0.00092592592592592596 0.23951647981142288 0.37964628474157758 -0.86815350021464921 1.7224987595462884 0.049941569218123372 1.0745899090296716 0.73106341445620826 0.12005706920461368 -0.041545529264913311 0.3067397014582891 0.79061445929595076 -0.54921672517334352 -0.022563811954446164 -0.36473690991855401 -1.2121391795925263 -0.9276053763180081 1.2 -0.25344489295513156 -1.520085173687453 0.16842297222510505
1238 480 0.00078125000000000004 0.0013888888888888889 0.37680423792452294 -0.33885113513070886 -0.13629800388723767 -0.39785429944781914 0.096568189574779445 1.05386661162518 0.23065299918736981 -0.57556014647890752 -0.060740945423231232 -1.6818611175376272 1.5087075376744874 -0.27111292946161569 0.071342659782823448 1.7985525149669468 0.49624916836212796 -1.6851490781798089 1.2 0.37022909696456696 0.64303487620363597 -1.470414557871099
733 686 0.00039062500000000002 0.00069444444444444447 0.20662773633358178 -0.79416474014762262 -1.237277095438285 1.0573451658572868 0.088342254200612064 1.6256926866433576 -0.62306390288764479 -0.11241527329610612 0.033089040964210503 1.8992963771678637 0.47706303213875012 0.61366087588608931 -0.0049524430302198413 -1.1437595779235492 -0.69424225808689011 1.0629423396574622 1.2 -0.28947522274368664 -0.082901965521403873 0.6304399273470952
1391 979 0.00039062500000000002 0.00069444444444444447 0.11259857575155367 0.25995817027405677 -1.1972174242165452 -1.2861131942961554 -0.086602089407706737 -1.2222114917040408 1.7050538848538173 1.6279319882052294 -0.086560887584514357 -0.30581791269870617 -1.6644299743327977 -0.88776664664175264 0.092357153863793395 0.16742275532382678 1.7561692198277172 0.23769081473382103 1.2 0.48307331870887571 0.68873686063295092 -0.45462925265815829
258 666 0.00039062500000000002 0.00069444444444444447 0.24907566196344047 0.58283646259405186 -1.7405360813799016 -0.36528734442547028 -0.099311290217605638 -1.0885988706232239 1.6412631574330376 1.3844720127201828 -0.040508863797855101 0.06816976610902703 0.84270120800648929 0.49611423438913382 -0.02936608064845618 1.869576706976912 -1.5052618012820407 1.7094953245284956 1.2 1.0564299708818012 0.16992174501511842 1.7553801561064408
666 421 0.00078125000000000004 0.0013888888888888889 0.83404073852061622 -0.33519184407226632 0.5585114641287765 -1.8344761618587944 -0.092165739722586751 1.7482364483172188 -0.80669976711806157 -0.61943740432362127 -0.076174298348259756 -0.90251957163728802 0.75551827012502093 -1.5319863619386553 0.05004459654141144 -0.8513203201151569 1.754106851259559 1.5751520058156623 1.2 -1.5321282209485578 2.0346178632423984 0.26162387197532522
114 633 0.00078125000000000004 0.0013888888888888889 0.17440703082292758 -1.4828164900189056 1.2390132613327385 -0.27700943081475682 0.023580085673922266 -0.46856270420857893 -0.10855303183526699 -0.47505934775943581 -0.058777986758428317 1.839683667529207 1.0889759860875774 1.5250056989671301 0.083402621272210126 -1.3761410036648689 1.4916781750344064 1.1139879615138484 1.2 0.41797476192353139 0.60227743816442181 1.587563193880563
1239 208 0.00052083333333333333 0.00092592592592592596 0.020318177170480803 -0.60472264170484946 0.56480114834203876 0.86402281048281449 0.064131539816425942 0.037091106756811598 1.3596261715587299 1.9469683345249749 0.016474579665696099 0.34190086420932486 1.8229934569451993 -0.10478656939678777 0.07078806221823683 -0.39338061745825925 -1.5759283982327807 0.69592251520572601 1.2 -0.43872230096332859 -0.43877360803593324 1.739986557686898
677 402 0.00078125000000000004 0.0013888888888888889 0.77369071859633209 -0.58054127027159241 -0.63668053792708568 1.3452234201704458 -0.067089081771270653 -1.5795594984818266 0.75220048805809103 1.921238931281525 -0.024514441877082099 0.30229897562514418 -1.1109503840478108 1.2144886547869094 -0.060757656096559476 -0.90971719465388245 -0.18762063515514171 1.9314203364328497 1.2 -0.45433320162724411 -1.0184939032886264 2.3638654930740284
272 996 0.00052083333333333333 0.00092592592592592596 0.40308173563962452 -0.059498010775169252 -1.1059589146066795 -0.93120752545313668 0.013605115723391487 0.65840219684187584 -1.840342907230148 -1.5767720991470524 -0.058621159291868709 1.0710010054188701 0.71656250991312698 0.13766827092153422 -0.074072241117438764 1.4478962114901077 1.228837442362035 1.7857839342084447 1.2 1.1286464133523921 3.1947189581244699 3.1745879533105343
664 1337 0.00039062500000000002 0.00069444444444444447 0.30605447738032854 1.0161904639604344 1.1742193164405355 -1.5663727635325473 -0.081871611919143827 1.5671380850619578 1.1652615871405612 -0.65487079034100715 0.0051682037429168215 1.8458773085715081 0.058015039106988464 1.6753325697750467 0.060694076688437348 -1.263685757475824 0.12908485798277214 -0.88422682802568398 1.2 -2.0194701553003283 -1.130557528712081 0.75257668937282052
844 9 0.00078125000000000004 0.0013888888888888889 0.65401539485574389 0.59527889500545461 -1.3823167856778324 1.2786159929206136 -0.038234565658538777 -1.7373284160161715 -1.0335063405954608 -0.39163326992768743 0.021142546280821767 1.9825829243200279 0.80004118943978364 -0.0077879697284575222 -0.022478813777426068 0.26018115137770259 1.7982174150954577 -1.7045494479111714 1.2 0.046536355985142136 0.73180438281480686 -1.4094257957381526
447 633 0.00078125000000000004 0.0013888888888888889 0.83107122770005437 1.3311063015959368 1.6213307707724769 -1.8317011621098169 -0.043307791752857955 1.6767779441913344 -1.0775353868202617 0.41286756154150472 -0.02948501278959359 1.7111050600170787 1.5737944076287498 -1.8683207495795928 0.068982367152138985 1.9466278290836265 -1.3252875691021067 -0.56025436294972542 1.2 1.3107043580964197 0.24258978497300557 -1.4509199673657538
1483 702 0.00052083333333333333 0.00092592592592592596 0.84480826793658814 1.9995619914188212 -0.023442019294416472 -1.3242506550219488 0.03130920873104695 -0.27825100742676812 0.8262925970452768 1.8082571630967252 0.042683417515735622 0.84894703718787845 -1.1258914803168341 0.49088734894525921 -0.063736809934661354 1.1099922447918846 1.6940855968468416 1.5191172136634408 1.2 2.6089640067313975 0.41854488357577496 0.58027699680340217
443 978 0.00039062500000000002 0.00069444444444444447 0.7883915800246758 1.8354457734236087 1.3223782983630397 -1.5126388284094645 0.010052851859275888 -1.9333687251921594 0.6324837898459208 0.94297312217146301 -0.00069848096860052056 -0.34011061107369578 1.5365246810972422 -0.65535909304049955 -0.054652275281174889 -0.31856097851257026 -0.20205684389708622 -0.36723867593893766 1.2 -0.9491280457014265 -0.071222233881228392 -0.20331999481408786
823 507 0.00039062500000000002 0.00069444444444444447 0.7524660795312057 -0.17194507362990619 -1.6874236433811518 1.3443385058977868 -0.064260138706890804 1.5899558456239715 1.9414826689758029 -0.96457115664597914 -0.017887736489721889 -1.5657302640596136 -1.3330832016497833 -0.54263940834578639 0.06581968404500127 -0.37778220635571014 0.88005509139970028 -1.4245407436581825 1.2 -0.8091766454326067 0.83001476180961942 -2.0494455529655933
944 675 0.00078125000000000004 0.0013888888888888889 0.50974685566918054 0.95444175901767681 -1.0330288802208223 1.3643980599249552 -0.047220745533158914 -1.0695459040757687 0.89569167209911349 0.84725643869100731 0.02327247090594331 0.81425709530315116 1.6113748740788538 1.8115099929429865 -0.046959279027225187 -0.87500016248381352 1.5933872983017796 0.95240230247517887 1.2 0.82201582016875085 1.0045097041534723 1.5729283761030617
609 1346 0.00039062500000000002 0.00069444444444444447 0.5469856064008275 0.84942099443186292 1.5319137996536552 -0.24645303468666668 -0.029157690214957052 0.28098187821011855 -0.27612176073593364 -0.51963244596736491 -0.096400061357699809 -0.34196891650959849 0.94688516657694555 0.1938184393913942 0.032092835683403903 -0.24040537975645471 1.4872925614771773 -0.64522222342933455 1.2 -0.84825196685702164 1.0959364986309517 0.031931954041977371
542 195 0.00078125000000000004 0.0013888888888888889 0.52156216624776064 -0.45801185829218261 1.2065601789130831 1.6619245434234013 0.0068874040995203778 -1.3381225391511395 1.2953772765301332 0.91352099278624532 -0.047285923774884032 1.3653058938861675 -1.4171583567647277 -0.68572396939679914 0.00015544617491614066 -0.78727681639304814 0.53632264812262553 0.94796635293820808 1.2 -0.52390381329279323 0.17435509813931596 0.64085894157343315
2242 1277 0.00039062500000000002 0.00069444444444444447 0.095982648237375276 1.7240161755301036 -0.49255119558019356 1.4342351508636151 0.048195731626168248 1.6676394316454259 1.13949082929516 1.4025211126581461 0.075188609046317162 1.8196702139168304 -1.1890940906894101 -0.40072441532620973 0.046069610423218887 -1.8359641077668862 1.6981981115811764 -0.87394939121102988 1.2 -1.40065040587726 0.28024689676313763 -0.77797712117405582
703 322 0.00039062500000000002 0.00069444444444444447 0.30684839263058999 1.4737423024789069 -1.6219338789408262 -1.2195434938395726 0.0051016412420377411 -1.4470680488864653 -1.0565380859671816 -1.6091407931732422 -0.095809373591923347 1.2875678037372174 0.24201034814138067 -1.6331155502989247 0.026511969763473947 1.9924769334072825 0.89622280348079686 1.9893134581164555 1.2 0.80221090198593303 0.96942377823580494 0.9966546944065614
2083 1082 0.00039062500000000002 0.00069444444444444447 0.96938148887564257 -0.55418393277732214 -0.81273344516985713 0.15541621928736182 -0.026125491319116997 -1.5854476280977288 1.2069910492443565 0.82367981303150462 0.026152880702571074 0.17590543483007259 1.5643411434481131 -1.786300714860285 0.0031627856616919942 0.10304353725435655 1.6890486746051678 -0.81229111154315481 1.2 0.61688305790453191 1.7789747928398076 -2.4380405779302854
558 109 0.00039062500000000002 0.00069444444444444447 0.74263487647091897 0.14141796219823544 1.5155182767030118 -1.3164644409436232 0.02769965706995059 0.23470685880425801 0.44045344531239738 1.0918345412780659 -0.028576731061698335 0.98832924838770753 0.54423211541552252 -1.2560500628733537 0.070900340181623583 1.4548122655295708 1.4717011937103135 1.6697337163776655 1.2 1.9030851753556486 1.150288208391661 1.9828234230795614
595 333 0.00078125000000000004 0.0013888888888888889 0.15414309309764207 -0.68354134304879022 -0.44045545676954889 -1.9292162945611717 -0.073687175464642124 -0.70146318735177582 0.4270278551061959 -0.8420343527858134 0.051196833691542792 0.61793902149063129 0.82763549851263329 -1.1468466955777603 0.018312869013131144 1.5978583351988127 0.38020977909276299 -1.8329685336243347 1.2 1.3938932335679024 0.47027847223655023 -1.5990470227901779
497 216 0.00078125000000000004 0.0013888888888888889 0.43301013148620621 1.4616214779913643 -0.96222502180394986 -1.9128992402875427 0.083417810162029177 -1.9115841776475766 -1.9243415340139545 0.48532864566299327 0.083324023028568922 1.4658127249645365 1.7831709190390952 1.4789819706621801 0.096500809716422387 -0.77249187537925401 0.0092699553503745591 0.93845006849622736 1.2 -0.9751451794471071 0.18193072151577799 1.7495978559348024
649 643 0.00078125000000000004 0.0013888888888888889 0.81261706662313549 -0.99053693921572705 1.2368843964812988 -1.1283712394754066 -0.080009439980177843 -1.5850050966106184 0.24128589041632287 -0.46062860198976807 0.063433050631456017 -0.052625748360843438 -1.4768610424601127 1.7076216613948811 -0.058462142345651197 -0.47295730052937612 -1.5959282798581849 0.46728786078239759 1.2 0.65171414437512554 -2.6946015051897136 1.998386649386324
1411 824 0.00052083333333333333 0.00092592592592592596 0.086207759794774144 -0.64703200874288047 -1.166474623428198 -1.9884489247587309 0.02500708406081853 -0.012658454064757851 0.56894129043034658 -0.63221282372647591 0.067451607210906678 -0.45550633407834695 -0.067358858503355989 -1.0091396644423591 -0.069564409430871055 1.4087244261563474 -0.47098208556904142 1.0507193526518877 1.2 0.91590605769761246 -1.1323821300352954 0.30901162688778722
291 91 0.00078125000000000004 0.0013888888888888889 0.12156286002222157 -0.76608989907418623 -1.8665385113782214 -0.31678008675552327 -0.088665136278801598 -0.90445550676716469 1.6974529868850738 0.53458340510232016 0.034539730754444553 -1.1774392324415297 -1.6051355711120827 -0.11884604733222837 -0.019961034176876336 -0.49580714315471441 -1.7411717570804108 -1.3563063572167597 1.2 -0.70489337391461515 0.27218054111008605 -0.62876472412041085
1066 1059 0.00039062500000000002 0.00069444444444444447 0.17402899624861029 -0.46870367823809911 1.0324028632441942 0.96288829419071886 -0.086104378209154162 1.5328851563117198 1.5175278033277761 1.6653612944034908 0.016979900058770259 0.86180804857342785 -0.75293139642413109 1.2951583615884545 -0.080302770299775117 0.87904849225274795 0.54213427453545915 -0.76355241932343887 1.2 0.32238742580433888 -0.39975136317580251 -1.2445928610246249
1112 508 0.00078125000000000004 0.0013888888888888889 0.68221744283392904 1.7762365302152765 1.6057440170994721 -1.2126868491754808 0.086839620777248688 1.6711719948789097 -0.51033687832143126 0.29182009575913881 0.087900974332125792 0.81040613371318804 1.6837773007006045 0.28590307364077505 -0.094316712209937648 -0.95454964453237245 -1.2585424560815457 1.5085957694527643 1.2 0.18936453963970734 1.1054191310491748 0.59128415191871508
1301 724 0.00039062500000000002 0.00069444444444444447 0.73965574672661005 -1.8362786993337092 -1.852349632581908 -0.14650938612957587 -0.086827191364780787 0.16897641067927704 -1.7435370717710441 1.7074086954935423 -0.066209690594520559 -1.5602211048076202 -1.1316514813524852 1.1700040560897409 -0.083305521046397504 -0.58061249517937963 -1.1382363345231394 0.10000131999583894 1.2 -1.5532224215493118 -1.7545228187586166 0.83727911864971638
583 494 0.00039062500000000002 0.00069444444444444447 0.83802378036736636 1.0483943177868973 -0.81444441597056505 -1.778456666524745 -0.08225426707811348 -1.2887869829591163 1.7906330454910093 -0.48934943785488194 0.050435079710764469 -0.72361951685138015 -0.22666799019233297 -1.0967493106417021 0.071614756463189821 1.1847963101815493 -0.45445554403471577 -0.041930875640407983 1.2 -0.29966551694893706 0.27229169779143886 -0.11098542426858658
1247 288 0.00078125000000000004 0.0013888888888888889 0.46932453762275611 0.22934422769969132 0.62233528547420347 -1.7466566228021514 -0.071911972876898933 -1.3561819064910616 1.0853441193830968 1.7713020731431222 0.014029749349352 -0.41337595886554857 -1.0541068773434712 0.14571955173702245 -0.014974791710570992 -0.7272065650111017 -0.59360848323043758 1.8467940500360736 1.2 -0.86285634042986292 -0.25014050959530687 0.54015593962582487
515 227 0.00052083333333333333 0.00092592592592592596 0.076429556009391622 -1.6250134084160508 -1.306280499383385 0.88102644812218323 -0.017972349890343992 0.94082390927662818 -0.024936134928593479 -0.89389609252346558 -0.064210657263231774 -1.0031070594994831 -0.44971090106870415 1.4739099056327696 0.088852510465103923 -1.1411188483355899 -0.73885815994740955 -0.1959823636220599 1.2 0.067139714880526433 -0.15520553186269906 -0.85620238038201479
113 1109 0.00039062500000000002 0.00069444444444444447 0.38069458815327611 -1.332822182176284 -0.60976752700669135 0.73526288631157177 0.054664653416840986 -0.2275311159829112 -1.9077926847305515 -1.2444048217122683 0.024901467503740962 0.3446753902303521 -0.44266916130823297 -0.093346285480784275 0.023672141830780175 -1.1007151133237367 0.27299588028292732 1.5471888475765714 1.2 0.32139283382883688 1.4770015563604686 1.3221123809567068
1153 516 0.00052083333333333333 0.00092592592592592596 0.82073602445975968 -0.66145379069774979 -0.96046197293664948 -1.733488338721934 0.043773241857824524 0.20008304573497204 1.5181243955164194 -0.019306297264168215 -0.016307034779164661 0.71410860442746626 1.8917325778675771 -0.0829640902809472 -0.028565585466887353 -0.43605409545521212 -1.9615780072356306 -0.73972167909750519 1.2 0.021460516490498936 -0.45286211885226663 -0.97753898433312181
506 459 0.00052083333333333333 0.00092592592592592596 0.28895857797092733 -0.86314041911355499 -0.83602196789999184 1.2036029050736348 -0.094952283825564865 1.6227441025854841 1.9831917690632377 -1.2849503298367031 -0.051591336505458642 -1.6693146272772905 1.3746843451272781 -1.9846137981688283 0.037483566671250468 0.64355076294621893 -0.6961866288854015 -0.70417976537294669 1.2 0.64971476597139777 0.31379602625100356 -1.632843228069057
1154 200 0.00078125000000000004 0.0013888888888888889 0.81309794013959757 -1.9228490849469257 -0.19119103372410384 -0.97879213633468609 0.03299831439087525 -1.5909883900146786 0.014295152939603817 1.8492029047116008 0.029027969250300462 1.4919552905891771 -0.093991688923210859 -0.10762290918251871 -0.039512615670949464 1.9003152869982167 -1.2439195524752282 1.205772024351345 1.2 0.71462133700125907 -1.2157356271102848 0.95315481227631615
60 822 0.00052083333333333333 0.00092592592592592596 0.71923638970897141 -0.17841749860951239 0.19565590203965844 -0.64826065406819744 0.015160810312725467 -1.6308788870690245 -0.12968437411889644 -0.41944778969467711 -0.03347871627895227 -1.3533029420737703 -1.4059395968542971 -1.0510627544437647 0.060327396947529172 1.9155577495195435 1.2123123576028041 -0.71793723032286882 1.2 1.5742198940356069 0.068683860131351776 -0.51901857977162114
296 509 0.00039062500000000002 0.00069444444444444447 0.75891683965295609 1.8870241935189034 1.7927968832977865 -1.4078647308185279 0.08765764076492899 1.6989383365314845 0.37772208447546607 0.37698265013706855 -0.082945530011624247 -1.1474283391485276 1.8359153178201852 0.96022585757064194 0.0024476572954555686 -0.1589045368793669 -0.10884189066910199 -0.59971663418283727 1.2 -1.7860010029406377 0.015657769183887657 1.1897952528704641
918 235 0.00039062500000000002 0.00069444444444444447 0.78764138473794376 0.37191180955914849 -0.54554440331550413 0.21312557697908785 -0.014923403845471556 1.2531228843212889 0.45614836131845271 0.80938149463366615 -0.026925446797698371 -0.40485764241523547 1.6970860277533117 0.93851538569808435 0.034227032647351746 -0.9865872315399753 0.26089102726451108 0.59794520682530905 1.2 -0.46762821390244352 1.6970460230583198 1.5016748011022747
1152 503 0.00039062500000000002 0.00069444444444444447 0.50926462421587304 -1.6463460042312903 0.86096050559326143 1.4349893169131041 0.092437577822479855 -1.1550563063343566 -0.12314634244543399 -0.83516442835947124 -0.024839010812240978 -1.2202067936438672 -1.667131926966261 -1.2317277964180549 0.00023407935840155658 -0.42899777983935916 -1.6950901698940566 1.7380747496946172 1.2 -1.0424953818551557 -2.2535023064116952 0.6056328035080204
1807 798 0.00052083333333333333 0.00092592592592592596 0.68207993104699927 -1.8101342977670893 0.88949641016554271 1.4115753120159735 -0.060997698818283541 -1.5255078199772645 0.078078544967271846 1.6310553640231871 -0.041823013958899403 -0.19916746841301958 1.1677365845742016 -0.71488805743987305 0.039811508973875087 -0.1036189428761416 0.02175671252293343 0.2004842711513759 1.2 -0.92783537809087324 1.3124062928410465 0.14936201073302063
2315 840 0.00039062500000000002 0.00069444444444444447 0.63267858199940341 -0.53302272360413561 1.7863245845820734 -1.6727266365211566 0.091793407172857916 -0.79995771872124877 0.69161231260906275 0.47635089032663114 -0.03833112407240509 -1.743005082778073 0.41661877096236255 -1.2751436704500181 0.041651817371044703 -0.56607056351956464 -1.9624972507552538 0.43408949000817421 1.2 -1.5042980093815652 -0.28274233505462931 -1.3814551833881323
322 790 0.00052083333333333333 0.00092592592592592596 0.69545104345604836 1.8602776396345839 1.0921589155573748 -1.0757385894829912 0.068146200251860883 1.1287442304459439 -0.83453800867504535 -0.3044950662553827 -0.08459533875764616 1.165382635606822 -1.7573218742886869 -0.93955187066761692 0.081149528513899866 -1.7132078590323876 -1.6016629540102598 -0.09375630772335608 1.2 -2.1286312741357527 -2.5286787212497015 0.086723231086614005
195 686 0.00078125000000000004 0.0013888888888888889 0.58686938207804351 -0.4773825100271174 0.69055494384269922 -1.1679005133832692 0.078226967390049501 0.77328153615653505 0.8716550342008178 -0.37801561740500444 -0.03941392365959813 1.7693161286107051 -0.92821510396085527 0.95470904660007339 -0.069939083288357989 0.64270817498171473 0.013943359820296042 -1.9421748200483333 1.2 1.1498892888951209 -1.5792701057442375 -0.19984981405020991
125 540 0.00078125000000000004 0.0013888888888888889 0.07735870517514426 1.3978178560851107 1.2529254991043342 -0.68853538110593249 -0.012909973198468178 1.7367088819306233 1.4211004344575735 1.2043181452941343 0.087932938964048524 1.2810080983195542 -1.4185812627090275 -1.6816076913088498 0.029080789369150817 1.4188867222786099 0.34767745965978092 -1.3155919464295662 1.2 -0.407771592659954 -1.2680964621317721 -1.2802244421188551
815 784 0.00039062500000000002 0.00069444444444444447 0.93469320764172503 1.4598083936150261 0.77284624639557764 -1.8249333811776025 0.046636872767092219 -1.3278276043097361 0.21996148757238831 -1.907032530370246 0.091171874749779835 -1.3921154299265748 -1.5510843126369016 -0.75473168092456167 -0.053620783777746178 -0.83050509293527908 1.4129134755125961 0.7600181412860989 1.2 -2.2604279224180197 -0.29964544533778198 0.78918335256824568
640 1063 0.00039062500000000002 0.00069444444444444447 0.31454209940531302 1.2490381543342428 1.5622724596080952 0.89721317336518602 -0.069313502911407754 0.0072752616336542175 0.2245929598451526 0.34898468738124055 -0.058549133946735867 0.81133733098894556 0.562584512619968 -0.85057192168059226 -0.032441374141390991 -1.92622859625512 -1.6272152302525296 -1.2619749785860712 1.2 -1.8353620533280364 -1.8668253451220271 -1.712182945893556
2489 1437 0.00039062500000000002 0.00069444444444444447 0.54721566464448301 1.0328491135973179 1.9139508457195658 -1.9857052918313465 0.092092523315942476 -0.7776156203194331 -0.70700666851530602 -1.0624671973567565 -0.032787685431115793 0.4744378651931469 -1.8259502908599257 1.170156826056346 -0.072960082924471939 -1.1660556438162786 1.7295307355800467 0.5478671777545121 1.2 0.65983889046338362 2.534385101033152 0.289612405722453
1550 137 0.00052083333333333333 0.00092592592592592596 0.76559431701960601 1.3172461707079028 -1.6545954960367877 1.8568270966743632 -0.001662679428822228 1.6165856963222689 0.58385331927346318 -1.7769579077883226 0.00091340304151261986 -1.9307576502230779 0.067266693510331876 -0.29895826210966359 0.084222656031176651 -1.4065000923180899 0.89945709504877636 -0.26281034686658256 1.2 -0.68780319314003191 0.29141939550139528 -0.53320169345698343
1185 815 0.00052083333333333333 0.00092592592592592596 0.35409585268208732 -1.6918954522284846 0.073941557587990925 0.6397820652703281 0.012734578737956553 1.1006690225098703 1.7152308006798829 1.3523051093657745 0.049117590347805412 -0.073078397955569585 -1.3044603881197365 1.6501282403457695 -0.050181511955031004 -1.3717235459113915 -0.68763409629164407 -1.9968924881237435 1.2 -2.0312354255203835 -1.7301487809593501 -1.6827226274167109
1907 617 0.00052083333333333333 0.00092592592592592596 0.52769323462080497 0.058205550387173233 1.542241713847833 0.99114287407144364 0.033336691556723308 1.2199547653044092 -0.10448741565626163 1.3652501382404854 -0.093323245854795039 -0.60591464984161192 -1.3217387284032065 -1.3994290184381954 0.050187706774448421 1.4107992866105903 -0.3756920074049459 1.4563653093265141 1.2 0.76480132499419662 0.36454984168421045 1.1786756836638097
1631 919 0.00039062500000000002 0.00069444444444444447 0.55115648563808517 0.87284860865103875 -0.39934620902148854 1.3326737629078349 -0.062407555397011975 -0.87120769749206195 1.9117743839039627 1.8940916580655518 0.065010781605097184 -1.6255314115602002 0.31220739638094441 0.90940372206054576 0.057902776081040996 1.7734499761414879 0.82171028307863381 1.7045289872722527 1.2 1.1352440174128884 0.29613262135336216 1.7103614287319866
399 33 0.00078125000000000004 0.0013888888888888889 0.75883939787507271 1.8211761781170055 -1.2900749278272241 -0.14552428781947446 0.082148379733233828 1.7876475224908899 1.9018232135035982 -0.22080837399348763 -0.021491821396355748 -0.38161367468842489 1.4293129341628106 0.72527887536242597 0.00082360926476973684 1.1114825059996156 0.1086212630979948 0.014344324845127154 1.2 1.5290691935425096 2.9583437638527328 0.36438517035038853
20 160 0.00078125000000000004 0.0013888888888888889 0.16590566788912273 1.4034958102797783 -1.0014629646884843 -0.61997537760282029 -0.087254816330732232 -1.056264542430283 -1.3752655850124977 -1.4442650604277008 0.065462242166822587 -0.47931472002315667 0.38421577029368459 1.4294002789704057 -0.011272166668721023 -1.2054781430887851 -0.23835325183865796 -0.25102675870462976 1.2 -2.4482273940994235 0.024755214801919386 -0.16235749650733175
1152 401 0.00078125000000000004 0.0013888888888888889 0.49427801879753164 -1.7243087895110638 -1.2386694256024229 0.56286272146857552 0.019411170458540308 1.2828818130513095 -0.31648652908332719 -1.0102264365652216 0.0073141271029911054 -0.79315355593579762 -0.58809222112963422 -1.9742644175716562 -0.023309098790336019 -1.0049483136629855 -0.015342312762382182 0.9428482125075357 1.2 -2.4316138515666132 -1.0484241752552685 0.44398957938578931
1205 456 0.00078125000000000004 0.0013888888888888889 0.75327669926696139 -0.75511927451747907 1.3886220426234619 -1.2236992888460523 0.048049778385510833 0.057829182525947598 0.59395858829556492 1.0183921681142265 -0.056154427476956252 -0.20872012238101156 0.90884980822655015 1.9038594912759104 -0.031550182374649127 0.089403810987251031 0.11000800462389071 -1.4723252838358918 1.2 -0.60834413284111688 1.5095423340505567 -1.1286232569378047
267 436 0.00078125000000000004 0.0013888888888888889 0.24693802126728953 -1.6337610885638782 1.9104298546660852 1.4611372934906268 -0.053139105179028312 0.17229671647841549 -0.027649049202278064 0.95961038932007892 -0.084117598371719671 -0.10504676655050904 1.8264993978978068 -1.1514430400893616 0.042365310522031824 0.50577356602854273 0.39922472952279309 -1.5476834338883134 1.2 1.1070904402152635 -0.2031324089445912 -2.2921011694420197
1862 1070 0.00052083333333333333 0.00092592592592592596 0.055474981721815184 0.33464986375375894 0.69032249670455847 0.96942133372108685 0.049168297415841028 -1.3424319160951073 0.66965527087072862 -1.1817599553036535 0.0034802890586752844 1.796293900185336 0.51621297654131082 1.495733947895832 0.091288823174360906 1.3354686260461097 -0.08668702942363149 -0.30991609601025116 1.2 2.4590241470627747 -0.053650979023384775 1.4788308852298186
1794 796 0.00052083333333333333 0.00092592592592592596 0.99654693199718791 1.259899338326067 -1.6210204418228455 0.20271451050577438 -0.060631764141689852 0.45019976970160158 1.349146378899797 1.5429749630578695 -0.062297858759393338 1.9405186040055544 1.2617535543856029 1.3258967700501829 0.030095924159705884 1.8294546944099488 -0.61795474924955895 1.6802820165180634 1.2 3.8484595653138816 -1.1687248970152513 2.025806219045462
946 525 0.00078125000000000004 0.0013888888888888889 0.46328352513988308 0.61012929262582549 -1.099182537681124 0.033502391220334715 0.024777760270019586 0.039161246344332046 1.3190271306594195 0.00033578059425964923 -0.057734244261210078 -1.2026199129265853 1.4814294709728801 -0.96727009934005892 -0.075919485675104981 1.3721759619572254 1.026128971860742 -1.2211945735504171 1.2 0.90523694779723329 0.48175047684213879 -1.3741486781599912
1970 666 0.00039062500000000002 0.00069444444444444447 0.30945940987434312 0.96981728610579454 0.84649260057861131 -1.0841307454641163 0.021748358720915587 -1.0891901622012319 -0.069321963976630929 0.15088255704664588 0.0088191705895414307 -1.016650143864092 0.66088069129043792 -1.8160971288868994 -0.069792090939815143 0.91444951045739309 1.8185620388518156 -1.9635953537798372 1.2 0.87511306996462346 2.0780913957821694 -2.6026677666131088
1614 426 0.00052083333333333333 0.00092592592592592596 0.60994631122743415 -0.13729113431756002 0.90277641820072319 -1.4917533543356987 0.090821845985815969 1.5129985452378625 0.093214483999473519 0.67743713140049833 0.065473493091826984 -0.2219295336772209 1.4386671751110085 -0.56601226388380654 -0.070686189400415322 -1.2847912043015106 1.0415009621539948 -0.739869227145181 1.2 -0.97012822582094549 2.0721719347739493 -1.5899775439143236
148 976 0.00039062500000000002 0.00069444444444444447 0.74014431236754874 -1.1276909819963414 -1.9253677414961752 0.39809057886271848 0.026246307636698912 1.9597470673575246 -0.03961673245948294 -0.12109179296212602 0.028980110970457773 -0.30455464368642238 -1.5751738781944882 -0.071907415544992581 -0.093390132217369054 1.8975846541753998 0.91016156968380413 1.7884854046610372 1.2 1.7960244127515681 1.3308524504730463 1.2999440516727223
1016 788 0.00052083333333333333 0.00092592592592592596 0.33062751751747077 -1.5633050487100917 -0.96090222477226117 -1.112517600256445 -0.012027234668451306 -0.76759014231223599 0.67805668404877473 1.3644133151274884 0.083923105617674021 -0.57536877400326869 -0.093190488335300969 -0.075317141145014865 -0.077711889153973299 -0.38432906211217466 1.4016106575609362 -0.19430935431019902 1.2 -0.27607155032622671 0.88302532985358029 -0.80404213325509011
768 227 0.00078125000000000004 0.0013888888888888889 0.37511330635433304 1.9756436890620157 -1.2365937898295258 0.39138316669679218 -0.085623594941837938 -0.60225332621960836 -0.67677474893844902 -1.4976409168012998 0.071581603922222237 1.2598364932218487 -0.98129455599426585 -0.43641777444422614 -0.026233025164996773 0.78029088449699557 -1.8600333660734418 -1.7682434161846872 1.2 1.1905821151443798 -2.2725537087968375 -2.0049645989245501
1818 658 0.00052083333333333333 0.00092592592592592596 0.048855122463394775 -1.9318870069337444 -0.31432041577421765 -1.2938149420249792 -0.0056453703380182629 1.4839371014144871 0.8105110198075498 0.042747694781799073 -0.034504490866536772 -1.1071860831449967 0.32922414019680213 0.87720272101666374 0.036622584494781674 -1.964690824534379 -0.45015595536941566 0.94315478622620708 1.2 -3.3812273744513957 -0.74151963739255988 -0.14978759540372172
2454 149 0.00039062500000000002 0.00069444444444444447 0.093462127924849175 1.5037248278351201 1.5365637387354409 0.31550527117810923 0.024150669391677801 -1.5405049574370167 0.06656112591290464 -0.84024138818199701 -0.029896865738459732 1.4383897453998418 1.7506618079757259 -1.5861575587222005 -0.055491175102807239 1.2632036120298902 -1.7830903934912103 -1.919641547344622 1.2 1.3046236000731162 -0.13141213918672415 -2.0482631643370355
1463 1075 0.00039062500000000002 0.00069444444444444447 0.34595801202596149 0.98434730304552032 -0.70671069055647795 -1.4768399887166348 0.088646524871429377 -0.70517094237517286 -1.8512749428560444 -0.68926421829233941 0.060566542285325153 1.9324738383312687 -1.2320911832922001 -0.47851366511392834 0.053086447671206988 -0.45779959045979313 0.96720338875065837 -0.96346881322302869 1.2 0.58280610901749574 1.1269893554927191 -0.83286272061386624
1803 644 0.00039062500000000002 0.00069444444444444447 0.2850473890299875 -0.82608410092477591 1.1077400880423052 -1.6418811183509288 0.016537597440449733 1.013417122086826 -1.313434669733919 1.5525802384456302 0.070157485653485008 0.082994717258932482 0.84741519699477097 0.61858880550750417 0.028844685845469814 0.35381115802820284 0.24538824201077736 0.31874683407555349 1.2 0.11934555137614468 0.65633150396016748 -0.011146201661383958
2 1203 0.00039062500000000002 0.00069444444444444447 0.39441006563185305 0.5276250293132434 -1.9899811396922731 -1.9864919200461144 0.071037358024727743 0.51776648711203865 0.97554940477827401 1.0109386682792589 0.09302646695850203 0.25921143445073369 -1.0152621865064306 1.0813702787012502 -0.090034999522638298 1.8717784144822365 1.8109978615097568 1.3291944926418124 1.2 1.0665335251981578 2.6588098274177865 2.9670979493330947
1202 461 0.00078125000000000004 0.0013888888888888889 0.2203149803332935 -0.12857715978005979 -1.4052881848257353 0.063632930818279476 0.032003766445876269 -0.26029871987429942 1.8549257585943453 1.8770743628754962 0.062283153700674471 -1.7567788331887648 1.9141606902819772 -1.6279084070634808 -0.010767268451907161 -0.12658673635956008 -0.99488365828324721 -1.5179696441724544 1.2 -0.45791332296837883 -1.9295449449960012 -1.944987472700362
2326 1406 0.00039062500000000002 0.00069444444444444447 0.59863793784425223 -0.8040106966576821 -1.0749265210727756 1.5781374400735375 -0.083730279843476058 1.3085246493498044 0.9483472519464744 0.10152244659981013 -0.0051181449044356564 -0.26571091271394476 -1.2507335232468826 1.7108611078049778 0.052127569307437088 0.36061518115055158 1.4312481885151729 0.47102970685071854 1.2 -1.4588813561111298 -0.9425485702946752 2.3026721050963883
1816 191 0.00052083333333333333 0.00092592592592592596 0.52685361688269949 0.029226957248592367 -0.27650985895803837 -1.6547984851325848 0.065896928082885636 -1.8373553323290222 0.73647891436438595 -0.13157986553750955 0.02045865060416649 -0.62782117060263598 1.6925348850133131 0.5342836480872708 0.092595137701226959 0.94603575003822238 -0.66905877664035351 0.53255413867597179 1.2 -0.41220559726054096 0.34166357107982526 -0.56577546016823721
305 291 0.00078125000000000004 0.0013888888888888889 0.081559719858772348 -1.773528303798217 1.7290602227991774 -1.2360388429639029 0.098463460831861555 0.55930212871303597 -1.525167123410228 0.54881512564987656 -0.089169074845393104 0.074863982276549557 -0.15662594424613108 0.99463615540989192 -0.067248673948908058 -0.54661944156340114 -1.3038849935946035 -0.14440684511683699 1.2 0.43767079838334444 -2.229465062537094 0.61022540386150814
610 589 0.00078125000000000004 0.0013888888888888889 0.89347235237912437 -1.9023197780565284 1.3916157019968609 -1.003380463832003 -0.043436405483156595 1.3681435169864549 0.24093647732687407 -0.82983599976699463 0.094200553722094571 -1.6778943835515179 1.5140919662589525 -1.843379678135149 -0.011564834398521226 -1.1464074583765624 -1.5878693338834924 1.9751185295617222 1.2 -3.0311208259043219 -0.40014602122911219 0.79830916479841885
743 213 0.00078125000000000004 0.0013888888888888889 0.33042962023142236 0.19625172380910216 1.3800617618418136 -1.7146595636354962 0.078795948084855516 -0.46029673890250011 0.083170895428629876 1.6251787789502354 -0.086451208877772467 -0.16651308237551321 -1.2824887097798756 0.57857831922733061 -0.044714705611345745 -0.89550751110175586 -1.688149388932886 -1.5815861435061573 1.2 -0.95125426856689499 -1.5952139480508332 -0.86545683703329723
682 404 0.00039062500000000002 0.00069444444444444447 0.21191422643331437 1.6090962106373192 -0.64064211431645646 -0.2374757508844163 0.051663963988362288 0.50747283003060328 -0.83995620491328049 -1.4828336899013492 -0.063185339942332885 0.17214787429895884 -1.7463211168675774 -0.49070078641828863 -0.075521552192894387 1.4309819745410182 -1.45219016447192 -1.6957250841294798 1.2 0.8291114587512125 -1.67045437624517 -2.0655757886876343
1835 179 0.00039062500000000002 0.00069444444444444447 0.10242826145596043 0.6501902217376947 0.56864186014412299 -0.77614418440582433 -0.066734521985552686 0.42850415009840681 -0.44070508473180103 1.0799040077765678 -0.0035775157357932769 1.1218770884886449 -1.6101798319706244 1.5211457770001826 -0.098690181569845756 0.57150491328264597 -1.9667668664314863 1.9413296688989017 1.2 1.1139837050549561 -1.9130235175157853 2.2197235915139717
371 683 0.00039062500000000002 0.00069444444444444447 0.2028691565660066 -0.23814469949773276 -1.3080755127265005 0.97065652988546436 -0.088933024667978477 -1.0568963469260875 -1.3525235309137904 -1.3439626784031988 0.045761288592671784 0.17597909785924282 -1.0657356207068114 0.49013350406020839 -0.032697057327368093 -0.44666310781630791 0.37745601666580697 0.29658363012854405 1.2 -0.23475714810440146 0.81117418583843537 -0.2868216720988071
259 214 0.00078125000000000004 0.0013888888888888889 0.98248688738046741 1.2757066181585852 0.6906228495502118 1.0741084433595072 -0.0097567250277276474 0.83534648464934147 -1.8377331258664826 0.77920027005163561 -0.064596608615426154 -0.30252361243588366 0.14472235634031794 0.14119619059619826 0.026568014180177901 0.6337182814610518 -0.82436784767043036 -0.40147680889721826 1.2 -0.0699417434184052 -1.5222541503417877 -0.48633255843218237
442 96 0.00078125000000000004 0.0013888888888888889 0.95273302773190538 -0.73226320690701252 1.6913518176047391 1.7379168176400874 -0.056973268405010519 0.22918920903773365 -1.4240626160171481 -1.01166487199872 0.090899380941272895 -1.6120953067245352 -1.6478466561518501 0.58446237738275819 -0.0016252933229518041 -0.39829385145054186 -0.54126441522101176 -1.6557532402907511 1.2 -1.2010798440890176 -2.8657367056090846 -1.8523090438069576
1533 1276 0.00039062500000000002 0.00069444444444444447 0.37024697541744095 -0.43214581786501371 1.1315262603069183 -1.6404298482992572 -0.070215370333164162 0.040843610050288692 1.6626041489469143 0.11601591026382518 -0.032893576219857848 1.5652802640328902 0.36963583071167472 -1.4562512932829894 -0.018142692153328643 0.9666358883628221 -1.0765495356789052 -0.24178836395189984 1.2 1.1861067470880762 -1.6605668212239486 -0.99229155112704748
221 235 0.00052083333333333333 0.00092592592592592596 0.12517165817585676 1.6680191330462906 1.7777435195926228 0.75739661101699651 0.060308549097819825 0.63863864354854138 -1.8013419288333181 -1.9813173847318448 0.033512656848066424 1.2659950827340274 -0.96411015522168375 -1.5176160228192508 0.0271356793451627 -1.2863931460240652 -1.0632211669919416 1.7626590003527292 1.2 -1.7441644139833614 -3.0336100706313269 -0.10816349048626997
79 611 0.00052083333333333333 0.00092592592592592596 0.081745909033760306 0.03843347866610447 1.2852232042588039 1.0466749100510331 -0.095126267992676053 0.78469661715714434 1.3260788425914272 -0.53335243086813167 -0.074159896398414318 0.71863687502790707 -1.0471501508816088 -1.3806887677345618 -0.090856802743197393 0.21655754451207221 1.0893057399055541 0.13247696183188973 1.2 0.10557421975999307 -0.27191123917190424 -0.67442503927002273
252 652 0.00039062500000000002 0.00069444444444444447 0.20403085280175745 0.72291904349146296 0.92475506870550017 0.66345179898226503 0.012711654165901171 -0.089466781580039623 -0.67942885798150687 -1.5024456107794735 -0.086987827068761056 0.87368760660006206 -1.2438942831700186 -0.45430572547298587 -0.070454511928552371 0.84561344669361471 -1.861243339853571 1.7271913411072823 1.2 0.37281410441400209 -2.5024848669894784 0.82335062019861993
458 165 0.00078125000000000004 0.0013888888888888889 0.70208563582440842 -1.2535709067513809 1.756973202163056 -0.37826497629421763 0.0025892635131371938 -1.8941103403881496 0.86199948082039102 0.52761958663514985 0.085523053714466807 0.49121318758764554 1.5615938905278739 1.7357948169066089 0.015921852002887427 -0.89025807206859309 -0.084300287260164364 -1.4002142558030477 1.2 -0.96544368304035222 0.77947286638467206 0.16774519874452601
1386 925 0.00052083333333333333 0.00092592592592592596 0.54559527792807438 -1.8631799074125177 -0.74571739653406244 1.5999653678524637 -0.051362703691503975 0.50656111187121899 0.96334106213849635 -0.73451502907189115 -0.053285159811981897 1.6817477122775863 1.4702867809662616 -0.18308945451949166 -0.083617023287454462 -1.7170127741641052 1.9740956526625713 1.2269677412767308 1.2 -1.7004484853241879 1.502444160165471 2.0197124764266343
1158 1209 0.00039062500000000002 0.00069444444444444447 0.51166635766584423 -1.3130455181094534 0.60969992953473628 0.927036979124364 0.045975757563796876 -0.054280027248836848 -0.19726639908964616 -1.7821474406656885 0.084894231861067343 -0.71804977505009715 0.4788749541058297 -1.3193627701252941 -0.042356490642523587 1.8896998889271126 0.82687813151504352 -0.70499703546048975 1.2 1.5084808927112345 1.0285734293927487 -0.22974653258650996
1877 390 0.00039062500000000002 0.00069444444444444447 0.12666989568877271 0.11181457144020834 0.25287932061083174 -1.1262118889321422 0.075649375405728303 -0.8843659648186466 0.73357160984087511 1.4300272561049558 -0.077137253932562433 1.847467082194139 1.7904170989227457 -1.3889413327093934 0.074659769905029344 -0.07220752059924207 -0.59029726045424047 -1.1117096847998518 1.2 -0.15768458575035346 0.074618578499736049 -0.95820795361264066
475 411 0.00078125000000000004 0.0013888888888888889 0.13538483102247778 1.4719778449756764 -0.35605164041035575 0.18501504284675674 0.02987811351623218 1.0794665688627654 -0.48715642447204743 1.0153220865329229 -0.063392140744556402 1.4310704400179617 0.15506806586793065 -0.93338844773560137 -0.075495109908912783 -0.10718900981503499 1.6136431724383398 -1.1613901942323528 1.2 -0.37460017327378614 1.5076326112001197 -1.2429471112712687
251 217 0.00078125000000000004 0.0013888888888888889 0.46410474795546125 0.506882177410517 -1.5390664851609328 -0.22015565127554382 -0.067248477434998066 1.9246336494636518 1.3638683216403931 -1.5452395831313259 0.071060915362244514 -0.77156062758775823 0.30628855413201794 0.53366912336339212 -0.090390770568811757 -1.7403784043686894 -1.4758595575533797 1.4979279926212987 1.2 -1.3401167892239698 0.11443885679003331 1.0330814918151014
730 511 0.00078125000000000004 0.0013888888888888889 0.78213068690953214 0.23844157568430902 -0.68979553681585326 1.9103762680581808 -0.0074901562644451164 0.67628632534727906 0.51085425840468579 -1.6265375950020076 0.035372913931251693 -1.6299579199730232 -1.0105174360963889 1.8641110414985493 0.035459517778930721 0.10305602422452376 -1.176990611638157 1.3611989040575225 1.2 -1.1740254373135048 -1.8814114783009379 3.1142538882124704
1026 483 0.00078125000000000004 0.0013888888888888889 0.64009043178362734 -0.86020565211726074 1.3029072024792678 0.57466151163798029 -0.013202408051143227 1.8814042423454929 1.4391567112328612 1.079313314680395 0.067791995583448478 1.5991707810521674 -0.4046806550137072 1.7490847707187092 0.0035199964749512286 1.5360449849859963 1.4129530310717522 -0.76021143047708195 1.2 1.1910511964955135 1.2357085001214054 0.28704649743819305
1460 532 0.00039062500000000002 0.00069444444444444447 0.079372589176118405 1.7770327370555825 -0.6473487472346986 1.8650397091560249 0.040785702791187484 -1.2596112571111662 0.039273095939702518 -0.27484374503586917 -0.022743948899515615 -1.3545654834078271 0.19037532987506411 0.28601660681520347 -0.087302019605276934 -1.4761169704524018 -0.42090704446037019 -1.3519372614559431 1.2 -1.392462011395009 -0.4081278697785628 -0.95381873057635069
782 588 0.00052083333333333333 0.00092592592592592596 0.43872933993306257 -0.81964591813098764 -0.95679602468191449 -1.4332415256884508 -0.05478013787306231 -1.1533650852745039 0.97456320635923266 -0.116707147576538 -0.094406566887174553 1.6206192180222843 -1.8301210076088856 1.3864166995003226 -0.03448112347465862 0.83749726785947409 -0.040611279568889103 -1.0657614359573087 1.2 1.4986946883629793 -0.62665085642413154 -0.15124252878555833
1864 431 0.00052083333333333333 0.00092592592592592596 0.13661173494040563 -1.1949723677064172 -0.14454379288677277 0.59525224696115009 0.047045455025559846 0.93126372194427098 -1.8218676883384575 1.8273021026133844 -0.06960912337612786 0.31105082762893232 0.45515129470325721 -1.8309982676893073 -0.066136655711305059 0.88218563267558547 -0.35601853497922464 -0.48336784809809386 1.2 -0.011540265579856407 -0.6518337172341333 0.15924605541166423
456 629 0.00039062500000000002 0.00069444444444444447 0.054901865620850712 1.7373107132269916 0.92909064085908044 0.5546514292594491 0.063981726739190753 -1.7565257016347355 -0.95000959533333429 -0.9114721215767525 -0.026852877261483846 0.62457540588045735 0.65223908001006725 1.8448456499468615 -0.082171995009915066 -1.9770363810682898 0.74926378800957139 1.6573297178726905 1.2 -2.8509026364367687 0.059014572251829475 1.1183873251421916
155 1079 0.00039062500000000002 0.00069444444444444447 0.25877956578788891 0.028348618129232062 -0.20528872888211191 0.7622352012959932 -0.034262494599211338 -0.061184016179982148 1.6293031464473717 0.84137232953296337 -0.02711643479980573 1.0886799559282316 -1.1827763403401059 0.65606968709856961 0.042551851955564934 -0.41934493541821016 -0.82269892507792086 -0.14707393649834133 1.2 -0.10518621212455123 -1.4043330988806519 -0.85046268500527511
987 424 0.00039062500000000002 0.00069444444444444447 0.33992534224036025 0.90428862447070468 0.76789798017483335 1.2336097753895774 0.0097765114871421616 -0.13356891866452214 0.078995023883789095 1.240773475062082 -0.087618860037961446 0.24644822795553134 0.78598274157016812 -0.34167839701776126 0.09390951493406427 1.6679186786338316 -0.31107179241677985 1.2573957783633336 1.2 1.2483830602617056 -0.15661203261911733 1.146480399449713
2132 193 0.00039062500000000002 0.00069444444444444447 0.28848260934861814 0.6084851179536388 -0.56686374253712346 -0.52665555416087573 0.096484398191705484 -0.22439020337952664 -0.4490412682523206 1.3326337221221256 0.074396490312543057 -0.95536906802319121 -0.34380125239475889 -1.6901537534362623 -0.081079573295524537 -0.5451802396798695 -1.958621919943484 -1.3108014204949034 1.2 -0.44748293495049751 -2.133685484857371 -0.90687774281677802
739 559 0.00052083333333333333 0.00092592592592592596 0.093651099921149547 -0.33148005802080283 0.29155848603235635 -1.3942759055690059 0.036821802808037846 -1.7158335914973 -1.430047998895418 1.1912509364567043 -0.0012956135849404304 -0.6312641170952169 0.021874884853880339 -1.9394063449494383 0.015753919393647647 -1.4333473204192564 -1.4441176239583733 -1.3124929133407299 1.2 -1.1352011946067522 -1.2215563795271738 -1.0199699559548023
933 339 0.00078125000000000004 0.0013888888888888889 0.45375511663506146 1.137523283627631 1.1404870479616314 0.025734660079171245 0.0124954161286773 -1.7895039810776825 -1.8055355590357318 -0.69489963953988543 0.027353561667471576 1.760877019917408 0.6194940407802596 1.3216574685219125 0.036048829976937757 0.0064557028398626315 0.82437766463526385 1.4851585837681793 1.2 1.001288056721819 1.2468329469808446 1.681123208427197
499 753 0.00052083333333333333 0.00092592592592592596 0.19069451549671662 -1.8960289854173507 0.37190547303309662 -1.4848125059213118 0.0081772746186248579 -1.5573615029129528 -0.45475171297665362 1.8879507069299684 0.05776571755228993 0.94874940197603541 0.37247824517507189 1.2574330259889632 -0.092595497157480347 1.4230717112029647 -1.1831985496441315 1.7305026590417785 1.2 2.707926654925878 -0.96122374257897636 1.6754292484938282
427 711 0.00039062500000000002 0.00069444444444444447 0.5650222148729972 1.6739139964950924 1.6754656556678995 1.2814804790312584 0.067190740966427243 0.76619276013081139 -0.74680543270866195 0.7976311330220005 -0.018065169880291804 0.02757243292183631 0.24604945202479644 1.5140451117730964 -0.093055871117322997 -0.60182845110065797 0.88141837482114216 -0.12220535504771091 1.2 -1.5348039921484249 -0.094571381820747299 -0.1005079329953535
1492 759 0.00039062500000000002 0.00069444444444444447 0.41431343423392714 -1.1893486594113267 -0.88344599597368445 0.45183150323086574 0.066489895243106001 0.82677487554814943 0.47883218058052623 -0.57655284173088228 0.073075510578051256 0.72194876488113113 -1.2401790269870898 -1.2267227250865735 -0.064104787756018314 -0.6610288063758758 0.67139551333742231 -0.33574927198675741 1.2 -0.51227396165692485 -0.013013820392099027 -0.62462886071592338
1801 815 0.00052083333333333333 0.00092592592592592596 0.15228179459423574 -0.21417480811135992 0.24914212326574425 -1.5934647547495016 -0.077429655511319639 -1.1505922023207051 0.19428534681870513 -1.6551816242497446 0.039544126169428234 -0.77356795557681668 -0.15195864473339915 -0.080529003727937365 -0.024990242493461129 1.0468905111903051 -1.1063704776104193 -0.63972702385070424 1.2 1.198728028482597 -0.91165094058981833 -1.0867797234950949
604 424 0.00052083333333333333 0.00092592592592592596 0.40493745965455374 0.10115247316876719 1.4764564655225145 0.50437087449218421 -0.084178204947156776 1.3680883032789364 -0.026524118156852072 -1.9437608147628493 -0.074776465971663014 -0.4156300564907256 0.62558642633037387 -0.91892382059239086 0.010347350518836368 0.29250509282822623 -1.7792260578349679 -1.0966494151350106 1.2 0.31111333576310696 -1.7044284164804686 -1.6986496826197526
816 645 0.00078125000000000004 0.0013888888888888889 0.49829667523192156 0.82423825142534168 -0.61835593175011239 0.95940868777420318 -0.061242471440863255 -1.8672347015290387 1.9999413605036547 1.9738088230270971 -0.039861082492349986 0.18236613818878356 -0.71999058239194014 0.87870343414376295 -0.030715572931766438 -1.3226121389127847 -0.27658363101123262 -1.2055937252373758 1.2 0.39718512122941174 -1.9942588806441706 -1.7245809822775482
957 684 0.00078125000000000004 0.0013888888888888889 0.39529861997615606 0.44337939313962593 -0.15863529000101195 1.9642871758357323 -0.0057827181517748905 -0.45346063419062022 1.1262333653390582 0.010424422124801325 0.088432235983176455 0.18224360151586483 0.43951289134055083 0.18095382370428226 0.087879321264802607 -1.3393162925675144 -1.2300289498248898 -0.34153330825414319 1.2 -0.55424129543212408 -1.8662044491254974 0.60327805735504814
509 588 0.00052083333333333333 0.00092592592592592596 0.49846211155719455 -0.60008714715030642 -0.21058472437658482 -0.78944153731419275 0.014187263894035088 0.48092274482694597 0.3683328186257242 -0.31010955001332752 -0.055430856092546305 1.4768780603303435 -1.7355207778677393 -0.40276713146004584 0.0021517541826408387 0.021598019078949537 -1.4711314385765379 0.16190285585478348 1.2 0.83056583008901996 -1.8930262951328203 0.29969567756281634
1153 933 0.00039062500000000002 0.00069444444444444447 0.33872377769724898 -1.7695519773717217 -0.54353050585879226 -0.10212198492295554 0.010287186872046633 -1.2908284837154604 1.64695233636726 -1.4898696282406934 -0.029433826759235338 -0.45949823472214568 0.56445003850591391 1.7086034298873165 0.082592188886219275 0.67046693899619481 1.8909142924256015 0.55145887194751442 1.2 0.86791539776896709 1.3332305268840241 1.2803270167160461
371 1035 0.00039062500000000002 0.00069444444444444447 0.25088643393558718 1.3060386435673337 1.4943603294773795 -0.48685572520519882 -0.054131906785875386 1.3617146271535119 -1.6969207758365594 0.33131543337861658 -0.003041653219522461 -0.79358985041628483 0.22267784919337874 0.077892164316522461 0.078932590448375139 1.5831049045033092 1.9031050060273138 -1.399209341436257 1.2 -0.11089069473969305 1.3035596065852477 -0.93627716311493048
371 502 0.00078125000000000004 0.0013888888888888889 0.4575823398833278 -1.3991917390440083 -0.63415192802789955 -1.6036459054841736 -0.03507858608169126 0.31582781610925137 0.0428007823463048 0.75304854383686903 0.034366469078813522 -1.5602372459105607 -0.7928207422042215 -0.6135479648398503 0.084105711822294094 -1.1956301017054081 0.77474151318617412 -0.92531949669016189 1.2 -1.1677794697776274 0.53328988398359156 -0.67067714472048079
61 291 0.00052083333333333333 0.00092592592592592596 0.22421785555196086 -1.9619875135285287 0.43718112705233914 0.24896101406278248 -0.097795063241172486 -1.4792689318662049 -1.929287207407286 -1.4914501104751241 -0.085085133507902352 0.68205427037422339 -0.12608043747796938 0.488576995390825 0.09717620741786881 -1.2306032432851275 0.96143671058586255 -1.5076115306275262 1.2 0.061126790996527645 -0.28554914174097162 -1.8187764062708791
942 100 0.00052083333333333333 0.00092592592592592596 0.267364633021202 -0.47262786362883702 0.56330976983174263 -1.0963221140184278 -0.075063211134538274 -0.52500683635312217 0.62589015801278824 -0.16678491316151112 -0.0080129421192974004 1.2191015575600672 0.25799725510526228 -1.5618814986524128 0.0064163723337023193 1.5265677700556823 1.9655994692595331 -1.5178622043988557 1.2 1.1982918936457925 2.1174955844525756 -1.7142555702435847
630 585 0.00078125000000000004 0.0013888888888888889 0.74104918748787663 -0.41240654539505206 1.5878111003659061 -1.8136422849868348 0.050438726840953185 -0.29169435995353288 -0.44215176357294128 -1.2070997380961179 0.0099926108828082283 -1.733825079666818 1.5560643380533152 0.56977811333098183 0.0086744437220366705 -1.7672439622838616 0.43940743076692801 0.93403771764005405 1.2 -2.387201577431985 1.5390081642081836 1.7836171092464559
1705 1158 0.00039062500000000002 0.00069444444444444447 0.2875800365989597 -0.23884379035169534 -1.3718309316843729 -0.92311953895133003 0.091638446752685926 1.2681187017805389 0.87999651858161609 1.2933291891826473 -0.0016559155818247212 -0.2738077544560289 -1.3706332633319795 1.1088392190826122 0.098962324981528793 1.8303018298439082 -1.8534048306447719 -1.7346564578210026 1.2 0.71420099673684545 -2.5712053041405749 -1.9924230284079392
113 480 0.00078125000000000004 0.0013888888888888889 0.36855735503114961 -0.070879542988937949 0.90633845948288094 0.59728477040188022 -0.076640161243466232 -0.27764535467770468 0.41065007479752147 -1.3228362445350159 0.06492103332086524 0.24409735795445542 0.07947678587200091 -0.32702627869803447 -0.013365941234925738 1.4668862130278781 0.27788758631397537 1.4994000754602972 1.2 1.3815147831244103 -0.46577413950043628 1.0759491352134032
959 872 0.00052083333333333333 0.00092592592592592596 0.73709009775930212 1.970558775332826 -1.4438517930138461 1.1434700144253682 -0.059464228644258092 -0.81234479856200537 -0.92260802678100573 1.6603526194333744 0.093126737057507125 1.4918764087533831 1.9558944552004882 1.6136247276652771 -0.041350376545083958 1.2800767744763513 -1.7701512992703354 0.27666309064620664 1.2 2.588442218760989 0.21610889314636891 0.39840277758067688
207 259 0.00052083333333333333 0.00092592592592592596 0.60006050162083513 1.7128659580107342 -0.1431765780878842 0.93530706846514189 -0.067353905654177371 1.7801233200450373 -1.149866347276761 1.3444040740872616 0.032364931884215742 -0.19134892092565092 1.2020790088429556 -1.6315652128322888 0.087465935999143957 -1.5538588479544391 -0.016077015127653915 1.5620838786416176 1.2 -1.5782875089036146 0.1665398044298538 0.41467977141265622
516 993 0.00039062500000000002 0.00069444444444444447 0.20484865937215843 -1.0005918602247514 -0.90999886494841631 1.6267342700270397 -0.06323325127053743 -0.40598284134648255 -1.9077168768578092 0.41649219420000749 -0.0039168142693504909 0.13036683247729153 -1.2675667872701055 -1.25415170938513 -0.062884189661880613 -0.77574905043255615 1.5117959649002071 1.2022931074673386 1.2 0.0016397986334767808 2.0545995011014031 -0.14934796042245382
1133 359 0.00052083333333333333 0.00092592592592592596 0.37635259463373083 -1.5051043153214048 -1.5870432614981418 -1.0032652687727679 -0.066639746165912006 1.8203004595741494 0.82301166543347515 -1.6510400464303157 0.091617089504214461 -1.3350588471212363 -0.4746019307607976 -1.9237131090015036 -0.061572818866021263 -0.69191231648302676 0.89890791915911006 -1.7261518320620648 1.2 -0.71768788820862051 0.59273912574275556 -2.6629766309779463
1252 688 0.00078125000000000004 0.0013888888888888889 0.0031188253259431488 1.7990631722311985 -0.70368249306528785 -0.19812933117789244 0.054451520382894164 1.2651753503199132 0.13895802962096671 1.6068961720470889 -0.049673818894589661 1.3253285348989912 -1.5425853449295475 -0.388224977619267 -0.01599330463997084 -1.0969305635854258 -0.4258141017306718 -1.4107169162282069 1.2 -0.40505184655060228 -0.94872873330475704 -2.3646229189775472
115 1041 0.00039062500000000002 0.00069444444444444447 0.9664864528421272 1.788255384860562 1.7906456525086449 0.80554827715372523 -0.024224768150698212 -0.32273005601748084 1.2072402576626029 1.0153139064426195 -0.05861138993706947 -0.7912851193228847 -0.45337662900907993 1.2725807983813002 0.053405643123918572 1.2031554102964792 -1.2971687892889885 -0.57237875208664812 1.2 -0.80348910964375342 -3.0030822680552882 -0.40672560806033398
1255 529 0.00039062500000000002 0.00069444444444444447 0.484097036726716 -0.70161282273640246 1.1437506355544422 -0.82342129655204666 -0.059007054943046588 -0.87816188650098237 -0.94686858610369651 1.0877901745944842 -0.079426428885990344 -1.8335821439292088 0.30768582241564513 -0.12966658941521159 -0.030199961045784818 1.3423609921091093 -0.4061615437333379 0.56909676175953416 1.2 0.20232747174927795 -0.45442458656333262 0.69489584257929171
600 309 0.00078125000000000004 0.0013888888888888889 0.25483220968415821 -1.3210898402737348 -0.90236345463801859 -1.5350705969523331 -0.059748788569513871 0.66633718882309667 0.034441181556817302 -0.71759724131337688 -0.056009969514366126 0.00055975539417785214 0.63300283077001973 0.79288662070409632 0.024584573597173545 -0.077043560575623449 1.2195524550432695 -1.6200277463549564 1.2 0.081613638863660465 1.1990610670140154 -1.1845106126289797
2550 34 0.00039062500000000002 0.00069444444444444447 0.71192205301259204 0.95051805130654365 1.6247410734489489 1.1541926892345824 -0.0045873836588482264 1.2138505365775747 1.7588398199022626 -0.15730418979076122 -0.05198039742171761 1.609307339560786 -1.7796750977796743 1.6048988379327955 -0.068652684294260413 -1.3358258838427055 -1.3104554546246763 -0.75404126530346405 1.2 1.7400945685671032 0.64698842941743362 1.2618763145919658
1843 135 0.00039062500000000002 0.00069444444444444447 0.81964817286070368 1.86562474970787 0.38283558098813408 0.8754987660845317 0.033790424955816467 1.4869214539922782 -0.041093748995356894 0.095785583179061717 0.021153475002895328 -0.76476157850502213 1.0839437227670534 0.6812838687611702 0.031534213524628291 1.9263299953318604 -1.6287720485228636 -0.4498255198867307 1.2 2.6456082128235092 -0.48107530691176892 0.45454620550641006
1416 463 0.00052083333333333333 0.00092592592592592596 0.51489625585951726 -0.3945360672539624 -0.58148858726761077 0.74523418694776922 -0.043786559808884108 1.7560041222157245 -0.3604661329964256 -1.1208660527896637 -0.01633528127584076 -0.60256506704282264 1.578427301852392 -1.7229607899201227 -0.082180687295291807 -1.1089221733162362 -0.80157174712099488 -0.72884661812320362 1.2 -1.1969712009816413 -0.27889598895528994 -1.251956984710676
960 6 0.00078125000000000004 0.0013888888888888889 0.49479398989449136 1.9579796420472375 0.86540080718934664 0.31323552601732274 0.054612881785156081 -1.9067414194065653 -0.72573643310860447 0.069928202742297163 -0.078858060581143474 1.0465220267501532 1.6174074825705289 -0.73632174121377014 0.037541273622946181 -0.157015395611523 0.229066819194232 -0.33923588027357532 1.2 -0.45443025285581229 0.64193439024738475 -0.40910520043434262
1623 517 0.00052083333333333333 0.00092592592592592596 0.74548761203696545 0.83906528816115244 1.3275109439393922 1.567298714934771 0.033920735233331084 0.17813533224339029 -0.0080201704330287171 -0.6984667633306163 -0.00023108496476176299 -1.2351693406795192 -1.1446064421347435 1.0923114917845593 0.024363178905586924 -0.0074876318841834433 -1.827979439285814 -1.9158942303914297 1.2 -0.27460785775456342 -1.4208313057709543 -0.038225245700672032
544 581 0.00052083333333333333 0.00092592592592592596 0.83542517578519426 -1.1700700614040254 -1.9375357321039512 -1.7768717490348505 -0.070587478907459492 -1.8319321732136391 1.9128955083595498 -1.8629615911795874 -0.053529231992325045 1.5289887443315808 0.65184845905244249 0.50710478722298546 0.019238796568294012 -0.61897898594319622 1.7819710070163635 -0.56677079844531209 1.2 1.0438521212200387 2.4130736054921846 0.61491850670268788
67 587 0.00078125000000000004 0.0013888888888888889 0.21539293424106876 1.9277228375362969 0.35393990769417405 -0.71371931607943262 0.015081871657994975 -1.8479598211838679 -1.0167592287404061 -1.329879292295943 0.01791860566754308 0.93999798016145508 -0.51856089713479836 0.80876918731142133 -0.049936663528484165 0.96243817299420975 -1.9661252588229874 -1.608935513732126 1.2 0.52240763561170822 -1.5045092771415374 0.037891282822975214
624 451 0.00078125000000000004 0.0013888888888888889 0.63176600736751476 -0.55984201162111979 -0.91006407087284069 -1.6635924283203094 0.075242693376787045 0.26019248263391326 -0.1115704660239154 0.6212933073069693 0.01407142441683433 0.71662604877708125 0.28493671931566178 -1.795730537859213 0.042512238905177052 1.630769506039595 1.9148133178083069 -1.9490567204672291 1.2 1.6627130948062838 1.7562805875207879 -2.6207675488642321
1879 322 0.00052083333333333333 0.00092592592592592596 0.80277096871035436 1.9388168367210108 1.8872774370567034 -0.47258588915912059 -0.028665859968792715 -1.1001926175386072 1.8038564582607073 -0.66954554096852226 -0.081599399897004071 0.82114266417678827 -1.9751376938792755 1.8607587478476368 -0.063609140964288227 1.8226899506276242 1.6800027216700282 -0.77111885446553741 1.2 3.5786524441227474 2.4146593584652645 0.00029166551067478846
913 744 0.00052083333333333333 0.00092592592592592596 0.86752056239382802 -0.33711120363209712 -0.7343117916962143 -1.5940928009162674 -0.023442330186001906 -0.20950032465805268 -0.94370837284828912 -1.6004774534959618 0.046738226663148807 -1.3791994551338087 0.065310175970795026 -1.1826926800902129 -0.094277831771520923 -0.99936507507559913 -0.54856382405867166 1.4972605983191989 1.2 -1.9064005649357898 -0.089821664280706398 1.0480402249198837
712 124 0.00052083333333333333 0.00092592592592592596 0.675048873528587 1.4401597910865629 -0.12955535778894323 1.1342124296281626 -0.081726008990580939 -0.17616223326400382 0.37299950063041543 -0.56276755895109698 0.067603174370057945 -1.8575475996344482 1.6147324808444004 -1.3413651001099698 0.044212127632045489 0.2345672478909786 0.077258728753402117 0.90528794279295655 1.2 -1.1713628617755187 1.1417980396101346 -0.55692196364485536
1216 448 0.00078125000000000004 0.0013888888888888889 0.071624090615783079 0.442941216906656 1.7743470871359532 -0.29262837368409311 0.023780194865661047 -0.34148608483681953 0.83211042796548806 -1.5109541552291677 -0.0096055926095458821 0.65930514309159571 1.2334990232032621 -0.18920156496316931 0.071627670695458695 -0.56458652407480736 0.85603647005512107 1.5394324347768711 1.2 -0.028010611114848285 1.902595198582651 1.3294111079648845
1848 234 0.00039062500000000002 0.00069444444444444447 0.67568356638149163 1.6417340034301877 -1.6909435495939444 0.66229820490254454 -0.014652067829886012 -1.4503816247216963 1.736590710653704 1.1071655624134555 -0.098426186324670248 -0.13643036171667067 -1.5937314528198465 -0.98665642350484539 0.020663909708285508 -0.84397336812671453 -0.22893373954549823 0.32134252518381201 1.2 -1.0384821175044732 -0.77629236378638322 0.60941665365428455
928 549 0.00078125000000000004 0.0013888888888888889 0.71039176855444441 0.8626079076475559 0.30142731108211906 1.6809185350478599 0.017411701878548638 0.77891036596724827 1.0320361862043175 0.23129088610169957 -0.068741290829420182 0.54139493941200767 -0.57348565934113394 -0.066080651255261191 0.00030773682176114814 1.295852983867424 0.59476700199737476 1.2789513563170734 1.2 1.3335666908776038 -0.1768187371521785 1.5012920293064957
1525 825 0.00039062500000000002 0.00069444444444444447 0.94088578062159933 -0.091084740650967611 1.4580508727720609 1.8463170757207985 0.09108650007584923 -1.5265713310046074 -0.26734369086008636 -0.04521902776345188 0.014768957787087908 -1.1714171496208032 -1.7648233061264458 -1.5147077126334945 0.019684337312271968 -1.9972593143164814 1.1607230197594962 -1.9487575420027983 1.2 -2.3449108247984287 -0.14665856077907954 -2.4421425337940286
1081 17 0.00078125000000000004 0.0013888888888888889 0.65892641990085865 -1.4420962839091644 -1.5402361648503566 -0.57530789123026294 0.065448469667990006 0.80053663707481526 0.83469480175096011 -0.81503124932309001 -0.045308296150155594 0.92437038069076261 1.4846973634926512 -0.43943982932724657 -0.081140031689351383 -0.40181842772832255 -0.92918757785999739 1.0726566870273073 1.2 -0.022572090537422547 -0.19091796352199186 -0.33884161213964981
23 191 0.00078125000000000004 0.0013888888888888889 0.72086326743297402 -1.6911320319231193 1.8044622510923443 1.8396067302899644 -0.050797371789436441 -1.6626422270886119 0.8246397945879087 -0.98911210610348776 -0.014923578011390479 1.4523418377455277 -1.4962839070001852 -1.9231887481446024 -0.096645249845540487 0.1749975744424126 -1.8448085082948205 1.8662630729127567 1.2 1.768149185529887 -3.6472987509473138 -1.4971785869824561
187 883 0.00052083333333333333 0.00092592592592592596 0.0090443473671071133 -1.7309131890773779 0.38851796160277985 1.2500827983323699 0.015401174687877203 0.86628984203806825 1.3690023457098954 1.3443999937739211 -0.017794963062433861 0.67975725024203459 1.4031068913999731 -1.3572834629084234 -0.061014664008370745 1.3953845539561778 -0.35755775895730713 0.99217855453843473 1.2 1.8719690167183245 -1.2753447204965067 -0.73533848419125736
450 92 0.00039062500000000002 0.00069444444444444447 0.74654490662131667 1.063893906180819 1.7915344134589648 -0.6290158622224169 0.048050841685698814 1.8506411207774822 -0.4006221956235847 -1.3787741072092992 -0.06912919744548221 1.6287871174519917 1.1662071108130889 -0.98707617426793437 0.066922136617203504 -0.70307927203744347 0.35551129312571739 -1.631718902946885 1.2 1.2397278981494706 -0.24514151233131376 -2.7297574761124874
552 498 0.00078125000000000004 0.0013888888888888889 0.7342835076775186 0.58344699079024931 -1.2669794835405126 -0.85533899986779582 0.0071141113690392499 1.0288503559059978 -0.81503123531981991 -1.0691695007433477 0.041529734356673897 -0.49263373302330216 1.1614112625024968 -0.5484374853777183 0.045558521945834651 1.9736546513333848 0.71428751239439592 -0.80071856895404547 1.2 0.93409736657849252 1.6883422557383938 -0.55499503101794934
864 144 0.00052083333333333333 0.00092592592592592596 0.78370224894442497 -0.49104595771466153 -0.42386032784009897 1.7531230089733647 0.082540614232738008 1.2935984068501671 1.4003021527883139 -0.17651251710675542 -0.017643018032168015 -0.73020299283458678 -1.0787560098301294 1.185643553940388 -0.06531978701946313 1.9743369043009249 1.0602646168255676 0.38045131200046933 1.2 2.1268214689824414 1.1373819157081373 0.89206893673455567
381 1037 0.00052083333333333333 0.00092592592592592596 0.18060373370612448 0.94783259873240455 -1.5331313668845961 0.48831251468304382 0.011521468981800037 1.1137608699395765 1.4632168905251866 1.2712861765888093 0.086375518990084527 -0.91929672310461186 -1.8242442118534976 0.5301240033451613 0.040455953379676723 0.9838630404136568 -1.8092010137679364 -0.71980508319123704 1.2 -0.69543775792564222 -2.2866549937888569 -1.8643637614360247
746 452 0.00078125000000000004 0.0013888888888888889 0.32611742649641484 0.38336060438736919 -0.96980243927927878 -0.16146692294030718 0.057133873645161343 0.86778914865576207 0.88546576186542092 -0.56447026050390692 -0.052553191281643423 -1.4084449280902875 0.8875235582700336 1.836242490305918 -0.038897930903956462 0.85088821360982969 -0.77242055663596298 -0.15440976859911171 1.2 0.19200603398890173 -0.72036855518741472 0.46482483409482245
866 594 0.00078125000000000004 0.0013888888888888889 0.53875311986413355 0.41612253691008094 -0.949909780753738 0.91475613345564222 -0.097334306374175464 1.4458917427514222 1.4699756149498477 1.5501938538865141 -0.041694177618545797 1.9330259944155643 -1.3606014928987622 0.72857615707450085 -0.018555505260800673 1.1522295668225682 0.65613954537337138 -1.0659157103087078 1.2 1.1829424857985948 -1.158853540801575 -1.1494181550848779
26 844 0.00052083333333333333 0.00092592592592592596 0.87646159645605703 0.34001985390517664 0.21679889385589446 1.7091378059989513 -0.034274013060715564 -0.6524124327618086 -1.6308533395845708 -0.84712339673688009 0.090995458416515435 1.8359142139635387 0.48619966905125489 0.95061913278545207 0.044488043982261527 0.65310764949865385 0.032700816639475772 1.2555948521325533 1.2 1.8832546361222957 0.95629289714249988 0.74078182074086885
1263 716 0.00078125000000000004 0.0013888888888888889 0.14381780542603112 1.0917153805168196 -1.7991343469500403 0.78437417127815179 0.0090631027224495897 0.4511270931614364 1.9259617416632318 0.18351815653475345 0.046869582836024382 0.79762228454115114 1.6226856318367036 -0.25742057320083456 0.079477483253236419 0.015582262107501688 0.20096004657185196 0.18221279155746739 1.2 0.63647456660902679 -2.747938743383997 0.61985074401222062
899 1147 0.00039062500000000002 0.00069444444444444447 0.11276311049029082 -0.5378396093123623 1.3781955314752747 1.5963284416094727 -0.068627689207896705 -1.4383734533086465 1.5852792364111674 -0.91261762651093514 -0.075145723861324523 1.8925786919512122 -1.8944522918542273 -0.69039674500879977 -0.085264230343185379 0.15013975908138333 -1.4722161465459283 1.8393938378222718 1.2 1.0972312823577279 -2.4189748852142205 1.4568027799675063
266 661 0.00052083333333333333 0.00092592592592592596 0.40434595007164548 -0.7519346013268593 1.3278083789722763 0.22882913923854531 -0.08427366985238563 0.62083357067345757 -1.9648038926791385 1.1288029854228032 0.032256680901025792 -0.62053335342295135 1.5886633266202188 0.97942228443529578 -0.033072303974788317 -0.041952733992267177 -0.18586780395802061 -1.234478899676124 1.2 0.089211140673617212 -0.048877772730306211 -1.0141026663760691
2170 1074 0.00039062500000000002 0.00069444444444444447 0.42943492756911861 -1.8798521319048329 0.49572508499928736 -0.13862989283570348 0.031209571677874581 1.8938131744682103 1.0031484519394174 0.77369709277518472 0.051082422985191223 0.74827977278401736 0.42179307361832441 -1.5788650688750283 -0.051252532503372007 -1.3125069689206121 -1.3826675744097567 -1.4914544139636519 1.2 -2.7512009189770037 -1.1498586065421716 -2.2535042271728072
870 187 0.00039062500000000002 0.00069444444444444447 0.69478732499699269 -1.2245227912213594 -0.96393395257813497 -1.2792129092396389 -0.099813092502109416 1.8404837744102935 -0.55212629711710148 0.30508475280394132 0.044856629274971027 1.9813346192017018 1.1004927198031766 -1.6961682394235487 0.0073957359088731439 0.23793083413117655 -1.7775248562763415 0.25933744605617282 1.2 2.6510452140341454 -0.87611080936014341 -0.22377944198732388
1057 442 0.00078125000000000004 0.0013888888888888889 0.036710415722212883 -1.9554104011929927 1.8285465675731785 1.0611838795729249 -0.076628989191359811 1.145381436680363 -0.73620603676954888 0.17094471565370384 0.085004859908004077 -0.37664834884527476 1.5904871608188218 -0.93200811379862447 0.042694118873642856 -1.1798497495715128 -1.9558169639356886 -0.67845906766476505 1.2 -2.4130050825976288 -0.4733463255328953 -0.052638199892305892
1317 952 0.00039062500000000002 0.00069444444444444447 0.95781229358000652 -0.94074675514379669 1.4767744032777852 1.4824386175286071 0.083324773176746997 1.2318080101435185 1.9910536117014135 0.66248541226256474 -0.050904883317365583 0.3691207776024692 -1.4364493361370965 1.7447235046474057 -0.029128034342066011 0.88430712740994544 -1.8452436682260971 0.57944542820851996 1.2 0.68223082537989488 -3.208090830738604 1.7465165539133505
729 1273 0.00039062500000000002 0.00069444444444444447 0.3567893099134179 -1.6000481772822841 -0.7091411094155764 -0.88882740070493504 -0.017259389933629632 -0.67611065987057462 1.5210307959400828 -0.55738334503377684 0.099899598707512 0.13170486144871063 0.87714948503464729 -1.5195491664164407 -0.032818844321798032 0.84505942316404914 -0.8100498149349189 -0.83921708377049287 1.2 1.8767778312146621 -1.2167124420525957 -0.50997795085035968
724 170 0.00052083333333333333 0.00092592592592592596 0.3619251771930988 1.1877299068304814 -0.66137562114077042 1.4824070570066974 -0.027055889091286353 1.1537109947368296 1.4579379029712105 0.40552590580373282 0.05635649934416806 1.5347734597512614 1.5567968622462409 1.8769962688806774 0.012669791023510957 -1.6475028266160714 0.67125945215156246 -1.5958542649671519 1.2 -0.47524748258091609 1.9159730816152609 -0.80229006286843363
179 559 0.00039062500000000002 0.00069444444444444447 0.39948069552433657 1.9021486591079957 -1.1597432812721205 0.55229502708400346 0.09983148406029882 -1.9750461638223578 0.63540789610009574 1.1351186690194024 0.063536168467899307 0.78203181843538694 0.45483619817731746 1.2777859276945818 -0.033562195392636718 1.1631889927231009 -1.7210919720225171 -1.0458422967075922 1.2 -0.53822238414092183 -0.35934576925894779 -0.67914835212044833
1052 1037 0.00039062500000000002 0.00069444444444444447 0.97919186023220328 -0.42163030337113838 -0.16948123724942077 1.0721665710186734 0.097861738442567486 -0.7746170782033408 0.66407569655564691 -1.6584138879627113 -0.067531333310614006 0.19067915589901796 -0.0054896702012476872 -1.9173865959226917 0.029769810079520842 1.4896459190758162 -1.1882574077658732 -0.60093224954569369 1.2 1.6857179574736845 -1.1730217000355743 -1.5607017164411126
305 581 0.00078125000000000004 0.0013888888888888889 0.10588571077678312 -1.7272850468877623 1.6755193770437247 0.76185306493011629 -0.031884237194689288 0.64923525998163889 -0.14703860164737659 0.34771383378864229 -0.07352942516418054 -1.7113670159308589 0.015238375985210606 -0.61305703208585927 -0.066259056711018643 0.58860863603287905 -0.85169647896296308 0.41796266250706005 1.2 0.72573364123890549 -1.3031696207645704 -0.20645574865179447
182 310 0.00078125000000000004 0.0013888888888888889 0.47996754873933817 -0.32643550836794555 -0.077606501783153092 -0.18035242908506177 -0.028204929846031387 0.11458703006493032 -0.7045073693185353 0.50442326550775229 0.072535893249197653 1.1388112683983551 -1.2702060515874463 0.94811691393871333 -0.073309559653073175 -0.049081508577512256 1.605070431804005 1.0580379175147798 1.2 0.62481049244693032 0.79837635955563502 1.4321819796147948
398 18 0.00078125000000000004 0.0013888888888888889 0.73048484205924502 -1.8972790154071149 0.48985527265235396 -1.1188578777541376 -0.071266863235774275 0.82045948472244712 1.7490614901551087 1.3974684346664712 -0.079371824095611054 -0.34566503804708315 -1.3474075119093625 0.96826392296972053 0.025727764959390997 -1.5123688548406986 -0.024197387921804037 -0.45832577183770029 1.2 -0.23124591273788775 0.39805197476722337 1.7061147057522112
264 13 0.00052083333333333333 0.00092592592592592596 0.25197341426663905 0.52345701897267505 -1.1571974860458534 1.5150566409936075 -0.048867410921833554 -0.23588672559580681 -0.29337065842497045 -0.79112544547078079 0.096993388866506547 -0.16792960436444782 -0.2903124132356858 -1.2180358050959224 0.064645414068875667 0.11020918848875061 -1.2906326377824962 0.34722102359244156 1.2 -0.40209729721028292 -0.60274688863064729 -1.3583295018304229
962 39 0.00052083333333333333 0.00092592592592592596 0.097422821030674761 0.40569097689373068 -0.38513783468937346 1.1422115799561943 0.090328599381003405 -0.013852317379259294 1.9286659504447217 1.9067420119799721 0.015099388101082981 -1.9082207742231634 1.2300663797056526 0.56762797809072962 -0.046247254834726449 -1.6652597558284676 -1.4471097654300555 -1.5003799660017494 1.2 -1.5399757792625182 0.37968263219311715 0.26878996272017225
1488 427 0.00052083333333333333 0.00092592592592592596 0.098616550164993863 0.40692060193693269 -0.24759863543192351 -0.019669908866852825 -0.06892810680296918 0.48994296455327158 -0.67663047817802857 1.2429638414828572 0.038096642501114553 0.17938160930929392 1.5221764671520281 -1.2958911647708642 0.008324217552867913 -0.74021868909378163 0.4244159029771053 0.99864638593399269 1.2 -0.33860192309661352 0.25388787486639397 0.95572371937081058
937 660 0.00078125000000000004 0.0013888888888888889 0.9314972878431087 0.73499903799806043 1.3668321006253299 -0.67686218809702181 0.045445025963493368 0.95208925159766222 0.076650843482940267 -0.52128411343759318 -0.068057596767555323 0.055389221380043541 -0.89162232512495176 1.0783591674282436 -0.068175949952577836 1.1238258213372156 -1.6568042359422468 -0.40942818851266249 1.2 0.5948069365475549 -1.5776697540923621 0.58920952343973987
948 146 0.00078125000000000004 0.0013888888888888889 0.22425078204000015 -1.09582999308211 -0.70687903210049274 0.31010768763954344 -0.099785154431862533 -0.065331990183702615 1.6256840070132745 1.6705461010484055 0.076231282513443771 1.1009745830685689 0.015486207100146032 0.91921678320055733 0.042711702648383143 0.972348751339847 -1.1350957925578005 0.012933633114883047 1.2 0.54054849763346646 -0.42118581498306751 1.1264527433533773
2444 258 0.00039062500000000002 0.00069444444444444447 0.59165489953241157 0.12394497461902709 0.10712744916474826 0.96455449476777089 -0.028210773527171232 -1.1270677098030681 -1.688785783717007 -1.4249270926716147 0.02647771435490745 0.86383166908198739 -1.2025147038045434 -1.573313303890131 -0.020672055857252708 -1.2289324098034076 -1.0247757375520745 -1.3911954386568506 1.2 -1.1258823674214475 -2.3079550133910773 -1.9997650677981937
2 394 0.00052083333333333333 0.00092592592592592596 0.31967332307764995 1.583619955358599 -0.81048859061667411 0.19939471705596912 -0.096637193056979362 -1.8750255077849705 1.7519322610434096 1.5732315322153676 -0.064674552486199355 0.45109465865439669 -1.607030078992751 -0.2805299488531654 -0.078906041667416826 -1.2288659191389537 -1.3700993722353463 -0.86059847803334133 1.2 -2.5279454519591851 -0.48127999460913029 -0.57847414299898003
753 183 0.00039062500000000002 0.00069444444444444447 0.77477717910514587 0.61940815131426818 0.89171783544260164 1.8165486975107847 0.088613840212242306 1.3237847749755729 1.9573318666782016 0.055094998850011123 0.052483883922533309 0.051124495093950451 -0.5416424977975729 -0.19256085885440033 -0.012575686310171807 -0.41629327133146399 -1.5569398917791881 -1.0131146189771654 1.2 0.29754033166441474 -0.74179352611324734 -1.5662896536041653
990 704 0.00078125000000000004 0.0013888888888888889 0.27083443995080136 0.19390592268240825 0.78107415516281264 1.1022648852716879 0.00039439600665649999 1.7586406022959546 -0.70187997332245189 1.0806977740850745 0.011993824179751783 -0.6260880118623251 1.0576049086466077 1.3196795882142554 -0.020974499286311454 -1.5061414333357259 -1.0528062455102516 0.82868618578673692 1.2 -2.7491765590305728 0.281516108845139 0.63867994669010064
1942 1168 0.00039062500000000002 0.00069444444444444447 0.67779754439048234 0.85075482584112105 -0.14827217532929327 -1.1521527304746679 -0.071792955240585543 0.4765058653953731 1.9415878738529688 0.37643617404045981 0.057039951499411629 -1.9209922088735185 0.11737768424436412 0.073210830915963143 -0.045693048428295226 -0.50929393626100827 0.88171348654964987 1.9280845949117777 1.2 -1.5212702760291261 -0.29636623497784848 1.0461075452251896
669 373 0.00078125000000000004 0.0013888888888888889 0.064965206752352248 -1.1881010510694283 -1.5791752827698056 -1.7157973945251643 0.036096846571158969 -1.8063748879870238 0.096381355213326358 -0.37698545722574606 0.082680208914896081 -0.24823529821942181 0.48510102518665699 -1.5981141855140115 0.068714248420135793 1.8300472724120374 -0.61447972144494933 0.87015729097143879 1.2 1.5185819468652977 -0.54809180813023906 0.58301657177038568
1222 509 0.00078125000000000004 0.0013888888888888889 0.31101655088037483 1.3300885383478502 -0.17440932299653289 0.3573804072859188 -0.021254765758265598 -0.2726658779975315 -0.96865820196128993 -1.3727883613208953 0.063232168989793808 0.68330303716010787 0.080519989775174938 1.6580255746269974 -0.050605082168458076 0.24961203583135916 0.83171407588513935 -0.52767864849438029 1.2 1.5684716362614819 0.96629599880629269 0.77578702688899548
112 84 0.00078125000000000004 0.0013888888888888889 0.0044747343408014992 1.3829934294751416 1.895953196844018 0.46927840309409374 0.012859045513606143 -1.4653994542410991 1.0304052113464461 0.35528388467291139 -0.027177240807377406 -1.5813815881288362 0.53004326709068339 0.98775780840205529 0.020990654366750294 1.0495009435848557 0.57421496522349313 1.0648610342139446 1.2 -1.0429580502974309 -0.16903198590657695 0.81662200785750083
882 91 0.00078125000000000004 0.0013888888888888889 0.90185983216486976 -0.095716008332347169 1.1529875022016136 -0.54015147700130139 -0.038405670217446633 1.6555606042762339 -1.4787443215770852 -1.5510952212279858 -0.055882381905519064 1.3689463317784969 1.5921736742605024 0.73124445968243901 0.0058205250676982151 -1.7328826341234804 0.90650296499072125 -1.2166853041840135 1.2 0.60940719774051832 1.4589828106906664 -1.6698870201107192
930 424 0.00052083333333333333 0.00092592592592592596 0.37941436630927466 0.72589824985646878 -0.95194619394978508 -0.28441536494971853 -0.024667822059164984 -0.9260807794707504 -1.4376756793632413 -1.5931527503380831 -0.086518408779345413 -0.97530356273662866 -1.762956424676017 1.8826967637629348 0.082043281378073457 1.9234139892187594 1.1918081431783425 1.3227872377058389 1.2 1.0985709060026834 0.20164053084060787 1.4052399695283073
1299 37 0.00052083333333333333 0.00092592592592592596 0.019515961614528017 -1.7376925962631069 -1.0832348587894169 0.58252066475498054 3.9208906615378902e-05 -0.74265046974299231 -0.06113752547886131 -1.6724377467383453 -0.091811803847053966 -0.37440632532130325 -0.28623670781248345 -1.3381314733582461 0.086725732782587966 1.6412168359063024 0.61749736691221102 0.09389678729240547 1.2 0.29410854610168946 0.15402882779774821 -1.1489226491357623
796 749 0.00052083333333333333 0.00092592592592592596 0.34232482466414799 1.1790173380751408 1.5348679300332768 1.5959406059892931 -0.069361226909262039 -1.3786145748103191 1.8777716135338376 -1.8942156184828156 0.0083120716677747841 -0.079990519804169047 -0.54820371929143219 0.81133459772649541 0.085453393582466702 -0.64375343421761633 -0.98379039867756424 0.14013668822457337 1.2 -0.27231779828042085 -1.7460780133156335 0.71168546029461721
1696 317 0.00052083333333333333 0.00092592592592592596 0.99070061548968513 0.99319705036629857 -0.11607184629857326 -0.11433109494166427 0.078074087080960919 1.0556538893389309 1.641312147107902 -1.2967653109306321 -0.0094884983269194756 1.2467249830349334 0.78164185733181579 -1.7981340673031667 0.056920574184245787 -1.3858151490984203 -1.9312987925313694 0.11055588256544135 1.2 0.79721851914262742 -0.43409194761298853 -1.7471212167641346
1403 266 0.00039062500000000002 0.00069444444444444447 0.060573106570329494 1.2032710105887561 -1.7839810296836496 1.2110577260336322 -0.079924277789178058 0.9302983311934736 -0.77137261277154145 -1.4498976051296806 -0.037951687901726788 0.92365179701883315 -0.11243321927875183 -0.47824250777983135 -0.048786988904072959 -1.2873398522145294 -1.3513067719712142 1.7816313510659634 1.2 -0.45419820792503418 -1.7299217380633896 0.82053619636179742
371 493 0.00078125000000000004 0.0013888888888888889 0.59645062705443852 -1.9777290375619114 -0.51061042497882481 1.7085935822162197 -0.068305797606610097 1.3305617131872713 0.31160608160239711 0.59867103641781716 -0.046298557610651894 1.3859944971744893 -1.1003238523991157 -1.3823139381471328 -0.073172230338781868 0.9823597908486934 1.3028666781245826 -1.49755819451393 1.2 1.7845383302638274 0.61990699578200981 -2.7124480439733603
904 101 0.00078125000000000004 0.0013888888888888889 0.80126292087569495 1.4260831795976734 -0.39977868636403446 1.9701342518763001 -0.011672769952417866 -0.024219275076036162 1.5917173597278631 0.32475623153872935 -0.019071774511253123 0.2536168359230957 1.075898484201705 -0.18669387526621506 -0.077858759314914927 -0.6017177753091536 0.52815694781401312 -0.60114171736159472 1.2 0.15501677777261957 2.1159535111091947 0.26510682128212293
1076 458 0.00078125000000000004 0.0013888888888888889 0.99479514375710021 1.2375741622665055 -1.7728218004117093 -0.89735377144341832 0.024108995989264595 0.5040799982551758 0.52639946699447027 0.16662715948679452 -0.085117245897345623 -0.64753584444146473 0.32065183298116873 -1.9641490007973221 -0.01097954726731476 -0.082630275124933927 0.57033797199158487 0.93544676641710378 1.2 -0.016807666740789765 -0.3774610084727944 -1.3639975829393418
862 201 0.00039062500000000002 0.00069444444444444447 0.32711062404777197 0.92193848866692685 0.45811128404644785 -1.8728711720309241 -0.034767011365235731 1.5171530118876495 0.85160556746568083 1.5250407558375079 0.057116585851333002 -0.71925548497030967 1.7196719535406362 0.15181352795366054 -0.059536126480028755 -0.0541663935655885 -0.61155037649196009 -1.093772804503045 1.2 0.40746893634453385 0.33643541811188099 0.5393411926403584
248 491 0.00078125000000000004 0.0013888888888888889 0.67737401787942575 -0.97330059450804374 0.17319749716787269 0.13239209774586458 -0.048986737695350495 -0.62311915216127067 -1.380912748374834 1.5140518192848083 0.052560090062417519 -0.41207314321304889 -1.2126896813046191 -0.73006517245918623 -0.021872396625524024 0.086015755698433338 0.017395355396728096 -1.7079408035387842 1.2 0.52668192079531595 -0.33912798099372432 -2.3717556417214456
771 126 0.00039062500000000002 0.00069444444444444447 0.084808874569558032 0.76000634787094601 0.1319265710682358 1.3326510862106726 0.058814491053064799 -0.57827667188006826 0.73901400271018236 -0.24715286263454894 0.063582738909426867 -0.58396201948620075 0.27742806879561055 -0.32278043510559229 -0.034794646491624823 1.3754792008122454 -0.64268843866845859 -0.73395657008743287 1.2 0.44641943826140362 -0.050890495956502496 -1.2188910847697547
2262 624 0.00039062500000000002 0.00069444444444444447 0.67887241356987904 -1.5342625710510953 -1.0331382664514499 1.8137515985157959 0.0538911872579384 -0.48230520753142025 -1.4482857196000296 1.574049199227987 -0.066036313972182861 -0.22214069846170004 -1.5932287458927092 -0.62988384309168222 0.070588752919087477 0.97067780565226469 -1.8373295588305707 -0.59855013473794916 1.2 -0.32936911596942636 -3.0487764111096185 0.44888946301183313
290 486 0.00052083333333333333 0.00092592592592592596 0.61530747491622961 0.78630198345116309 -1.4759713644074921 -1.8602710801335949 -0.04775116292194246 1.7743278677273686 0.76710895727473227 -0.32724473264527054 -0.033417486065818028 1.283556680153811 -0.3321262108919627 -0.30968494429539151 0.056165568601217325 -1.73526729410117 -0.68483090388716983 -1.6209265306828153 1.2 -1.0423149512098078 0.17092743507252933 -0.43221246187146156
881 78 0.00052083333333333333 0.00092592592592592596 0.60330247332579212 0.48374515957466224 0.71203240621226316 0.33046577941197386 0.098839091661801382 0.7235947127395117 -1.6900223948980386 1.2137032239153136 0.054881953152262075 0.18929173142991207 -1.1426487341751095 0.99000336333358296 0.016558896466269027 1.3898898232600425 0.51184598788859947 -0.86057726010138236 1.2 1.6679371093266087 -1.3453458476937199 0.59811943228726139
480 588 0.00078125000000000004 0.0013888888888888889 0.042654056919951326 1.498365767693759 -1.5621328312210356 -0.055379681794785363 0.016178987210118706 0.36963098400911809 -0.77148707078788625 1.4046025450931436 0.087200667571839419 -1.5056872993505395 -0.29170785334037541 0.77402210964555529 0.027868207175363702 1.627028575816249 -1.2405215286789972 -0.91126971749144348 1.2 0.83619202179465968 -0.32752542187047001 -1.5378984365846877
950 442 0.00039062500000000002 0.00069444444444444447 0.38100495496997561 -1.8837076707628353 -1.369382553093728 1.2849923177565863 0.099212541590986469 -0.42854722123724809 -1.8100603144984642 0.17978597024384468 -0.018970925608582961 0.68382532621734837 0.53287301682099297 0.43291088902049957 -0.019374698916668015 1.3429346207966262 -1.075786378584739 1.3318532494279216 1.2 1.6582760616660597 -1.050105370513817 1.0651293487635147
2 817 0.00039062500000000002 0.00069444444444444447 0.3016292824809732 0.78813530315087243 0.91088219639465695 0.41251327493954859 0.054348480266062205 1.8977331302695277 0.54782819596142884 1.0168938093235953 0.060186623441983722 1.6552110184499838 0.28483575241119663 1.3687717926242962 -0.059849220517400187 -0.74479112702488859 -1.2519831205014511 -1.7753668453946219 1.2 -1.1514499496743722 -1.9198309013829196 -1.7077472229375528
198 1087 0.00039062500000000002 0.00069444444444444447 0.19882698935744497 0.18868316680512853 -1.1418035125226753 -1.0865435602254436 -0.0017783420927957039 1.9936794087502259 -0.79621508656896856 -0.93497839958923912 0.038471805741485843 1.1626117192274923 0.19063975355853158 -1.5595230212152607 0.070858740699024508 -0.75089045237478613 0.54744128124844105 -0.78381020450708228 1.2 -1.4187509155954952 1.635916550513451 0.25200582357259771
684 221 0.00052083333333333333 0.00092592592592592596 0.49968408813981458 0.80327586523334027 0.79274188628005504 1.672319805996755 -0.08109085570365937 -0.85224893758903297 -1.9213899465571651 0.18023120311468199 0.01300848402692914 -0.039974159315482982 -1.0802658644096845 -1.2347155642079106 0.075916121269638009 0.9023643885778041 1.3479975040359173 0.4746952213144886 1.2 0.11758218078851806 -0.43547038753344347 -0.40657209399740712
2516 65 0.00039062500000000002 0.00069444444444444447 0.47179537146535788 -0.62225695459105346 0.47895638549740926 -0.077118713545912598 -0.055968852065356782 0.0020885517866009451 1.5833581294419505 1.0979817320314309 0.074570747979243984 -1.0589111074541306 1.6479691041331956 -0.14223198240338819 0.02414527664060595 -1.8865294685208513 1.9605576856075988 1.3949749554332658 1.2 -2.4367820134618694 3.787456816127698 1.8377659190469744
207 949 0.00039062500000000002 0.00069444444444444447 0.66581701470497412 1.8156228757811617 0.91705195412239116 -1.3974665995921951 -0.013818051505184031 1.7561523041814122 1.8988279608731138 1.5838311025106822 -0.021141374172574695 1.6911675618082191 0.11647998518342062 1.5293772106129464 0.018999725753240868 -1.4400154998366861 -0.5354155013507591 -1.9064628181121255 1.2 -1.9456849499325497 -1.4878559219385532 -0.18042678656379288
1840 612 0.00039062500000000002 0.00069444444444444447 0.64574062897740947 0.76368436677778462 0.087960075673688021 0.68665315016405737 -0.030614826466646552 1.3504063093068086 1.5437076668982752 0.19837713461456463 0.09110518401613707 -0.19146694269826314 -1.1816681116877961 0.8535857349998186 -0.066684696145912103 -1.4499740945168123 0.21247928537374783 -1.1182256481423987 1.2 -0.89667860633830943 -0.24333432821265444 -0.20458525708377093
116 100 0.00039062500000000002 0.00069444444444444447 0.33351131290498526 -1.3341248977213587 -1.0782689542082071 -0.84865273355740456 0.077389103774240964 -0.22704479282496814 0.29765459271583738 1.4077725738214371 0.011090150784596367 -1.5620159573235912 1.3450454278257058 -1.6125638260334658 0.009729619790489738 -1.5877141534592196 -1.7229190659505429 0.68050911673697945 1.2 -0.9552510877319953 -0.033344895182010198 1.8603873431420364
1094 292 0.00052083333333333333 0.00092592592592592596 0.87108335089792166 -0.79186665713188154 1.9532052643258879 -0.45815857255600134 -0.0028250023552175429 0.76471566941356883 -0.58685150009246545 1.7661724035812534 -0.017242162416331766 -1.5053682793198058 0.30857408654672636 0.37671814852997487 0.095861861016211081 0.13563775549969037 1.8701439008843597 -1.1225014859259592 1.2 -0.73408782533284989 1.6809970743266958 -0.038458765753156585
113 107 0.00078125000000000004 0.0013888888888888889 0.32600081594179109 -0.91246984312322743 -0.60883843858535869 1.3539443224965138 0.096089286520234268 -1.0416651207720355 1.1611686852262184 -0.86440656075292521 -0.07562222869080687 -1.1819640385941352 1.0027714682542679 -0.52120049276163449 0.085502210502514775 1.6424424434605478 -1.8639450048162813 -0.77770162476910798 1.2 1.1655189427669752 -0.20236193998785182 -2.4345377442573959
390 663 0.00078125000000000004 0.0013888888888888889 0.93810197355192615 0.10933891274349339 -1.3777418570284716 -1.8754740835091432 0.010267411144915098 -0.6963211623599741 0.68288192688859839 1.3735716401454292 0.011785076901134922 -1.0769558296832007 -1.9242802615478727 1.6941370851630961 -0.01730183249623915 -0.28448443204391971 1.4417494289827917 1.0758211056076461 1.2 -0.64143155447009848 -0.34366079141378675 1.9133013059908377
1310 64 0.00039062500000000002 0.00069444444444444447 0.050895416940858383 -1.6012809293701538 1.597057526947026 1.0273480818597296 -0.046921004324194063 -0.45493242338052164 1.4567847155511555 -1.5887564105344021 0.066352548925227184 -0.97731587600178438 -1.8349057272931986 0.61347498177881121 0.071396185891894809 -1.4768049499836358 -0.46132538058511097 -0.42149211393323949 1.2 -1.5669028161909995 0.64106960707131322 -1.434939353727366
1895 161 0.00039062500000000002 0.00069444444444444447 0.52632482856309704 1.2509943773910641 1.9849205435191521 1.5171103081839288 -0.068690605612276981 0.36768425267944593 1.1131966244924638 -1.0545799152032638 0.032041068575261206 1.9204978479892549 0.062809464511572433 -0.066865057709863063 -0.015127801866025331 -1.0536396878165806 -1.6707092399706758 1.9478558952276379 1.2 0.71286132434823146 0.15231261605259555 1.5408459624815272
285 258 0.00052083333333333333 0.00092592592592592596 0.27336886434005619 -1.1458581207027323 0.87624333941152344 1.6504038110941943 0.014424246372804816 1.4826980115643873 -0.96954072723175511 -0.55902120663273536 0.012041142823156978 0.41121782583483713 0.049683748344334422 -0.84717260468262889 -0.077379066597469459 0.23469789712279665 -0.45609064127011312 0.72015144629390404 1.2 1.6384161879318766 -1.3307173747150067 -0.81910135760747194
578 180 0.00078125000000000004 0.0013888888888888889 0.78330307978880032 -1.2181605092442656 -0.33239434230786014 1.9381080366650214 -0.092097999833967825 1.4042385394553367 1.3910927584765722 0.23201660489539444 -0.069461140629959853 -1.9555781815949036 -1.7463162537308548 -1.76811565735149 0.041838529519219958 -1.0926625527014195 -0.37942272669441834 1.8146218690735849 1.2 -1.4973190485261891 -0.8465387699971173 0.29751526886695168
559 147 0.00078125000000000004 0.0013888888888888889 0.061170354307387965 -1.178485408859089 -0.97262998271552714 -1.4375328428670322 0.058927116425955633 1.1335560270045923 1.9455302292160628 -0.31403588695131823 0.049652739429577292 -0.80805497688988037 1.2839109529697712 -1.5521927207182511 0.027694225652080628 -0.59708535587353095 1.9346457608666863 1.1469148291867493 1.2 0.13961358708868102 2.6838419009737784 0.85601551652762764
1084 938 0.00052083333333333333 0.00092592592592592596 0.26850429085340521 1.7989087665601105 -0.67037952740454143 -1.8492265825933618 -0.015351517073088794 -0.14612202019725995 -0.50393139762802264 -0.022972058649251892 -0.093703448013919083 -0.89530174281260422 0.93157814146507212 -1.9135233174051782 -0.0071819036895332811 -1.443682227829286 0.74889613847256564 -0.8932799562062268 1.2 -1.0614240420482957 1.0148125801764654 -1.2882540749632265
885 990 0.00052083333333333333 0.00092592592592592596 0.93570408604073607 0.40713626508967504 -0.52808395807175712 1.2369698919216754 -0.053805703641135155 1.4631448348486229 0.43440968419014014 1.8883538752323936 -0.051243430497950992 0.039720773673491916 -1.9101263993963009 -0.17654854706345802 -0.097850511702154336 -1.7139031351519831 1.5880704645507411 -0.62969271068334587 1.2 -2.5351031553158241 -0.45065465774380314 -2.1346128180093538
188 193 0.00078125000000000004 0.0013888888888888889 0.92518888055346826 -1.801886933667848 0.11990412347976509 0.0046763317690778905 0.09797313755742218 -1.3853164049008733 -0.25428740801807326 0.68780658518179427 -0.019620909327674935 0.35896163713410134 0.5421618974319844 -0.11432779468978893 0.016875791804661075 0.36542900364664055 -0.57420730287911725 1.7480692758732963 1.2 1.1675550741960155 -0.24160054036256906 1.7206512929950442
816 397 0.00052083333333333333 0.00092592592592592596 0.082733556943403591 -0.91327264595362756 1.2205751432924155 0.65395094168885581 0.048723614225004819 -1.938539184964212 0.82644919613525314 -0.17085037725342334 0.055583408052754441 1.599912590049188 -0.99026260962508639 1.1717599503771696 -0.075700385033891301 -1.3097631988833287 0.83916224513039062 1.3835670463569314 1.2 -1.292492206087553 0.66011170317202916 1.1136867634807586
139 613 0.00078125000000000004 0.0013888888888888889 0.055967290894235473 0.16760206454127058 -1.2288352612046931 -1.6423644567457356 0.051436000884625882 -0.87249535441457571 1.9886209333872449 0.53339005847413379 0.033212204862743289 -0.14477199304957988 -1.4515358956647364 -0.68890721309348857 0.020594424750055101 -0.77929218624609486 1.4198771769204139 -1.9525349771593641 1.2 -0.26731568823778096 0.79056978749064633 -0.95144377005973246
1147 68 0.00078125000000000004 0.0013888888888888889 0.23767853436387704 1.1028749987260498 1.5345268422650906 1.2420564029490246 0.055853238513988906 -1.0344542585049274 -0.79687339889644182 -0.29459868238363818 0.021726006993441585 -1.5737847242994882 -1.3012761584130352 -0.11916272766731106 0.085755075719416041 0.80823746276200037 -1.0918389110929079 0.23444627574940835 1.2 0.36740281879962139 -0.64693273782000016 0.74282100568946552
198 483 0.00078125000000000004 0.0013888888888888889 0.7742981142144636 -1.0543020213114898 -0.79678982195815884 -0.57383087775385766 0.085700159113726027 0.96203137941542316 0.32960686664665628 -1.9828695216400272 -0.043442992258472306 1.5168292829049936 -1.7258075103134716 -1.9892567004377373 -0.085224768422633601 1.60718603038399 -0.31469927783084284 0.60228633808010246 1.2 2.9170070367069525 -1.114340392078738 0.12671811627002388
2457 1434 0.00039062500000000002 0.00069444444444444447 0.35374747923544353 0.90577696629850557 0.58407572237834993 0.85243250057592723 0.086958781500545534 0.81039477533754933 0.62852065897522635 0.35310285254974305 0.074882407913427318 -0.89672617964110524 -1.6447212784491239 0.5756087063238553 0.033980123728340195 0.3841915228862165 -0.081790314888052329 -0.40432436383077297 1.2 0.078850510392384804 -0.61593043899323574 0.19139403781851907
598 301 0.00078125000000000004 0.0013888888888888889 0.89854715261287799 0.44380390466675834 1.0828709868584316 -0.59623495053284614 0.034727498617943053 -1.2117556586448908 1.3763660628453036 -0.37697459245952203 -0.044990132550739095 0.86833902365000926 1.9082000163799013 -1.5097011531919269 0.080248975417273133 -1.46823044406338 0.77816481340431043 0.69896896103630057 1.2 -0.72367740223424326 2.09593728467271 -0.53872544566995972
2243 1335 0.00039062500000000002 0.00069444444444444447 0.068539778512744579 -1.5247408176319484 0.1655124425779273 0.82809380412823952 -0.014681840057535589 -1.1730296256949972 -1.2240735801326159 0.95325570731385278 -0.047374356476347468 1.9234152281276393 0.085899292668451199 -1.8215705193604563 -0.043008710737006607 0.28417712694475616 -1.7422508031584174 -1.9816076107973593 1.2 0.22100313795551524 -0.46095708538323715 -1.873645154708214
1547 805 0.00052083333333333333 0.00092592592592592596 0.42930268985960901 0.04224121878799858 -0.16812017037245752 0.76826442033893105 0.058809500548962917 -1.9892897900101691 0.030881020127718539 -0.036441939675622148 0.062676043949741356 -1.6375676468295066 1.0751362019067807 0.99815091730661898 -0.050940498539747185 -0.80264821118450191 -0.91468199209845569 1.4537322991000856 1.2 -0.42401742343965759 -0.48270907444816269 2.0031345500642121
604 157 0.00078125000000000004 0.0013888888888888889 0.29022528809192011 -1.3341689125180567 -0.95916617540875571 -1.7199022062975118 0.038701000270024266 1.0267403499149905 1.1013942418362932 0.10635120779242735 -0.025758104395105355 -0.23334273597185717 1.4148679327925944 0.1454464750942992 -0.033179168864999761 1.4876075656909227 1.3755465867891927 1.2384468765563721 1.2 1.7648207167589023 2.0949491864975873 1.2233447749926356
643 512 0.00078125000000000004 0.0013888888888888889 0.29102650586549894 1.8028406860419119 0.087062808017753124 -0.79357165930828177 0.061659845169977578 -1.5670736741065645 0.53719692635346217 -0.51404763649306995 -0.025648004159130267 -0.26550573736378258 1.4841479329764193 0.94952861241552355 -0.011717656877153398 -0.81689512148935517 -1.1682156815948437 -0.20671732456307979 1.2 -0.18254405866969309 -0.79763393841073171 0.23434263042893264
1858 924 0.00052083333333333333 0.00092592592592592596 0.86371666890576926 -1.4993052956244037 -0.39678796441890096 -0.25241580111310569 0.034302871018323577 0.55220254898823518 0.7768174081386694 0.93966871471115665 -0.058609516635425178 1.0778575400722161 -0.6582845817364622 1.6105492130134968 0.00683403334262081 0.67909552474087675 0.65681473310421756 1.9536170042233501 1.2 -0.14564336901933231 -0.65345150621253723 1.9061298094489596
213 359 0.00078125000000000004 0.0013888888888888889 0.066450239014393786 0.14017703791058311 0.69770054517592817 -0.32877478638082458 -0.023623092400844509 -0.60159320151904661 1.2739656999378677 -1.944472513324067 -0.065894552098679643 0.86653833688703097 -1.5617400264636601 1.7888143656542033 -0.073821774364502199 1.3048174484630821 -0.49680644078284875 -0.011553915836779005 1.2 1.0474114025214258 -0.87860493737349987 0.26736429802875755
383 1106 0.00039062500000000002 0.00069444444444444447 0.41828783320636598 1.8973023126260418 0.0030516000102021046 1.5144868989380491 0.089081939622135259 0.044672141841564095 1.3203819438123117 0.94092832677953675 -0.079340894689032146 0.57424700252351313 0.63134084825217807 -1.5355237600770533 0.051049510875296356 -1.4343687675183903 0.10412716209441797 -1.9896820106311135 1.2 -2.1197597120757923 -0.28522806782425153 -3.4936493474385188
962 739 0.00052083333333333333 0.00092592592592592596 0.66055748510550771 -0.24855581231610913 0.39038009020033249 -0.90846798179611721 0.030227577398510508 1.4921761131287337 -1.9316936636810405 0.41763355918565592 -0.056931370926810179 0.078156578393361986 1.8160774495903631 -1.8443864646190846 0.019531707601826098 1.1194276432061439 1.9953718688479793 -1.6746583859160387 1.2 0.50172149183210357 3.1682517986238028 -2.4713180537869133
1839 478 0.00052083333333333333 0.00092592592592592596 0.28247191036660807 0.83393859642956381 1.6126861432456492 0.63453564875879476 -0.044886842428835096 -0.66309522785080288 1.0702662909847844 1.1406833733987503 -0.053275979214032709 -1.4768659240809021 1.2085464660865095 -0.85966133120218391 -0.002782074781644675 1.7097371485667145 -0.47368399091741686 0.34696162651588214 1.2 1.7196297181048996 1.2734491134424244 0.70777172054624216
2511 663 0.00039062500000000002 0.00069444444444444447 0.87606598097545807 -1.8009031559512172 1.4389433319999347 -1.1954056345442257 -0.028417991845859497 0.53149887745565749 0.11709916641659213 1.4131004037543997 0.093106592578119346 -1.3408567171470067 -0.42768057189463748 -0.67773099576872076 0.0083306635919126182 0.81183823612940342 -0.48620079789308424 -0.27952980173551456 1.2 -1.7298594782945809 0.44870646200800307 -1.61083792394326
972 396 0.00078125000000000004 0.0013888888888888889 0.15013151083690832 1.9830216430339891 1.1299900065280877 -1.4898121735269756 -0.018043133459774527 0.014628572033532183 0.54100940124601937 1.9378656690060949 0.0050617975336820498 1.5332344883526097 -0.037930338971990274 1.2493270161117622 0.032681254489693889 -1.5068216206475915 -0.80431524563325141 -1.575518941082485 1.2 -0.20742449198297416 -0.2324623587229952 -1.9735560820697153
527 386 0.00052083333333333333 0.00092592592592592596 0.34482912645698022 1.4751791041142157 -0.6935751913575503 1.1434468020965749 0.054866729455554125 -0.55595671404125779 -0.13282779782399556 0.73506750564656542 0.04332458673763856 -1.5305965799842318 -0.85638829824895613 1.0064350525496022 0.064624050408026351 0.081474914707267754 1.9874424742026613 -0.072696719344632399 1.2 -1.0488255139599609 1.6256534992602916 -0.026321149862510891
1330 1114 0.00039062500000000002 0.00069444444444444447 0.87383151879153009 0.13169112025707141 -1.9630410032806616 -0.056264526582995966 0.014730074901912318 -0.42534043126976373 -0.58515148710493614 -0.50138780123137083 -0.086766612052648004 -1.0355024803890438 0.86206989657526067 0.59491773591888553 -0.015835910284919347 0.473729920710106 -0.55821591959879369 0.55948482812290345 1.2 -0.15626714017754481 0.35506742464013052 1.0952434817421657
2186 1123 0.00039062500000000002 0.00069444444444444447 0.83685371771707662 -1.3623631761611059 1.1172838535866374 -0.49932215905144162 0.042579146588560574 -1.3748211295161541 -1.612771655243693 0.80531050852702979 0.036702739628863751 1.6284137148898883 0.60761745240339593 -0.8183640088823747 0.094129324326077873 0.43762065309127163 -0.72605852446004926 1.0868978814196897 1.2 1.2465534623114036 1.146821030920806 -0.31271115797654248
1809 984 0.00052083333333333333 0.00092592592592592596 0.22197885293841341 0.15963897785579384 0.61796068124003112 0.054533172821354281 0.045110974926681341 0.099814736986478803 -1.1303689248701709 1.2743723518506056 -0.078188842414664117 -0.23755216003808766 0.55239693519772537 0.69028991474636037 -0.0010547296780140797 -0.8058846342656163 -1.9702494493617269 0.48590676678796374 1.2 -0.61310338417531629 -0.28399095293331089 -0.27729443886052346
303 88 0.00078125000000000004 0.0013888888888888889 0.55243502376759157 1.1834553633346037 -1.3584725202873527 -1.6835418144393288 -0.04482613200337815 -0.6444620252237776 0.14481845044193831 -0.02858973849259705 -0.049351989246021334 1.8239739312351961 0.6178381924090508 0.035886534671260684 0.020981889781717972 -0.049435312538286702 -0.93712888954838158 1.6709467601090093 1.2 -0.12528057946666427 0.19004553499779309 2.1323142290798054
431 135 0.00078125000000000004 0.0013888888888888889 0.62905697807018512 -1.384713324423529 0.78518951258229785 -0.8879585875973306 0.052449639871183895 0.7294932243531238 -0.69667929046781918 1.5596904390175315 0.004390061320150046 0.051892578219576269 1.1458977208598458 -1.3038193585933855 -0.03415250348813692 -0.21993522846286861 0.31937009746898815 -1.1047918040723985 1.2 0.61738741625864058 0.30059963428693975 -0.56954722816985459
1055 334 0.00052083333333333333 0.00092592592592592596 0.39551707260981528 -0.86815556247442727 1.1734818731199992 -1.9122513841539011 -0.045357559056063625 1.1019862930229207 0.40842769007173629 -0.58735102645430937 0.025351926346450199 -1.9653675440649794 -0.16397399504193055 -0.22941122031147376 0.081724870460483073 1.9833275483054953 0.21980622705490571 -0.48103576258181668 1.2 1.2436730543939256 0.34515733140084176 -0.79640656824974088
1826 130 0.00039062500000000002 0.00069444444444444447 0.016888006852594419 -1.4312908152139689 -0.26829708000561014 -1.7188034669962153 0.072039669418286656 -1.2640649120843395 0.36215205488077151 0.6971870525996593 0.012138461745382551 -0.53791258296825628 -1.3428506074575552 -0.80534959057568312 0.093925140384237493 0.98178566475127704 0.69207363342184713 1.7223755135357703 1.2 -0.54202328139348788 0.6853171729033265 1.2442810753047757
1834 986 0.00052083333333333333 0.00092592592592592596 0.37846196913189772 1.3052364360052602 -0.44411159732106986 -1.3375595224926622 0.034991212280599787 0.15360837819537831 0.54241515592333389 -0.96525076916464991 0.023351235607713433 -0.87614626715229749 1.3254649089763495 1.6217757610194825 0.013532534054778431 1.2129724428524606 -1.6357359559446438 0.58400306033690974 1.2 1.5959435384605929 -1.6319058893499656 0.638480092470188
180 155 0.00052083333333333333 0.00092592592592592596 0.58711350459943901 -0.9604031980618144 1.3438794789665991 -1.560013592303974 0.049556683396354606 -1.2134215460320292 -1.1296479915707716 1.0362797399917829 0.057574878958189996 1.5031046958278793 -0.28885843877545625 -0.98251285134726896 -0.041136443778846267 -0.60331712760259748 1.4235506089157615 -1.6059795623553121 1.2 0.16573301628387063 -0.54529395902584232 -0.15150205932097754
1499 574 0.00039062500000000002 0.00069444444444444447 0.87545246938700783 0.63058455557943427 0.69179905104034356 -0.17398336933347336 0.013273361594907176 -0.97443412709441724 1.3223268336453455 1.1281991539594292 -0.026621083487739908 0.93533237440131023 0.75514455157275151 -1.7715832681853882 0.066713922046776619 0.79904080520051224 -1.8274682322042906 1.3839758961351971 1.2 1.2181125481391946 -0.6217806732210609 0.024849622968643806
1273 300 0.00078125000000000004 0.0013888888888888889 0.4228100112615592 -1.8916469396436835 1.2005797198922226 0.29920094720602419 0.038663375281827256 1.1515128390781477 1.3158880398951642 1.2218328395065812 0.084157696363771656 -1.0231391103210052 -1.0235202900133467 1.698551010364826 0.083451221163310385 -1.3652348849523368 -1.9207518262616348 -1.5844721059205993 1.2 -2.7029442888535664 -0.73604620253532071 -0.28599145200289422
899 642 0.00052083333333333333 0.00092592592592592596 0.66938510102029514 -0.87127655281530281 -0.04207955454418455 -0.83099255078242251 0.03004247589835457 1.3573798572283464 0.34246715797256488 0.52143547338420992 -0.055285856140118675 -1.7608208285005791 0.9069942065009382 -0.92643689125980355 0.05573836222637657 -0.37960072794973376 -1.0932426520783296 -0.1282601744213161 1.2 -1.4134315392847014 -0.44021411339098865 -0.63809488190070485
890 59 0.00078125000000000004 0.0013888888888888889 0.23755673490817761 -0.085651215645374368 -1.139349075625669 1.644918098970737 0.076749851663820201 -0.1814117830632167 0.75494031369638392 0.34583031497967109 0.074332840300516762 0.56568160834179881 1.5497377909875345 0.77472258514970394 0.012879905255271967 0.013676828315435152 -1.3832855917389866 -1.9668336666144111 1.2 -0.028486769114672669 -0.6415623926781352 -0.65651960204993398
1930 790 0.00039062500000000002 0.00069444444444444447 0.50923898443311022 -0.33464610252054205 0.35887290836035968 -1.4013092796655036 0.0059238663240044342 -1.3289145947413994 1.9262359466296517 -1.1376545496042221 0.05833578326450356 -0.087887822161859308 -0.73030177297869692 -1.6886538311452783 0.019374172701695697 -1.2892168264594459 0.70261088917567793 -0.95539536556597326 1.2 -1.1381364879047118 0.2687972257653507 -2.0014488574471225
286 463 0.00078125000000000004 0.0013888888888888889 0.60692942229788671 -0.050737612502910867 0.99988894391637073 1.6346395610856166 -0.010279778363960948 -1.9103119692480965 1.3917351029657308 1.5477718752739653 0.074773846455602783 1.1829582252338988 -1.5057150695690655 0.65243628399647013 -0.059385405405595518 -0.49566655321956343 0.6099484679413254 1.9594882025114213 1.2 0.69638412275000672 -1.0942246002674196 0.8775982049314488
1843 1042 0.00039062500000000002 0.00069444444444444447 0.1859299958405656 0.27721259127294084 -0.19364122332886424 0.024634585433835454 0.085042783042384523 0.34013006200809981 -1.867499607316192 -1.434665171683895 0.032661385539647481 -1.6793600741747192 -0.36738646702869504 -0.93143330002782898 -0.0081522818714346856 -1.2441348451760157 -0.40413373354935089 -0.89421476289955359 1.2 -1.2991879245815605 0.2282782932607586 -0.33893633719692995
499 612 0.00039062500000000002 0.00069444444444444447 0.13463050984713373 -1.4514751845848699 1.9225201327180006 1.1276480111301566 0.093542480078657619 1.4502817661370813 0.14507426916658783 0.31077562430552819 0.093260618789218597 1.0890135766807236 1.911303272925037 1.4251857536489427 -0.026018790764238769 0.8028276739305733 -1.7945103341141309 -1.3054285983726763 1.2 1.7782800356307682 -2.3303779017786463 -1.5213996290535463
959 737 0.00039062500000000002 0.00069444444444444447 0.79544652023752227 -1.5625995690703949 -1.3670194220253613 -0.81930741698645582 0.095162637295178099 1.3301886734973021 0.46599179547785408 -1.5043026607355117 -0.026741220704646379 1.3968142260922352 -0.43131558398760106 -0.44366749492367452 0.05840081499217592 0.48707259562109551 1.7120452278058682 -1.0113785786017511 1.2 1.5998773411827096 1.3896440541154831 -0.91768476831141788
2017 784 0.00039062500000000002 0.00069444444444444447 0.10040201007686884 -1.9375683924698528 -1.577818547839978 1.385450088076134 -0.015637945963211511 -0.91500607365641207 -1.1725292017599744 1.4261896908305127 0.065121210537126134 1.6498599890653751 1.9894068607058295 1.6818139154986622 0.065374862920475479 -0.39127036912154534 -1.523119831865162 -1.4491981984421058 1.2 -1.0573158042457642 -1.785180455585857 -0.51173617132911164
737 660 0.00039062500000000002 0.00069444444444444447 0.7553331608958066 -1.9709801083278151 -0.29284747558711288 -1.9771571582651997 0.047806953712919958 -0.060559405062114546 -1.1648112178035821 -0.6749240076813483 0.0091594380832157041 -1.6724844806443597 0.88231823180263413 0.64054490499700201 0.025739617714062496 1.3461525899894915 1.8111973687222949 -0.23564735920568047 1.2 0.76105816962351025 2.0880262204923383 0.85869283637452998
338 482 0.00078125000000000004 0.0013888888888888889 0.75595127816541419 0.543134207931947 -1.6502642220286368 1.4240080739524621 0.095423034482785885 0.70128466782283061 1.7823826607219755 -1.4876829424166127 -0.033360705273979455 -0.84567979572663088 -0.089446113730006438 0.56085883083277466 -0.090509274366664991 -1.2624785353897545 1.6795220724287017 1.7056846724780041 1.2 -2.1824387530954037 1.6237383080055829 1.7896994001629714
529 340 0.00039062500000000002 0.00069444444444444447 0.39317173238900094 -1.1246650539372975 -1.2361561462274158 -0.90924170643453817 0.011399067432426649 0.038231337753688699 1.967295537262598 1.0810810657122132 0.046700729017302101 -1.4874365422890512 -1.6289844056744762 1.3971981242108558 -0.0097522681339484302 1.7445795407099909 1.4158788292312767 1.363440276772045 1.2 1.514981907501785 2.0897254976806399 2.4839137398747573
1163 732 0.00052083333333333333 0.00092592592592592596 0.70114966503788612 1.704610699907672 -1.1660822031298648 -0.807280653213855 -0.030448234230445501 -1.2854896238452738 -1.5841448246578906 0.8988708497258 -0.091012428325655439 0.20532021174806969 1.2316416619837525 1.2360433684804986 -0.04013704953627182 0.086523123169170102 -1.3233913271730424 -0.6095784166145064 1.2 0.87663770293867016 -0.11879057680803903 -0.19575485300089718
1262 418 0.00039062500000000002 0.00069444444444444447 0.61622491756086129 -0.48712818709795824 -0.19791298537540092 0.13495978180699009 0.076870271919904004 -1.9403612797411038 0.65979930657305008 -1.1496222352281866 0.0041600934891770774 -1.7221369042800632 -0.81566829698747423 1.5683889960485047 -0.090318241738611832 1.0320779221527663 -0.34324360134539145 0.13747286030156536 1.2 -0.72924607437136513 -0.49507837243586184 0.54208292640481315
19 663 0.00078125000000000004 0.0013888888888888889 0.88343835804826165 1.4090131463915725 -1.9734036495687812 0.82731650539950108 -0.054098264056702927 1.0912275126853062 0.4123371341612363 0.23052313174829964 0.079295818268253881 0.2047540240216863 1.2061963351319451 -0.44801710034824138 0.096721510349189688 -0.85105908590337975 1.158423640067844 1.991536673740701 1.2 -2.3258148512766348 2.9815405173413501 0.47149186884180788
755 484 0.00052083333333333333 0.00092592592592592596 0.21228018385130615 1.4471543696493141 -0.4963200660053908 -1.306946118837256 0.061796362501685992 0.8474112927547548 1.4214532925606251 0.83884195781418569 -0.017566919329783798 0.65591360938761367 0.10517931422790783 -1.4716381104380489 -0.052903251080033978 1.5874912830949399 1.5180425602597456 -1.4633206443642401 1.2 1.2826285541632103 1.526827339895293 -1.2021629279468145
451 708 0.00078125000000000004 0.0013888888888888889 0.34871333339942934 0.50699371927566261 0.86743414713261879 -1.7575514630576099 -0.069528702885817611 -0.65350667300173804 -1.4689529959887091 0.37690913095904 0.061765548204252591 1.8053810786052207 -1.0049470074848559 -0.107514870535518 -0.078266065023293238 -1.695405834712564 -0.016011666529132107 -1.8188685337503494 1.2 -0.513978704629799 0.70592567933691941 -1.5030751381944309
1022 403 0.00078125000000000004 0.0013888888888888889 0.58177532633020268 -0.33784771610469067 -1.5189046399312214 1.7058292292895141 0.056992176700827762 0.22691538450611226 0.095847850894439368 -1.0374439286135901 0.023758817231918555 0.31352918968414834 -0.81467484735226714 -1.1502524741179658 -0.035098407625947542 0.27197122181942657 -0.70432747620863312 -0.78433853104013318 1.2 0.18586416156659719 -1.7324901455025812 -0.25493640604327678
775 1370 0.00039062500000000002 0.00069444444444444447 0.33994810139840986 -0.56486046450121341 1.367062354470622 -1.3985452804789547 -0.059924825175013387 0.76121920976973989 0.32966899610389211 -0.52153060066485413 -0.093624837573156899 -1.0153951945111745 0.59406378391874437 0.76455517170646869 -0.049430784492945315 1.2560235957764418 0.60408681190635072 0.60948141828761937 1.2 0.34515654537639462 -0.023713696997983792 1.4649210013746778
275 639 0.00078125000000000004 0.0013888888888888889 0.45762315196417852 -1.8829566465255287 0.81999678860038827 1.3731881854815771 -0.038251364844246516 0.79155285957909216 -1.8217118329629245 1.091086365717159 -0.050517964276857154 -0.8659744249615744 1.2246639255916869 1.6538252756531073 -0.030410539585235874 1.1679557800967912 -1.9523463413390703 -0.11223420290945185 1.2 0.98590741649039404 -0.35648478857867638 -0.78950684617122258
586 189 0.00078125000000000004 0.0013888888888888889 0.69871826508119772 0.31558632171171741 -0.053854784630999575 0.79925451339625253 -0.06387201550314954 -0.76714478915559026 0.66231640681989612 -1.2447971218583027 -0.0051414917889396339 1.2013791211331424 -1.3266029019646681 -0.33264274330677424 -0.085453810591554658 0.093618888922693877 -0.06553196704164499 -0.96890273335537147 1.2 0.47527723921352211 -0.58981246973951107 -1.6249956865100108
415 59 0.00039062500000000002 0.00069444444444444447 0.093263715078648571 0.75758254437512296 1.7355429877782735 -1.3771175940805063 -0.04158628760964736 -0.1573462138070516 -1.4905403140309703 1.8489495937592144 -0.06333918511300865 -0.20489299641380443 0.5121091909145985 -1.0482169730171051 -0.041856449354353599 1.0106558926315432 -0.50797832634983608 -0.20615150995052112 1.2 0.28775026293441736 -2.5725116886754598 1.9915767722151008
653 599 0.00078125000000000004 0.0013888888888888889 0.47406294199742022 0.97057115996706411 1.6953298395955518 1.2056313452540617 0.085159312272210297 -0.07158875286231936 -1.2158175456587523 -0.84532666991745753 -0.032455662716120173 0.65867003714030492 1.9526746028324529 -0.6835439989815284 0.087535235717343896 0.22482819244589214 1.3879015647534363 0.076062677453854644 1.2 0.47844536563757634 2.4968341492303634 0.26866314277001518
1822 643 0.00052083333333333333 0.00092592592592592596 0.36140402593946513 -0.44013443015539933 0.70415059201798558 -0.29542834051765743 -0.026523708660447717 -0.91744948502834101 -1.2890652518962402 1.5432379243026566 0.026875874328727206 1.388224287596755 -1.1496981642157471 0.44984075773144028 0.013155650027057736 -0.11649839490248048 0.40886864408244206 0.4465620522662852 1.2 0.14086273674788696 0.74254889210609987 0.040760527995621167
318 1175 0.00039062500000000002 0.00069444444444444447 0.3133649815485981 0.97804804967937509 -1.1821120751919332 0.017053823001104362 0.011724635836409619 -0.45984175279711126 -0.4712425974908574 -0.016244722530186273 -0.069534885934469312 1.7947865776320713 -0.95925422441909802 1.1902576213656868 -0.072520164157840336 -1.5058838413913076 -0.97584877033285089 1.1335694986365019 1.2 -1.1441460383670958 -0.074517811892900299 1.2404728877169164
1228 197 0.00039062500000000002 0.00069444444444444447 0.37809157067255583 -1.8985084702343982 1.4008864857034449 1.7495393442246314 -0.081058562097095707 -1.4059075935148697 1.1150289128923996 0.10893831186330161 -0.0073899917711831159 -0.85663986447132601 -0.39532552982814906 -1.4213321119320552 -0.061576952962467929 0.18132076484061344 -0.029956209763870589 -1.4889227723033791 1.2 -0.92493282309620684 0.48814308241350746 -1.7177110562587241
2506 153 0.00039062500000000002 0.00069444444444444447 0.47689410435471929 -0.71348721254833425 0.24355764986246431 -0.37728933648867491 -0.084126938827640066 0.7125163797739118 -1.8373445356796876 -0.78650515044978553 0.091434155285182478 0.43426274123862774 -1.1333125655138301 0.82323449109618796 -0.067415940155718501 1.9936794041366128 1.3058366257644338 0.2054761358781696 1.2 1.7924075810234497 -0.38552137259999647 -0.32978023368750853
1957 539 0.00039062500000000002 0.00069444444444444447 0.81763553813626921 1.8216021250586749 0.14092578161617775 0.89109700328007868 -0.082180377899561743 -0.41026998886825394 -0.0096770076350920498 1.2019086996551436 0.063873434169522569 -1.6337429904341536 0.33135722218714658 1.2209717079154241 -0.027673410677003907 -0.2473272759583538 1.9019931815673328 1.594823704178892 1.2 -0.62772862725653189 1.9524405547900026 2.9273284569321256
246 622 0.00052083333333333333 0.00092592592592592596 0.38609231628937157 -0.34056280285015239 0.24729007625139054 0.32662678789125188 -0.059381889583852869 -0.59541576588706935 -1.4206642662199993 1.8035843583860061 0.051578034770307729 1.1006704252287536 -0.41511650272184308 -0.35718593251700392 0.080493333361764424 -0.85823587221986664 1.0236048452613224 -1.1496717473218987 1.2 -0.070378524488547964 0.70745796769702141 -1.4249496785550002
516 438 0.00052083333333333333 0.00092592592592592596 0.89617181477633112 -0.89397962819096577 -0.0088768807825214679 -1.865859472024689 0.089684884705727441 -1.1925225894466434 -0.70258610913302721 1.0874889533261412 0.00013705766528711305 -0.08352784147320591 -0.81614177100547503 0.73792394535131756 -0.031238793239582452 -1.9125402896723509 -0.64755912449674291 -1.8690374842207369 1.2 -1.590791671025493 -1.3328537281918844 -0.12500907233162459
449 251 0.00039062500000000002 0.00069444444444444447 0.93447201034659433 -1.968797912620353 1.6556720401282532 -0.09865455240585197 0.048125610212364028 -0.42797848020734319 -1.3783022545700669 1.436875050417318 0.054124910120130043 -0.73471224584360639 0.64540566061146354 0.69776310272905473 0.057546641408993876 1.8132406708752762 1.1729623671797427 -1.447519784224558 1.2 1.6899768160901032 -0.15505571644123536 0.1617918114286272
581 467 0.00078125000000000004 0.0013888888888888889 0.78559662806954389 0.91244714919960934 0.8240222620512041 -1.4746434044404464 -0.088859702770769031 -1.7720418206483504 1.6400654769530729 -1.8807740846841061 0.066880621394534351 0.45634494794925162 -1.3731203065672171 0.41456668202731706 0.031311926285804342 1.2707556417398633 0.45206236374774367 -0.38685920198066226 1.2 1.7109935425736331 -0.98265866150400161 0.52379704702703034
659 863 0.00039062500000000002 0.00069444444444444447 0.63999287520613124 -0.68305170093101486 1.0061034642741093 -1.8174492462641356 -0.092618458176372598 0.74350029934515227 -1.3856399959413555 1.74717303196697 -0.0048098890231126762 -1.6070738184402655 1.1960374314251538 1.3388638987249615 -0.026372572574497502 1.6341157586827113 1.8966878496953776 1.546156003402348 1.2 0.64161914142347976 1.9940010438816695 2.3888413765207104
2214 1433 0.00039062500000000002 0.00069444444444444447 0.15930666393993223 1.5870901755591702 1.9210280587057031 0.52110626686669459 -0.019475764241061122 1.471086502953038 1.2413140269318168 -0.18371370909291374 0.024079896688865149 -0.050492892655950694 -0.37117693456328427 -1.4418513441129184 0.029912714194543832 -1.7205090211334753 -0.80088658933492818 -1.536384261284188 1.2 -1.7379676007301295 -0.58938386975496548 -1.0316224143463826
1389 2 0.00052083333333333333 0.00092592592592592596 0.26744679903761942 0.2153287722385353 0.61216431516785974 -1.9349819698886495 0.027012670562277658 1.6683922436214504 -1.1550734216403611 0.5835944446666681 0.093470493090847623 1.0518414092680217 0.10623809967672004 -1.8012612657844964 -0.077573186093049626 0.18560692924286348 -0.066592667255083171 -0.86124286265199723 1.2 1.731520387447649 -0.7116494138901831 -1.2673813186157596
143 112 0.00078125000000000004 0.0013888888888888889 0.41042447754186773 0.10811153311699417 1.1611082743842651 1.5276408247310793 -0.096929033539618778 1.5449275449888633 0.2438117497628669 1.7641002676514033 -0.0048898460492780849 0.20083171245374309 -0.53060213993983085 1.38415337221296 0.0013711691876522603 0.32223650516892866 -0.55334310532816122 0.3526159020441515 1.2 1.0868697804798952 -1.1822261401747352 0.74537299407532664
156 634 0.00052083333333333333 0.00092592592592592596 0.89412459179541814 -0.9018839014240414 -0.80571025986999789 -1.1763335570165241 0.0040710264894642523 0.39881082148768465 -1.9551221785374615 -1.7274306008872147 -0.024829215194599283 -0.40578134095376805 -1.9240889317457301 1.5229150748805051 0.082559900961327093 -0.3333556845906247 1.817616968198084 -1.8246007415391232 1.2 -0.0087143051991859771 0.87369685541469089 0.64635250570626335
1810 786 0.00039062500000000002 0.00069444444444444447 0.92227106381595525 0.73460818551557328 1.5816167562541876 1.8853209395566073 0.086189090091718823 -1.0404966652415526 -1.7689028260830955 -1.3476852078572246 0.095241921574375304 0.18334757014138159 0.66773181381315361 -0.82663993633217547 -0.041234983425772968 0.80320716723598684 -1.7843427611859846 0.19977307181015602 1.2 1.1547408125444547 -0.29407915385147171 0.2887032733446348
1777 768 0.00052083333333333333 0.00092592592592592596 0.23241364545680387 0.67656967156824344 -0.91396406354952475 -1.9266274532131473 0.018627020889812496 -0.6926664166758929 1.2455486987530033 -0.15230406879835234 0.098744485481815858 1.3402551486470475 -1.1030875002113656 -1.2698206630346403 0.06027091421270267 0.39338058069963644 0.97750147592897596 0.34068454239449908 1.2 1.3249172437269048 -0.49173217038605921 -1.2883202180638169
934 156 0.00052083333333333333 0.00092592592592592596 0.213806797581932 -0.53523654098013429 -1.0965286213825887 -1.4316445607922073 -0.06251801647237043 0.015632180967865228 -0.62271845492958677 -0.69076776250575511 -0.0010304110737591465 1.4397261618233381 0.6223779033976875 -0.82273898844131299 0.045928579302617678 -1.2471978167600692 0.083296393989942263 0.76652337100525569 1.2 -0.75495073158745041 -0.16250594380541691 0.11403787637230775
92 249 0.00078125000000000004 0.0013888888888888889 0.65299698819126251 -0.51835387267950228 1.5777226156325814 1.3365353576142338 -0.091490399946206835 -0.54456618644833599 -1.998482674001608 1.1228728298517083 0.050807674387659929 -1.2978348405898701 0.67393916144020904 1.5805101716678349 0.073849202211470205 -0.56276599551254503 0.43326532481417068 0.47979290871549196 1.2 -0.84492691699021405 -0.81199736126809852 0.53137938909273597
2448 605 0.00039062500000000002 0.00069444444444444447 0.087212421992833619 -1.0724825409952787 -0.47919903253481744 0.47177895253609625 -0.0026785118312353112 -0.17239684159465796 -1.7432678808629922 -1.1806988180331595 0.066421189216377102 1.2414277935992044 -0.43642386743018013 1.5170115367658248 0.082345788179446849 0.10848723388767834 -0.76323615493143437 0.70684246139567986 1.2 -0.64981527541089168 -1.2474146754525732 0.89036788968625813
1031 106 0.00078125000000000004 0.0013888888888888889 0.19690571222508879 -1.0280138242701806 -0.34247139520775516 -0.10565919617629715 0.075105077941401366 -0.24548255231498661 -1.2911695491022406 0.21400612178947798 0.093845709535317484 0.75312645161139402 -0.19104511540983715 0.31440187306826806 0.061978228543490305 -1.0273994414859837 -0.37972652060765544 -1.4752943610734786 1.2 -1.2692813270961318 -1.1599488327389154 -1.002336828234206
1887 647 0.00052083333333333333 0.00092592592592592596 0.22513865723221374 1.1137435355670093 1.6500006539990912 0.8972546630016156 0.0022848743783687314 -0.66845804387102437 -0.11847032127369506 -0.24974636801202177 0.063441964464203887 -0.39830839188993217 1.7179904087679856 1.0744532949538406 0.091430993632401369 1.7126045935373315 1.4994721912394682 -0.79527582241978045 1.2 2.3402156870813475 2.8954655310825448 0.30014318236268245
1213 1022 0.00052083333333333333 0.00092592592592592596 0.84999579757712751 -1.8544562032218175 0.035654537046444723 0.59131013014721212 -0.052539296103631485 0.58852270122457062 -1.6068331840940551 -0.71024168291345147 0.033700707111756156 -0.96281140942193266 0.3421489289249382 1.3012443420460791 0.092795295193650873 -0.46592437663873465 0.10498009111591822 -0.84108281181774691 1.2 -1.8623997057497745 1.490785294312813 0.85491546148283293
1272 592 0.00078125000000000004 0.0013888888888888889 0.10150520021694426 0.12531683811918626 -1.0337455480551228 0.24442828204983025 0.057954519856638659 -1.5354444030799095 1.7787298723000027 0.86153028813678389 0.048308755412555665 -0.68008440188908637 0.84611383842131094 1.1405964981341801 -0.01596062410357095 0.81082205923170525 0.084696710540340003 1.3252438182614017 1.2 1.5168202080843471 -1.6332256323507388 0.91973849612723457
2514 38 0.00039062500000000002 0.00069444444444444447 0.80411421135940664 0.5084076460748097 0.48514418904766998 1.1537175060868616 0.052457585399291157 -1.5654086821978668 0.41642371174236414 0.64894242693861148 -0.0038748570413769112 -1.1196729256370879 -1.7091787686000335 0.20008774399675078 -0.077366801035303231 0.62145134006277525 0.42506286497658552 -1.8636537608752359 1.2 -1.0722094862553861 -0.073652097765523949 0.020416856418223297
2163 611 0.00039062500000000002 0.00069444444444444447 0.53505782178935823 -0.71996777128471035 1.91475928975734 1.8728338623906633 0.029019493685001729 0.45801148453778451 -1.6341811711750793 0.35496624354224204 -0.023215422455977255 0.54428078455347961 -0.37481853446475011 -0.82975955134283907 0.027376990490601105 0.34089610137287574 -0.3919595311048516 -0.52363669608859009 1.2 0.16584988310723156 0.39219407640638054 0.30749337180794845
1121 425 0.00039062500000000002 0.00069444444444444447 0.14981225723476901 -0.36774745213598869 -0.19782561152412503 1.8011115530197555 0.087401506832567533 -0.90074611717380515 -1.0267744854850269 0.59571116970020066 0.063085546451628727 -1.0555845431561481 -1.0311130735793004 1.7496526070237217 -0.006188353141739461 -1.3525202575163942 1.2728967586584639 1.568747326850954 1.2 -1.510272722197298 0.59547642740012596 1.5250565939136316
172 392 0.00039062500000000002 0.00069444444444444447 0.56745449900938283 0.50004177490097446 0.56336101370938474 0.30347698645090304 -0.052259840506503077 -0.053138315446865203 -0.053232723169583274 0.39250540771044395 -0.05113582792119236 -0.34941166158157566 -1.569429011077057 0.60644721237512211 0.020454185527167573 -0.59304224052888044 -1.6443292954671458 0.44099078119484059 1.2 -1.011817152260311 -2.4697229624907635 0.56833583928483766
1266 680 0.00039062500000000002 0.00069444444444444447 0.79164677236662628 -1.7597461775359227 0.90761144620497269 -0.35433738781528179 -0.080149067324961798 -1.4109546198214158 -1.2301232337647936 -0.028741848994631614 -0.045625191911881684 1.7238546040427565 0.57256890472653099 -1.2495285992297047 0.04134102528493161 1.815609331642678 0.34809402125771838 1.3191807765545374 1.2 2.535556183997357 0.58835654704982288 0.26981073406489109
791 726 0.00052083333333333333 0.00092592592592592596 0.047553395712990963 -1.9341288604283773 0.98298132587567366 0.99739843868685174 -0.0049599373620096976 0.15207706758709749 -1.8465082345444133 -1.6079566548002928 -0.072003895709043253 0.95211010546350794 -1.9959482987201347 0.66957520177837004 -0.052280523354861802 1.3555321732950052 1.8842459275507752 -0.173857461835909 1.2 1.3797358126632691 1.8430597105233666 0.19477540344331623
708 786 0.00052083333333333333 0.00092592592592592596 0.39680271241797621 0.59987000313455541 -1.5427221615942242 -0.19460150424232392 -0.008436840654645561 -0.92612890615927013 0.22512177693834534 1.5093585365725906 0.031254314155647001 -1.8173808108948957 1.2863846870878084 -1.0922556328683188 -0.02578961417520774 -1.8406734553275799 1.6778746640998103 0.39757410353792233 1.2 -1.9497228422594717 2.1140289305431188 -0.57216857157050971
740 552 0.00078125000000000004 0.0013888888888888889 0.57552268038990417 -1.5120044923361684 1.1638341062117767 -0.4337357471731309 -0.08595727997061503 1.8259409735137524 1.8551139356017874 -0.81060741136435333 -0.069313771759741016 -0.74409875213320298 -0.8213822145030707 1.7199122595375211 0.082470964886644099 -0.23674938386405975 1.2265146610319819 1.6905327418603453 1.2 -1.4781704083486793 -0.043603828486716574 2.3962629315640247
1005 420 0.00078125000000000004 0.0013888888888888889 0.65252794363902722 -0.20775203400395892 -1.6681668694423362 -0.13237037189713474 0.038782277319562408 -1.2444772269820814 0.25072105808221767 1.0596297740561518 -0.023046554722477297 0.006023602277155149 0.0004727925209713213 0.14533835782392623 -0.027070873794150366 0.0507486945816229 1.7028170265456097 -1.5902099524958424 1.2 0.12014222373991609 0.5861768055592006 -1.4474574124703281
1830 364 0.00039062500000000002 0.00069444444444444447 0.018525663261845675 0.10878996190774037 1.1691574218804197 1.2230855604429549 0.095602902276676643 1.7551394003580283 0.37813988500554618 -0.2092603076089028 0.073070871640202734 -1.1164922751693251 0.61194995891621007 -1.7242357800381112 -0.061896234961130614 -1.4297699401952606 1.1010440447736665 1.2897616483669885 1.2 -0.42088158551247995 1.4121062112806329 1.3169708841963816
415 494 0.00078125000000000004 0.0013888888888888889 0.080623913852038709 1.8091278150848633 0.76886506749073202 -0.69446984829111447 -0.014562200163210776 0.32694815409163969 -1.3275696250408582 -1.8621041869107455 -0.0076416920343022887 1.9938372480395303 -1.5273735068742087 1.2720212404498117 0.071709402330038613 -0.48877647776094246 -1.8378981446488716 1.5492603379671808 1.2 -0.8937506627638766 -1.4292542063453022 2.1348192654849147
1597 671 0.00039062500000000002 0.00069444444444444447 0.90397866762388046 1.2757892145941869 1.1863224712254015 0.48652184237945528 -0.013946636605411372 0.68241102892027827 -0.093804818034549431 0.3047299706487987 0.012289449678961881 -0.20606385178968267 1.758714882861081 -1.6574166508946671 0.099617518943184824 0.97799714281503825 -0.89085984074715396 -1.3416727252965335 1.2 0.89647732704907523 0.76659153929061719 -2.096234136379429
1141 103 0.00078125000000000004 0.0013888888888888889 0.84418567088348717 1.7702570764489041 1.8026433975270604 -1.1595068933911326 -0.01711485277609659 -1.6106707011244548 1.3948579115360076 -1.4870991500044042 0.053162422989045555 -0.6665608718714533 -0.83763380471649773 0.72551657972756223 -0.095507983872407498 -0.064177678919870917 1.682713728498459 -1.4564211764312951 1.2 -0.33861299192661559 2.9566807191352531 -2.4584638973350121
609 94 0.00078125000000000004 0.0013888888888888889 0.61669739735169948 0.92612320296685224 1.699165616301983 -1.221515921164559 -0.025894827379008209 -1.4247560059401936 -1.9439329602068303 -0.018341442982833467 0.060392986600221576 0.8661210115528255 -1.6304267175555989 1.1697843907055785 0.09431403863392418 1.6732718788526939 -0.28292730635704721 0.49023465424491075 1.2 0.85319555603841557 -2.1496693658694719 0.96348489297136841
900 54 0.00078125000000000004 0.0013888888888888889 0.72785897671688504 0.74326553578758814 -1.8732068333823775 -1.4087172773594414 0.019880989818493539 -0.46691001768335472 -1.3927139032687004 -0.27890240017148127 0.063666573607882165 -0.91126595645259467 1.9823802668131782 -0.88848973263192654 -0.0095435683962325629 -0.73563756320630835 -1.0445309283286091 1.4018634873448383 1.2 -1.1891605701762924 -1.2316729789840333 -0.043741641725800723
1641 176 0.00052083333333333333 0.00092592592592592596 0.4927286305219471 1.2101071475886682 1.8383698119277536 -1.3084517078351534 0.065133418052083641 -1.2679124329090277 -1.6640346858131312 0.74925886143062348 0.053914935865046643 -0.44784684131720542 -0.083591346985385506 -1.24257809272176 0.03671259563207549 -1.9213622842225853 0.66382673236450884 -1.915643301374542 1.2 -1.64265664285091 0.62089470197281527 -2.2699937257268696
690 648 0.00078125000000000004 0.0013888888888888889 0.59963479454098334 1.2549882167125048 0.97288569671952141 -1.8632570140478548 0.049889326579759835 0.11069023911426923 0.26622318415228774 -0.48071607393949511 0.077006677965568343 -1.028758790647311 1.9566718717169316 -0.86609522818601015 0.093813691659371118 -1.6109003530821244 -1.6329093740078378 0.55012941583966724 1.2 -1.8502292022312408 -0.49746616951840444 0.22445670673052773
619 48 0.00078125000000000004 0.0013888888888888889 0.73687180840222299 -0.087511831876288859 0.94360101361230564 0.96070058631649768 0.025307192095654851 0.12059720646097816 -1.7191349279710235 1.5118548065466175 0.033522944226418855 -1.2135478196497003 0.13899130953519645 -0.77029089974052267 0.045138905734728202 0.69218275485960268 1.8094902037541707 -1.1513451160288599 1.2 -0.075225059919703297 0.3124599697022899 -0.35003065419297702
1215 420 0.00052083333333333333 0.00092592592592592596 0.13146746191186495 -1.5263153956984716 -0.11046053663893263 0.90953177195526402 -0.070284730092918246 -0.38478252278346581 -0.38029837056241789 -0.38270696904415269 0.069898013151868221 0.032229143063247534 -0.63197854557709698 -1.1518208383422865 -0.095727190389598718 0.60680294386509059 -1.3819155444769535 -0.57019303511782304 1.2 0.10105463961117594 -1.3330415657590573 -0.47648574367778135
267 554 0.00039062500000000002 0.00069444444444444447 0.80189657487514454 -1.575687725228891 -0.6188202795635136 0.68563683143794174 -0.097419309987553354 -1.069539150148378 -0.73847982979410176 0.43160643630201401 0.062757274184255002 -0.0078764606255670166 -1.4445054005971643 -1.58422145606399 0.019267613735581057 0.18365625099244376 -1.0731194900719276 -1.9421551201089544 1.2 0.90125915823729508 -1.4627451443433381 -2.7971346642915456
261 583 0.00052083333333333333 0.00092592592592592596 0.53408967101157478 0.77698789999799578 1.5784718893674463 -0.67437419517409403 0.030845077514544406 0.35185156418780972 -0.48610918205942699 -1.1600848564591093 -0.032079298607332565 0.67289118010073468 0.3300332431213211 -0.82399395123769503 -0.092818817100797535 1.5284015671150031 0.51315372802299386 -0.56017794584862823 1.2 1.1446485631918553 -0.37142658156563219 -0.36807693272502356
476 117 0.00078125000000000004 0.0013888888888888889 0.23584345706288781 0.99065513458651333 0.85048001452890354 0.34829960921472658 0.0039623526884924321 1.7734505572454053 -0.73650074020521705 -0.87822482560082671 0.027992826225852141 0.61086612835650556 -1.4207426371726948 0.41091213924823622 -0.052271716677077487 -1.2586835063584751 -0.18799449051940753 1.8802847394150284 1.2 -0.14357349386634125 -1.0256632119945475 1.0755841709386016
1365 710 0.00052083333333333333 0.00092592592592592596 0.064265495841807574 1.942396506863421 1.5750623454836998 -0.17250166560772184 -0.082724322741856357 -1.3866636836935022 1.5695961359698214 -0.42958800018854992 0.024590021185479954 -1.3520580003645479 -1.3399734173640137 1.2413840541609695 -0.07208758507489893 0.375066457422498 -0.90080081229967357 0.22843892111003861 1.2 1.3416455415026842 -0.70896881447717042 0.32185664643993184
885 83 0.00078125000000000004 0.0013888888888888889 0.067990060885593034 0.37206773962539108 1.9849959858717461 0.83216440566589611 -0.084681563717491345 -1.9566509839016835 -0.87180446932759414 -1.021613690512968 0.0065560425695993657 -0.35454344697996376 -1.0885794347089668 -0.19614941119969309 -0.097647459196545883 1.2799419785138348 -1.5198163038206971 0.10342580201100349 1.2 -0.089421121777106274 -1.2882531198740188 -0.32193946246516564
1751 907 0.00052083333333333333 0.00092592592592592596 0.26585639995839927 0.86713910484458046 0.53710327160491689 -0.49532296329454129 -0.0046170489286655736 0.17106450756249147 0.39729006477578732 -0.13076364059458845 0.076884909509458671 -0.69165005108532185 -0.91521023979521932 -1.7882909858565674 -0.098941904151235271 -0.15779719740691611 -1.5715798766320512 -1.8035729794765962 1.2 0.22982335639472867 -1.4696617579819731 -2.3250497058521131
296 1421 0.00039062500000000002 0.00069444444444444447 0.51391023731895957 -1.427620450151315 -1.3501557885113278 -0.292226321473116 -0.026343694201717338 -1.9427256263962924 0.57868932179239119 -0.44896550824947079 -0.081038967399375939 0.18198459221428465 -1.5247399605220711 -0.74706382914254554 0.045636387457883953 0.86220735820033889 -0.33864275411700318 0.54024384540155257 1.2 2.9829974735492657 -0.49040715971476984 0.61866994938653819
142 340 0.00078125000000000004 0.0013888888888888889 0.67471688873469371 -1.3750645680592766 -0.089903868724198421 -0.16390360007941229 0.04192052076789457 0.30850673734286493 -0.019263788682180483 -0.33197171460725317 -0.097293519141370993 -0.56814609049995779 0.39256652317026797 -1.8932680318315231 0.01274658131767839 -0.29495891868625668 1.5995789738001531 -0.073893629361319491 1.2 0.34790875099163693 1.6513376372788771 -1.0607667582936431
755 53 0.00078125000000000004 0.0013888888888888889 0.69016356287637581 1.7084537346775885 -1.7951925601284109 -1.7412717922161227 -0.073148819715085633 1.2050949313814137 -0.98293554872718358 0.49846939923242184 0.083872898691423864 1.2759777860534443 1.3485786980685708 0.62498966841790704 -0.097041664024342097 1.5062534527171452 -1.0324124592886039 1.4228080139821566 1.2 3.1238343213893414 -1.0598341377103901 1.6489634476060047
1823 171 0.00052083333333333333 0.00092592592592592596 0.22675901628270168 0.52522919253276168 -1.4165970418608937 1.7930267397947204 -0.016366725176177738 1.6263516184684028 0.60321026409454026 1.2699950323265701 0.0079105016376091186 1.6299319098316003 1.7165588139366657 1.1208449254287891 -0.017678827963225466 -1.2347564152719488 0.10885163011669885 -0.56578063206737594 1.2 0.60430765479490323 -0.30713528172506183 1.8268172725750862
1238 991 0.00052083333333333333 0.00092592592592592596 0.75063273235676897 -1.716167583327147 -1.590306103379509 0.66439300277997848 0.032996640363122942 -1.3901829546458471 1.1067586944559853 0.79512249912521371 0.081126328175401385 0.14338367590150503 -1.9403113404101129 -1.718139528324881 -0.092757884852668518 0.86102380405587375 0.44410336806137352 1.5394889912554106 1.2 1.523281306612472 -2.2377133974123451 -0.20731956033576188
759 40 0.00052083333333333333 0.00092592592592592596 0.63215968046594406 -0.59300259474498018 1.8039439201680114 -0.20901384997534977 -0.072559566477736592 1.1464059996677007 -1.0175572318149664 0.033781098319167313 -0.067101235221328714 -1.4444725905314391 0.91851327588525944 -1.9846716710838694 -0.06750835255511084 1.4414075209986454 -1.6162560082880111 1.7593498644880636 1.2 1.5422657543788894 -2.1195876293397373 0.5219887775547366
985 214 0.00052083333333333333 0.00092592592592592596 0.95967137445402373 -1.5640652278163834 0.053323363658863698 -1.055337268968632 -0.053732061797891854 1.1198667168296685 -0.64489671898917011 -1.2001354745103212 0.06663005547019038 0.007442951834930156 0.80772867442102569 0.61726286343643411 -0.087260240820767318 1.5415382509000519 0.87319215069024647 -0.29397915653667095 1.2 1.8893301590171456 1.0918086676661622 -0.3922589819002435
1823 22 0.00039062500000000002 0.00069444444444444447 0.94550408708194988 -0.18930802226041532 1.8751293578408843 1.6430290026282965 0.066690208848769028 0.94548247587856116 0.64693739938425177 -1.881478901579428 0.07516835787953588 0.81402587536800786 -1.3254560504883814 -0.23591563960705653 0.017946963385812947 -0.01121936673975199 0.1394292604241989 -1.9530133471106192 1.2 1.2093110438713324 0.23452086594812296 -2.5044350104899893
442 1254 0.00039062500000000002 0.00069444444444444447 0.15898836271699548 -0.40490474020087586 1.7741712168500139 -1.466010227764595 0.093211981101757491 1.984506337628773 1.0237628790804614 -1.0807880763874946 0.00223983020315488 1.4670254712995527 -0.38033340833616558 0.64510363311789876 0.027778069659214755 0.04634849045324696 -1.7486868639876003 -1.791674337614281 1.2 -0.81339303265375995 -3.2668638808951562 0.063437362825666394
880 899 0.00052083333333333333 0.00092592592592592596 0.967151231271419 -0.67323259900057408 0.32638478498371892 0.74471176736818911 0.010150053110930493 1.8740667094696413 -1.7515759959631692 0.96661069601375393 0.092667090544574754 1.537102779858412 0.7163484322248963 1.3307673999473497 0.077484231638486722 0.62239149112278236 1.0760870589612304 1.4904524864243225 1.2 0.75643945222644371 2.3985122982201621 1.7092640387613103
440 101 0.00052083333333333333 0.00092592592592592596 0.070788521265341978 1.6419528874152629 -1.5497529555909622 -0.75457880699797197 0.080109747815470117 -1.5259530195474804 1.19396314752729 -1.4578002214868246 0.046432259161575729 -1.4889008550103977 1.1265532127243789 0.68501547244114258 -0.071823194008029043 0.17212077052900909 1.8363590674762946 1.8258641718030475 1.2 -1.732948523806584 3.1315787273410569 0.92401671885409353
947 1186 0.00039062500000000002 0.00069444444444444447 0.22598012933473546 -0.054317336099841018 1.0384973670478925 0.43578124603183133 -0.076179197301465967 1.7148801462537837 0.080697648426841351 -0.87673953504913982 -0.055104745981207404 0.82184536202070202 1.6709240361896058 -1.7333758188313562 -0.012626175856888411 -1.2576800468602953 1.0706441685859236 0.80674196468545301 1.2 -1.7315039694001706 0.89905291901387041 0.69444334101838323
909 784 0.00052083333333333333 0.00092592592592592596 0.077828521520667382 -0.033696915842447162 -0.57178311566563922 -0.49884980857948191 -0.0054923139948002964 1.2620536795321295 0.49613266522545496 -1.5622302715265848 -0.064061331027201379 -1.0166279548474337 -1.7385344352756134 -0.22168420889694573 0.033299174858901048 -1.3383673183486375 -0.72806314478968925 -0.72627182611939078 1.2 -1.6130933252678377 -0.85878912696785659 -0.0080692940863435862
1861 886 0.00052083333333333333 0.00092592592592592596 0.31960631775000703 1.1627392101186493 0.051353011897803835 1.0071424123752353 -0.044321854819118239 1.0227260064176971 -1.3489377164955529 1.0479389144260596 -0.065260496233841364 0.5964822274571171 -1.5003226546672828 0.076995952124868872 -0.020574177048504921 -0.14030382891869042 -0.36630260839484619 0.75840861519375657 1.2 0.40712060775627645 0.056947350595814662 0.88496097913408145
292 523 0.00052083333333333333 0.00092592592592592596 0.094086432969958653 -0.13225250749589401 -1.4064896559573916 0.90733458145339441 0.019936692949668086 -0.039783800691194138 1.7554666619695278 -0.93135161174367775 0.033990044360864446 0.42296113300270699 -0.41683729792769419 -1.8131259398120187 0.08155651564868821 0.72285350057641917 1.6049820202354392 0.7367504277304846 1.2 0.71422338724659096 2.1737900191257999 -0.077984005369873266
944 666 0.00052083333333333333 0.00092592592592592596 0.67534035551685645 -1.136374169721027 -0.44354692999100287 -1.6943851130298233 0.0014756275321789331 1.9000838829955682 -1.658860942118189 -1.321679923208273 -0.039020826772525052 1.7393932159056713 0.87010343548117719 -0.83033966470230824 -0.086133284044415115 -1.2808953854865872 0.292605770204315 -0.3884032064405778 1.2 -0.46307699591632934 1.1086398644608286 -0.53190251349421425
843 406 0.00078125000000000004 0.0013888888888888889 0.79846808668252856 -1.1087292055607114 -0.71894211219481807 -1.3762800130411588 -0.093121543957305208 -1.2922680645722275 -0.97599867834958909 -1.0539609218906576 -0.071392850163363011 -1.6637859884715818 0.44006843437038645 -0.08817825799657264 0.019055214290626149 -1.9851340968479154 0.27942855987179538 0.82237277861681513 1.2 -2.9286565600647125 0.44213481384522429 0.37703191064897013
728 466 0.00078125000000000004 0.0013888888888888889 0.40446823701683526 1.8903126844960165 -0.70722168616839198 0.87410517415589561 -0.079890519568572071 0.61331287424705216 0.14309161832680584 -0.76242861849866594 0.068323726107898108 -1.0771911562145959 -1.2947044991638652 -0.55706526425132585 -0.06819921466488274 1.8934128950241518 1.9394203828197853 -1.4404984301005035 1.2 1.3474757023989992 1.1178375306307302 -1.1561869942144753
444 656 0.00052083333333333333 0.00092592592592592596 0.5477396184731006 -0.29081244097976144 -0.21813798422128228 0.49994396734197633 0.0077246043793485486 0.10272040949777139 0.59125514245681376 -1.8504888592916466 -0.078164207145270906 -0.43366605853061024 -1.7009683351723694 0.32139702669781167 -0.084007579344574645 1.5259980576314396 1.3460790802380016 1.4985490651658164 1.2 1.2192166238367792 0.34624901605087527 1.5474036057271228
743 217 0.00078125000000000004 0.0013888888888888889 0.2734329995578349 1.480041301664675 0.16918721692282324 -0.792500501968187 0.060407773488419331 -1.6914073358983841 0.70040973277372043 0.00058551841639564728 -0.029495395963331533 0.86620296504834027 1.7960465515871564 1.863407441954136 0.076030029543571381 1.9843089453140688 -1.8813259954807879 1.6777646977118605 1.2 1.4693720003428505 -0.89066907933318207 1.6895399174364929
2117 820 0.00039062500000000002 0.00069444444444444447 0.431791765297727 0.72787174017243172 0.31627054292727808 1.3750664006359301 0.038377622393882066 1.1276347056431413 -0.61370216677229683 -1.2158095329443399 0.0098101479151612575 1.6457394078346774 -0.57830163279610636 -0.05397095146347608 0.041780710471679555 -0.31174521012948864 1.0179943557500915 0.49660020412718575 1.2 0.57797338326734571 0.85432567345268251 1.2423315000292907
54 631 0.00078125000000000004 0.0013888888888888889 0.11413735376531678 -0.13335854037431627 -0.79069239262299318 0.46864176115300848 -0.00057417076964046132 -0.50218186389834241 1.4843322836909354 0.9376698801533645 -0.027453913618407877 -1.5480768197741717 -1.4886318780013426 -0.89513633948722893 0.0027140837140865043 -1.6464858895669234 -0.71098452852039529 -0.61408677871035433 1.2 -1.0826074955206608 -1.0453747669724371 -1.5162408154651221
379 184 0.00078125000000000004 0.0013888888888888889 0.013185552815861812 -1.5675770198561674 -1.9000778958322528 -1.5542250939844329 -0.027177632637404497 -1.163061063624049 0.24129805644898017 1.1906759488424039 0.022508220404946072 -0.90075180432828539 -1.3049228032241018 0.96501166678966621 -0.027385636921454265 1.9499366155677045 -1.335876007826077 1.849842011763962 1.2 1.6445635950408222 -0.37821736834196196 2.5175614886621478
707 446 0.00078125000000000004 0.0013888888888888889 0.68204167973035201 0.89269593775342537 -0.033843260257360175 1.0591823962308986 0.07591088034178059 -0.66940285577873837 -0.24961644661550686 -0.59408970538956307 0.064715483410028862 -0.078196040058998495 1.4707884968395399 -1.2432561378582463 0.073644457629650079 -0.21699185163526113 -0.46233812875832436 -0.48673669651970508 1.2 -0.012336717126264793 0.48057934868407026 -0.86927250018487356
59 483 0.00078125000000000004 0.0013888888888888889 0.29014609000687513 0.56177215262410085 -1.382665351557602 1.9918784326347843 -0.071766121933490024 -0.81936054525964908 0.77983400899577271 0.45566629912764389 0.0075652193154271963 1.436836817229397 0.63382500037271727 -0.38114951218662529 0.012061520261500605 -0.95997846356562544 0.98055869601755896 0.67826727382774799 1.2 -0.60943566195236087 1.6990975561222048 -1.1021629855872355
258 98 0.00078125000000000004 0.0013888888888888889 0.1155321473481102 1.3322672198487995 -0.51568983634664889 -0.01491127723186958 -0.07180003893312209 1.9051551351623472 0.41291280978812051 0.40938356478545357 -0.076739423075959379 -1.415775017510271 0.64455887009596857 -1.558147410000994 0.074441333845336882 1.8547571629448409 -0.42405027335465739 1.862763473166424 1.2 1.9076679204726958 0.21557328482797394 1.6635265137226365
1434 580 0.00039062500000000002 0.00069444444444444447 0.74525120227409658 1.089446224064003 0.40523210316268443 1.935312989741842 0.05937275007636808 -1.2007492020130113 0.86162846088775646 -1.9344697931078789 -0.070754091881167616 -0.7921320443698332 1.3920870579532987 -1.6617977813098368 0.035283913513947024 -1.6463476885044135 0.48086701025529699 1.8605622066424878 1.2 -1.9166422723529917 1.4217423558135469 0.39426024520145486
757 524 0.00052083333333333333 0.00092592592592592596 0.064218601436923026 -1.9439788626965897 1.2507877244696353 0.61295115787318899 0.087120334212031719 0.17313690027758355 1.2130348782591622 -0.36976604375396693 0.070828206084697171 -1.3987538129883088 1.4445242957192694 -0.49666643183580028 0.091589849151656549 -1.8787130446520628 0.99254466695108645 -0.70316575167843842 1.2 -1.3059789024120447 0.71985145242925241 -0.73555373541457447
839 1146 0.00039062500000000002 0.00069444444444444447 0.4256842176708367 1.8357551136104782 0.54137896248913453 -1.8697678442336496 -0.0052522526946187781 0.96434016168116976 -1.2430082953450317 -1.0591300371146892 0.026308611520279468 -0.61983407033727334 1.2334596458730527 -0.084544865482909959 0.0045958556331405775 -1.0233079125143552 -1.3954483570307725 0.27156507670093388 1.2 -2.0957747544654706 -0.26964336509602332 1.2678437309996464
291 293 0.00078125000000000004 0.0013888888888888889 0.27148842055059241 0.15358157297916364 -0.64808102360610276 -0.5563267949235513 0.070322470725052016 -1.870500464042081 -1.6932286612836553 1.5031097878315021 -0.081989811476309737 -1.3794160253106216 1.4329085249236502 0.72562442841069918 0.092381505778223877 -0.75142821590023967 1.369214275234155 1.1400482434336241 1.2 -1.3272622096414406 1.5349015857957988 1.6367127048169035
1504 303 0.00052083333333333333 0.00092592592592592596 0.04485307502040304 -0.9093077992126406 0.46821286225271974 0.38940200813557224 -0.074028368101465208 -1.4378588502363669 -0.10403545863911123 -1.8034869496116284 -0.086647389855430468 -0.93421265969973089 1.7950789770592115 0.74341927077837555 -0.043901792195791892 -1.6068946607326842 -0.18775549672715597 -0.76360415158850481 1.2 -2.4991391770052078 0.10085025428592202 -1.1620269857897572
1197 1105 0.00039062500000000002 0.00069444444444444447 0.18913629056028222 0.56445112676432663 -0.3491370399540048 1.9013637325525861 -0.037806570274498325 1.2112003581072779 -0.52158271575307547 -0.89032272160895021 -0.089236500704983929 1.5215516278629897 -1.3173739307981913 1.3719163145133435 0.056485145503200551 0.15424899393065816 0.87046025730868237 -0.96228796499834512 1.2 -0.19259901163373108 0.73206830940592316 -0.27652020790942183
688 22 0.00078125000000000004 0.0013888888888888889 0.19166081210030367 -0.92545495660210042 0.62521650764508818 1.6565425697635345 0.099431482385416048 -1.5883747271032247 0.69724198122782433 -1.4355042760215881 0.073743405049759264 1.6947675154378175 1.991672307431986 -0.62348877945624004 -0.04376153302567265 1.6437328874868888 1.2365176711747377 1.8422075033622916 1.2 0.3227357394976908 1.8286840322070401 0.39617269701413738
1267 643 0.00078125000000000004 0.0013888888888888889 0.63852194374895388 1.1124706867364584 -1.0960479311259137 -0.72585253659032034 0.066755728870650621 -0.56793227412934799 -1.4344854923876844 -0.30215780249366508 0.075976182349783733 -0.20774344062851613 0.80843613162288497 -0.052589684706989992 0.067464560161648895 0.021506078253584526 -0.81879843851571721 -0.92921713374187354 1.2 1.1426673543053649 -0.198268593064896 -1.1504166394873101
1227 841 0.00052083333333333333 0.00092592592592592596 0.74832280644329452 0.87310290770012333 -1.000518514444523 -1.3537931887549624 -0.06732410470799817 -0.24714768039619539 -0.15383627960932778 0.033490809421209189 -0.044575167586159939 -0.27706748028901274 -0.60373224706223327 -0.1835147362630245 -0.067507228331531416 1.9444983712352517 -1.583755550834625 -0.78484139850080936 1.2 1.8331771606999487 -1.9283656093225863 -1.1406065728688199
1402 783 0.00039062500000000002 0.00069444444444444447 0.23734951128355133 0.24170777127946375 1.4911348705623171 -1.5488049762290648 -0.051551396543920186 0.33969752467702952 0.53096020057805093 1.530041802803348 -0.045495166397732746 -0.49102893452398666 1.8897138391251054 0.071584002781194922 0.065070190066591288 0.13732109847913421 0.15400567027910661 0.25902243751572884 1.2 0.011484651573650542 0.57504613439324959 -0.0058902107483683836
494 266 0.00078125000000000004 0.0013888888888888889 0.51904793156284901 0.62684992728815914 -0.69642967763030583 0.66692530759016977 0.0041228660688840124 0.60217588356218732 1.5954080696725503 1.639354292212627 -0.099998114392105736 -0.12693423065768528 -0.65541763391403185 0.4542416028664471 -0.058311124677879606 0.16867568291735324 0.11265919049201978 -1.8619013815814407 1.2 0.1020968302981658 0.30202172716361103 -1.183009772550575
1064 1000 0.00052083333333333333 0.00092592592592592596 0.57710042105399129 0.874982673227922 0.68313046123990961 -0.86904821309944014 -0.06806463999073295 -0.27411587747536137 1.9616208275126406 0.92459861073205918 -0.033276085835073896 -0.12985728856496204 0.92600685480522982 0.18600221299435704 -0.087338506898062163 1.3819975821767558 1.7057866951327121 0.068029900195551996 1.2 1.3976690467889996 0.54821444682075593 -0.60458400328662165
84 456 0.00078125000000000004 0.0013888888888888889 0.56163647119100479 1.2170506895660598 -1.0239488164992894 -1.2589852660431031 -0.091715817977945702 0.79748747651461827 -1.0982374549546519 1.1224920838022046 -0.087936435442511937 0.075970693028672986 -1.2738336073336129 1.2272729952872008 0.049277051105499931 1.82323727471312 1.1886128202533364 -0.20845969620868265 1.2 0.44766159643337083 1.2445583853324589 0.95629656448093603
1884 359 0.00039062500000000002 0.00069444444444444447 0.54483868242139566 -1.417304534398482 1.0090540361332443 0.50104505271399136 0.023874262149422495 -0.7279068828045796 -1.1162362200593021 -1.5794223032938675 0.069661094429786824 0.76342518762548517 1.5909913195491003 -1.8429105856124983 0.077179946473753674 -1.5474491144882703 -1.0545211658242337 -0.87552331420253093 1.2 -1.680873357891874 -0.20962454555255366 -1.8892915200584572
1244 123 0.00052083333333333333 0.00092592592592592596 0.23144719276344489 0.91617476514604324 1.4370710209860791 -0.96734685924145447 -0.048488766412941156 1.8938071815623592 -0.93648877928522944 -0.7421896721893062 -0.0852901970623305 0.38748956595871453 0.66110186107923541 0.26436410117722442 0.05104535805751173 1.889536523085475 -0.24466053162929891 1.7621723997988137 1.2 3.2796220720675588 -0.34292857545106936 0.85205179393230401
2421 1264 0.00039062500000000002 0.00069444444444444447 0.79014465427818348 1.0064213437583618 -0.13761126188327477 -1.3205378721874048 -0.038282159074886926 -0.60258212970374636 0.82281226709642352 0.41189465315228091 -0.04541422988795938 0.71519274527761612 1.1876676660946788 0.93737092522415466 -0.071381331470833018 1.6930438375587489 1.385994510784577 0.81756115999685042 1.2 3.1573405831134278 1.3808764837141865 0.060388812587654557
940 1045 0.00052083333333333333 0.00092592592592592596 0.75539953529319148 -0.81286188226214984 -1.3980768470838734 1.0594430339237872 0.084064255659494574 -0.25778899322597448 0.61200450858642208 0.57482271451946643 -0.060187708486952762 -0.012885801481609782 0.31912362728139376 -0.5052789150233914 -0.029860136291260747 -1.4411675365852337 -0.024384026246501378 -0.89592702246741984 1.2 -0.96834014439729132 -0.26607393325155948 -1.4911650150812903
496 211 0.00052083333333333333 0.00092592592592592596 0.61229855404267963 -1.300665672048793 1.6205907092639897 0.51711005503672736 -0.031479980884029701 0.50578574367415907 -0.43443949772437795 1.1491507928649263 0.0022056783780735889 0.99771908932731002 -0.28172219088487793 1.2310236806602535 -0.0050819593232113436 -1.7153096198605664 0.95667937391813407 -1.6967348146577792 1.2 -0.13906350221495545 -0.21636551230607656 -0.40676565749492183
1117 448 0.00078125000000000004 0.0013888888888888889 0.65876356339838926 1.8213632273127689 0.60759272878342641 1.5133373686626972 -0.020286281495035488 0.98918841920108447 1.3500962978113811 -1.2704755133580985 -0.092994798486060806 1.1926518625894329 -1.8036786042215085 1.9029974460295702 -0.016076025547171649 1.3060212240412552 -0.31218551796680583 1.7528845410903697 1.2 2.6792532451684665 -1.1518836854261152 3.7154748773170576
1307 32 0.00052083333333333333 0.00092592592592592596 0.71375592340969818 -0.32960502618268572 1.5491223929852724 0.36421744300767056 0.091628656886906079 0.89607283457499198 -1.9589432457507345 1.0790076251989666 -0.089058818216701474 0.99434080695008609 1.3818151638662703 0.74896018895060834 -0.04708493818056974 -1.6498307820776259 0.21685731549279863 0.36452360199783707 1.2 -0.19472105370179704 -0.06914636114172977 1.8326687119910192
2532 1144 0.00039062500000000002 0.00069444444444444447 0.60285474225665736 -0.52069060646627641 1.0128830345590059 -0.079066410431046563 0.08528192044445701 -0.29456968710436771 1.9998862954388286 0.33739989493275857 -0.011059182135068027 -0.095852458163141918 0.067332700044582694 1.2068702819598705 -0.015239706297975109 -1.7488889611071907 -0.98845017261544044 -1.9121760049238756 1.2 -1.6728088482170544 -0.88682968056048161 -1.1406319252301085
1878 526 0.00052083333333333333 0.00092592592592592596 0.42662218604131819 0.78996159534304367 -1.4998635074241182 -1.9014172263768985 0.0027963717885858691 0.37615780332756188 -1.7913341652670551 -1.0159339167734167 -0.020708457110527975 -1.5674423595475244 0.5694571158842594 -0.5484688578285235 0.012109254765480193 -0.85362368661726062 1.8401799715073026 0.59541885361974511 1.2 -0.62710035269469133 0.49971181964816969 -1.2284930996752361
1916 887 0.00039062500000000002 0.00069444444444444447 0.25789729359816188 -1.9074702792510858 -0.7017676956932366 0.91888020216859756 -0.056664230951496752 1.446531931106064 1.3365812334544618 -1.0936673305427127 0.054136809399028735 0.53702547979136339 0.46287667888032846 -0.0073125945395329239 -0.082762767257571687 -0.48906701673961006 0.69032974668544966 -1.8891088635826501 1.2 -1.4374121493463234 0.13164666837627961 -1.0366939502391419
17 791 0.00039062500000000002 0.00069444444444444447 0.29966060422936247 0.17739107913464913 -1.3281818427388092 -1.4922501090438711 0.061206053732116072 -1.8512912478162282 -0.39719527165681034 -0.37702788309171664 0.078260461051514685 0.62267076523464659 0.83783182423947222 -1.5429896363968068 -0.0025432444917170977 -0.071978176629772239 -1.7782225882709857 0.14623195198773287 1.2 0.10917668701866025 -0.15709581355961325 1.0548591544353656
358 472 0.00078125000000000004 0.0013888888888888889 0.78494102917112896 1.9449101640697859 -0.15301846433465194 1.1271067088209787 -0.030998543062010539 0.98427088244442551 1.4169896892190663 0.5977103395713419 0.02066751212193399 0.83903587847181083 0.34644867361574683 -1.9992506109047405 -0.092728048120714029 -1.3313193723163517 -1.2173544188053316 -1.1643669067927513 1.2 -1.6182857131380368 -1.1644300957999598 -3.0114832270094127
639 499 0.00078125000000000004 0.0013888888888888889 0.62723431146314879 0.89484788275630933 -0.99947846192173273 -0.47125100490117555 -0.073580947351624848 1.0080838792175988 0.87619298886844277 -0.08213033631222455 0.032072439852428025 -1.6470941570435005 0.022971534175753039 -0.037998494746120492 0.015009425831894421 -0.10732838015987101 1.190296060494676 -0.62559795524283768 1.2 -1.2796306197027452 0.72341598880591584 -0.5156354540565955
2179 1408 0.00039062500000000002 0.00069444444444444447 0.8374276118188434 0.3658912363100848 -0.27608238078382241 -0.58084291249207798 0.079629928621701596 -1.8206432438178828 -0.97442732078655014 1.4465962164733215 -0.043343706182395407 -0.69027947253759914 0.066346956178585437 0.57908009137091021 0.011566049754981947 -0.56263801710680728 0.17088824895830212 -1.5825973246401563 1.2 0.65597329880609612 0.737693053562961 -2.2103615820224363
501 295 0.00039062500000000002 0.00069444444444444447 0.15043765308375551 0.11404959234453305 -0.87424605413058476 0.94556670633790318 0.049837646981742229 -0.2217682299195638 -1.3073380309709193 1.8092490354862458 -0.039234351779907577 -0.33526991383126337 -0.50047123626381662 -1.7285967986667914 -0.032811657693223181 -0.4283863791519007 0.24253427152097418 0.69574594386066702 1.2 -0.59471578684097814 -0.062911427185147223 0.8122719433967418
304 506 0.00078125000000000004 0.0013888888888888889 0.029826727815418969 -1.7048461907797821 0.70865576844380174 -0.033636688663198466 -0.03202004943105656 1.7881157171436581 0.98142570383164651 -1.8839236863841728 0.078410938370339717 0.70287963817371013 -0.30445714680772351 0.68923842230828525 -0.051321140950598858 -0.3690995098763552 0.50064267896001091 -0.59281430267264312 1.2 -0.15387413979681172 -0.23603805685654244 0.17917727169535191
1351 534 0.00052083333333333333 0.00092592592592592596 0.94996711738977013 1.022805394104803 0.65561577130682025 1.0673722516587549 0.00088540473157265598 1.5257629666153703 -0.40086799224172331 1.5380719156126377 0.035495025774588795 0.30408267187409432 -1.0310118925564535 1.255013829516034 0.017796537510063784 1.5363883507502885 -0.029106622529354809 -0.79967912081311177 1.2 1.854350050460797 -0.61204914846300895 0.69273664738018126
938 412 0.00078125000000000004 0.0013888888888888889 0.9168955632361564 -0.44351500091632312 -1.455047901778884 -0.23512529429110796 0.064965676750158519 -0.2996389906308341 1.6431268986499377 0.28101677061535169 0.022481028124616789 -1.8251716293547879 -1.9038153934116409 1.3319136479604121 -0.04317870506006305 -0.030965001065469622 0.87507203961071234 0.85065532906777097 1.2 -1.5728212575321592 -1.506439637735707 1.6179758085496552
1021 1063 0.00039062500000000002 0.00069444444444444447 0.085863519236093852 -0.15959885793824791 -1.8463758821629201 0.25097715932961862 -0.071606058291035307 0.66432284051462798 -0.095097908076958504 -1.9984144257570864 -0.068483716421758101 1.0609235273333999 0.14064451520623944 -0.3604569281625527 0.00051463920868181912 0.812295714319899 -1.2783815426372866 -1.4608861191774793 1.2 0.49606762300435753 -0.67997872815512361 -0.47235580592075183
538 672 0.00078125000000000004 0.0013888888888888889 0.57692404156458921 1.7451004372832899 -0.88729109764354819 1.4675695054869933 -0.074864949915134649 0.31911528747248541 -1.3610576000395196 -0.16229860691725184 0.011574559419880351 1.8116092342079178 1.1999821670946642 -1.8735805203064557 -0.043915534933347593 -1.5364429574539167 -0.61433929139777144 -0.09083745624384898 1.2 -0.88828125416697723 1.1901094889082244 -1.0740545473632019
359 709 0.00052083333333333333 0.00092592592592592596 0.26841877174525408 1.2525812947915242 -0.0040145518837984007 0.78832407983395836 -0.076290958749431356 1.8432663643385303 1.9069931633083863 0.4716667787237605 -0.097225578892104106 1.208622926052723 -1.9744459421982152 -1.2525391955862326 -0.095706052154985066 -1.6584837571430739 0.09604407656093894 -1.8381063245031428 1.2 -2.1525388451424119 -0.8223278917566218 -2.247794301196921
1165 187 0.00078125000000000004 0.0013888888888888889 0.61408922943462729 0.3239752535222844 -1.5145459897197648 -1.5383231507843251 -0.060321780687629417 0.63539221801756263 1.1757527192508705 -0.85298120849696657 -0.049230430890272708 -0.034147148802243343 1.8694099680565963 -0.24329448224029715 -0.065971935913130136 -1.1439281315503678 -0.15787180199784823 0.65791975816743653 1.2 -0.54716702011578777 0.28527166753567879 -1.0708273154697123
943 842 0.00039062500000000002 0.00069444444444444447 0.90363467831153665 1.3314566030235579 1.6858891730711369 -0.64483363961264661 -0.040002043354946441 1.8005902901168516 -1.6042834444733556 1.1077106744912877 -0.084914448721777336 1.5965305426788876 -1.1957143131991881 1.1405084989382073 0.029218241260758837 0.32120217283968167 0.21200090854098486 0.28937279148316586 1.2 0.88503652921360421 -0.83008603599058239 1.0396893058524974
773 371 0.00078125000000000004 0.0013888888888888889 0.13741919752256859 -0.92318568504210541 -0.29510833909591128 -0.24925247404435735 -0.034584842210294897 -1.7148623140043697 -0.75109360600494313 -0.89497408432804626 0.020637237629585248 0.2335318246561231 -0.25663649240361686 -1.7733444666145814 -0.013610189387301116 0.90944887404176278 0.42699274182502478 -0.48640608713029687 1.2 0.67527490426988934 0.29755060508664766 -0.63305754982035589
1526 983 0.00052083333333333333 0.00092592592592592596 0.55512942192511838 0.65518929337381326 1.6906206121857115 -1.6434739025942866 -0.052144177496472044 -1.0863682108227901 0.1789716739053544 -1.7322518982678994 0.09726084151574782 1.3930650714344379 1.8520508950652492 0.74431830533388288 -0.057241979448698424 0.33269427420303721 -0.53914259999453407 -0.39768431251193403 1.2 2.255055859456947 1.2667107193279576 0.44288198065500878
1261 1064 0.00052083333333333333 0.00092592592592592596 0.75134988189985497 -0.36478879153319088 -1.7496718382591689 1.0140050820883237 -0.096753649703124445 0.24957352613838424 -1.2995304553614644 0.74942313933434868 -0.067272810654810528 1.0215091199747381 -1.6814578450680502 0.73694082663909377 -0.0065857245706214956 1.6808354425392817 1.2852009594523177 0.51987797633733113 1.2 1.7002910989046855 0.5972003731068698 0.53993794751688318
157 997 0.00052083333333333333 0.00092592592592592596 0.4594244567254952 1.7067378497509149 -0.88046440017689065 1.3180637770397374 -0.095066363598368342 1.4368303397954381 1.3432081859389751 1.009021907576972 0.045130733156912073 0.95908755249976796 -1.4391256279322544 0.55552567563015698 -0.051477078611299 -1.007691248897713 -0.075911269408072357 -0.74546172981621561 1.2 -2.637275021084434 -0.93551117720300303 -2.009655572994308
1361 948 0.00052083333333333333 0.00092592592592592596 0.67091025592686648 1.2058279722544589 1.8678053304887903 1.3945565586956339 -0.073614834041000499 0.3332391885961643 1.959944549888601 -1.6344398142074588 -0.0072264072011700015 0.97476868706719255 -0.60881872026824357 -1.0595187852761021 -0.07884955450915293 1.2028404654886855 0.58191173380318162 1.6385598118249574 1.2 1.8800924139878812 -0.47071896105166144 2.4491351829578876
1232 1031 0.00052083333333333333 0.00092592592592592596 0.38434725240660139 -0.35484761760094674 -1.7129696779273962 -0.50455697577476766 0.036576525432024276 -1.2883874173654712 1.7705563141047862 1.0154589472017137 -0.072807444435005558 0.62244117799166876 1.8804842479961401 1.7305037291524816 -0.028130394231648759 -1.496791049577443 0.14538164352968463 0.54331137284821596 1.2 -0.14663109181369105 -0.97139311373200277 0.11134864468175067
1462 37 0.00052083333333333333 0.00092592592592592596 0.14708087790485871 1.2676050787483208 -1.4172629046356664 -0.93296478553817375 0.097645509146173259 0.2758651006302073 -0.11259320340015622 -0.23189049776399617 -0.011963732452879544 -1.9683669316331649 -1.5031795800133918 -1.4872300419019702 0.026549216821540711 -0.25859076524058899 -1.6035381094398597 -1.8927665017866251 1.2 0.29915984731268025 -2.1475084481009241 -2.263592879226636
328 170 0.00078125000000000004 0.0013888888888888889 0.97702917026453973 -1.0363606304106798 0.35490429636724175 -1.7771638000126293 -0.063572714975722894 1.7651373255589711 0.81971811285179497 -0.1085517664326372 -0.054835955438329004 0.4482248450410764 -0.76456110480089245 1.1101274974691355 0.041049308121510947 1.0706432951622173 0.65724378869627076 -0.37551836259534976 1.2 2.3685205822744448 0.13604852760691655 1.2211941699026612
1238 1406 0.00039062500000000002 0.00069444444444444447 0.15030390509176617 -0.24663839530611842 0.99664225837389919 -0.85871813786470508 -0.015927310836474293 -0.4290282487090149 -1.3120331207809626 0.53864010367470172 0.084408535288451686 -1.3204714820709467 0.090835924052863781 0.10109359163272469 -0.043617218190266566 0.95561075858877409 -0.21295540394455204 0.64161683359613164 1.2 1.0545339015280422 0.91548325917266671 0.15363955241117994
827 408 0.00078125000000000004 0.0013888888888888889 0.59842540439921799 -0.37423633508859533 0.51049665452394732 -0.86467164695199461 0.04617477290876687 -0.30264963824977364 1.9603172981142909 -1.8256268931015751 0.084260544943170951 -0.26823847702712067 1.225322622582389 -1.515174614809927 0.095882786776211038 0.42884587611150637 -1.9859476354912613 0.39055048683108406 1.2 0.15835694840356981 -1.0854806011674396 -0.41565305359434251
1452 249 0.00039062500000000002 0.00069444444444444447 0.96820260735777997 -1.6530084235825915 -0.76402362937555335 -0.014016324219797482 0.078338142716546627 1.8917562583785066 1.317804571734337 -1.9967628610403669 0.080583059287487185 -1.8562010126561308 1.7935442526050775 0.82752111102107007 -0.081268361049516236 0.2553179986223415 1.8218883426966603 -1.5735175649852229 1.2 -0.44609962417343096 3.6441292473650653 -1.7551469528037433
993 695 0.00052083333333333333 0.00092592592592592596 0.37177704297426689 1.9368510474022611 -0.043799090012078601 -1.0146277229613072 0.014476514613045249 0.52149617357914346 -0.39485920328235924 -0.09350716722658925 0.063051354546772687 0.246225038915028 1.8261044807899869 1.1679192266285692 -0.085722552899552051 -0.10707409933271927 1.6620045135196855 -0.085056785957773773 1.2 -0.085283461236225336 2.1322289038316464 0.29611064637891799
2531 829 0.00039062500000000002 0.00069444444444444447 0.99559437425016628 1.0086977330622537 0.065870677839608316 1.5829324294850076 -0.044658186107185818 -1.9148568801146451 -0.73607855179837989 -1.3156504309308383 -0.082970746458297717 1.6366076680338604 0.5971354956021937 1.9866722076517531 0.0053411890878020951 1.602755192870617 1.7749273953870994 -0.35591828061894848 1.2 3.8403434319588512 2.1679651991084077 2.8696729009340909
766 629 0.00039062500000000002 0.00069444444444444447 0.066112210426373663 1.3220822052916006 -1.7717607932403734 -0.78347396229992183 0.0088554985160472083 0.42346425302609703 -1.0601110497733881 1.1720767632981972 0.0081199788166281123 1.4644299548949693 1.7735880717073473 0.97315792727786743 0.074404431407451288 -1.1571624014451491 -1.4671750374948567 -0.47475344159212662 1.2 -1.2787069924331431 -0.64237937949296153 0.042594798399397844
644 350 0.00078125000000000004 0.0013888888888888889 0.66245593641568334 0.26667725012747123 -0.82370101587540434 1.3540136295901082 -0.065326514961838889 1.5513172443639696 -0.30434465020007817 -0.55269857174813941 0.029356693466478456 1.2058994140446906 1.9671943343291534 1.7931246739281375 0.056500537929536992 -1.197178963620666 -1.8613834815635895 1.0957364040758146 1.2 -0.28722497327866248 -0.46215264197786388 1.8408789799421341
825 146 0.00078125000000000004 0.0013888888888888889 0.1165570968439216 -0.26487163780056999 1.4705400651831781 0.22956074579219132 0.097985344401031432 -0.34784077240125688 1.4436991172464237 -1.2621524898547336 -0.058467749005161967 1.5943831064465614 0.31310534416190361 -1.8019695478398035 0.038872874188070033 1.3909949212045749 -0.74452168603647895 -1.5411334483970776 1.2 1.0797112741821941 0.47935770410211453 -2.0305795361250532
1304 423 0.00039062500000000002 0.00069444444444444447 0.88643927249571919 -1.3264984169793177 0.56678167607505436 -0.97031847021344131 0.086114219236690132 -1.2796114233013065 -1.6383059371691822 -0.43478259279140641 -0.031244031691716301 0.43108717008541975 0.67632490858555849 -1.2799279415189364 -0.065498963528705184 -0.14335065814612813 0.48814092083689831 1.4544818603907239 1.2 -0.27730905632615555 0.37484663718756378 0.10814788280114611
1854 1 0.00039062500000000002 0.00069444444444444447 0.47125238681698783 -1.4807195152547972 -0.60300408227302027 0.82070628259303602 -0.0070647920140464587 -1.320817944508752 -1.7162511486431873 1.3243087232324098 -0.09732809401970105 0.96475034037530616 0.29795093089802505 -0.02949067986399978 0.090019350453222263 -0.6325130617099477 -0.68691346605169423 -1.1117094192778523 1.2 -1.8916719053786453 -2.2150139450094462 0.49407772815267537
160 682 0.00078125000000000004 0.0013888888888888889 0.61179569433145076 -0.89280999393387672 1.7119208776422061 0.72868520530088698 0.025717661274120174 1.1017611103939209 -0.78099856885122509 0.93675399298837236 -0.08009657496001675 1.2309373301511908 0.6215158494260522 -0.47479390311683112 -0.051992030578123273 -0.011355683649471704 0.17012704258324352 -0.25809327009731753 1.2 0.34705519853236888 -0.026699051579104054 -1.5841135331556171
588 12 0.00052083333333333333 0.00092592592592592596 0.46412280877869488 -0.49108654123856654 -1.1798629961887461 -1.9970516853054678 0.029593626133198214 1.8693847213667212 1.6118821944131132 -1.2487795926361032 0.091476012463710482 1.7309649739149027 -0.79359031032336214 1.3309021519392936 -0.037255556133386269 -1.7365965120382638 0.8854141609366768 1.3296101547077974 1.2 0.85905355164538488 2.0214282817895945 1.1900990000689815
684 184 0.00078125000000000004 0.0013888888888888889 0.54190432464193938 1.0613697477105939 0.46583561844286825 -1.3667150202572937 -0.0092448226801620653 -1.9433961098277521 1.7458316761795807 1.296542882743541 0.0089074651120097242 -0.77588578186224177 0.87437725125653865 0.090835171822503114 -0.038141521291857133 -1.0216086996510203 1.4506236838463891 -1.8974251480334612 1.2 -1.9574066265866359 2.3735106591542938 -1.1083111474713649
62 155 0.00078125000000000004 0.0013888888888888889 0.84796014131581765 -1.827089194067038 1.6669609203289921 1.1432288807126625 0.098404034444516453 1.2112120358335057 -1.7604430712220833 -1.9419891750123828 -0.072516292331909038 -0.59997910222857209 0.2689993511785933 1.0704424660688709 0.068093330013462822 -0.088036544657033033 0.71459645295181096 -1.8038269679519798 1.2 1.5428054854512432 -1.3846154415072531 -2.6875370018940794
232 214 0.00039062500000000002 0.00069444444444444447 0.76066425788060954 -0.22580862307741167 -0.77760759755475961 -1.734639960690068 0.07558215396072307 1.7585420359633694 -1.8766541866865976 -0.55887534832087837 -0.04488357049856944 0.93630526383768364 -0.23776066611582358 1.3063410025839142 0.091914636075761225 1.0153272117278274 -1.8914396639063416 0.24108700305692166 1.2 2.6747479146125221 -2.3403161569084352 1.9225312708650231
964 23 0.00078125000000000004 0.0013888888888888889 0.58156918566105897 0.75478589187674716 1.718589414351086 1.1718420951441191 0.083776766248858658 1.4068993177761961 1.5584754990788547 1.829944565877144 -0.047251449308560137 0.38253384655234424 1.8062822458360825 1.5911945693206939 0.042458483094971466 -1.8953258573085918 -1.6557383279216986 -1.9190675996017612 1.2 0.020363099050000673 1.4087128009092937 1.0719291279050807
1609 1058 0.00052083333333333333 0.00092592592592592596 0.79611053291780276 -1.8139155314856952 -0.27975999761897752 0.55150093365244368 -0.068927625531477563 -0.73477099790444456 0.10850813267005144 1.3532893767081764 -0.022514354984447121 1.63322846396379 -0.99128393112227009 1.5792916909714507 -0.021645354541373021 1.8681024938902344 0.20991245413668436 0.31873538089277531 1.2 2.2860006777743269 -0.7538075017948298 0.56121048840357546
1702 1378 0.00039062500000000002 0.00069444444444444447 0.039292139415950889 -1.0771166337185512 1.2789916881899481 0.17849839335533302 -0.099111288781665474 -1.4384508177607436 -0.98054222054614737 -0.89115263274283718 0.089816107385562866 -1.2590816604885697 1.2672407093118818 -0.65224587427611302 -0.074012852325624517 -0.91007248943184083 1.3286933815956856 -1.5216477781048146 1.2 0.00046755482787490119 2.4924766646277949 -0.6221618592651661
1945 139 0.00039062500000000002 0.00069444444444444447 0.39397485958781547 0.15518480018954106 -0.18117991651980292 -0.25917231271779473 -0.027396063579041854 -1.6464558419980988 1.0319907249937414 -1.8369790139255997 0.018296487902725728 -0.19186426491423481 1.7981072740821284 1.0636801849368784 -0.084867006926211463 1.5890522416256938 -0.78022531833527964 -1.5082917466241503 1.2 0.22851326589977575 0.57068176791379699 -2.3178017887090783
1947 144 0.00039062500000000002 0.00069444444444444447 0.6217406900372785 -1.0073764340504727 0.77954395866472703 -1.13405490145762 0.090264659940294256 0.31166773341601983 -1.5864150960070771 -0.5757628828760728 0.033726268896168005 -1.3291981486084463 -1.126432569137624 -1.215045152609362 0.081818251802677766 0.64736461609993912 0.62671812529621729 1.7019480286488466 1.2 -0.34362264433225775 -0.70582080997237451 -0.079324816587609689
922 730 0.00039062500000000002 0.00069444444444444447 0.88174262631329303 -0.85766478414433367 -0.43236806771617431 0.5761342280676085 -0.030383662425423549 1.4964428265893601 1.14248724536687 1.8000271161001935 -0.015733613776080332 1.343320098370294 1.0793821368284897 1.4996395586375839 -0.074236444409316191 -0.52650310937921674 -1.0331141161121358 1.7188548410556233 1.2 0.76595081394359732 0.019873817103186277 2.496363810055974
1087 610 0.00078125000000000004 0.0013888888888888889 0.65502844854352626 -1.8233005110866021 -0.09171451286268395 -0.25591205336480538 0.082960301372083906 -1.201320508117004 1.3812892621966455 1.8594132100166951 -0.016523681315793043 -1.1430241524325981 1.2008969507732674 1.4405468834682402 0.030677049355019026 -0.81642385793338512 0.68048724964364915 0.50857498113267896 1.2 -1.5540517019835585 0.34261281040187663 -0.015978625382154384
575 194 0.00078125000000000004 0.0013888888888888889 0.43709294796318027 -1.9153104101337983 -1.2017584577580402 -1.0203973887596889 0.06160660419284511 0.4473573995588418 -1.3097649687502435 -1.545628209093513 0.085917727946535433 -1.9402094570390473 1.7848707135135915 0.78671247094723595 -0.072833798472815514 -1.1404136986280178 0.81747947946130095 0.21852571716735358 1.2 -1.3232113591555559 0.92939072629868047 -0.037729706552747037
767 744 0.00039062500000000002 0.00069444444444444447 0.28191963258368341 1.6548457470285611 1.3791719292665352 0.32894789816437386 -0.058885066883949677 1.2138643084629934 1.6832883853980296 0.85417921661836305 0.068192912174374343 0.13961881255554109 1.2738243730172032 1.9728171693466146 -0.073687138061135277 0.12202161536007683 1.8671324544277859 -1.209353940106928 1.2 -0.45190731783587357 1.3467603045689875 -0.67802018888413063
188 744 0.00052083333333333333 0.00092592592592592596 0.025972176245217145 1.4165222240629962 1.2310871854628838 -1.0126319937939794 -0.096326155381144932 -0.72909847071919875 1.2887979884147169 -1.1915713382882585 -0.035425830625509039 -1.8986658280647553 -0.92863086635528225 1.0874585849313041 0.01430059759223748 0.7155724766084175 -1.1055393184510436 1.968933617446738 1.2 -0.15180451228785591 -2.0191215179328412 2.5265092158358651
668 546 0.00078125000000000004 0.0013888888888888889 0.99743818811243923 -1.8959695871651663 -0.33632475570420217 1.5804045743388211 0.065854441938779401 -0.69450969456990519 1.6829532205856084 0.71496364850704719 -0.084154974483651016 -0.017277504536063581 -0.097292345686444737 -0.70855464214402941 -0.092904250636261315 -0.21816878013112007 -1.5525775099835295 -0.43675057887587654 1.2 0.034633814543473578 -2.1982334223122746 -1.2510178239403462
470 532 0.00078125000000000004 0.0013888888888888889 0.50421253636444652 0.26509176382069866 -1.79729255030704 0.28599249597473131 -0.098361484233270916 0.097045461115067067 1.8330552213374354 -0.28100820375507229 -0.022032711567356172 1.7733378918320453 0.84726442058471552 -0.8696691084633339 0.0097032675189685086 -1.1133167111504019 -0.62516876972726854 -1.128033308432661 1.2 -0.27054876163913733 -0.48353166001855202 -1.2143573120934494
1090 212 0.00052083333333333333 0.00092592592592592596 0.76784602194796803 0.60109064554677838 1.0038735826339691 0.78060893140254617 -0.041723416766105914 -0.67475617979432423 -0.80620095100520128 -0.95326722058283009 -0.054161691039387241 0.41243789260184593 0.29322449066487666 0.17420705804059589 -0.055405125353019072 1.5962420156429586 -0.15897045398834297 -1.5652929322654758 1.2 1.4168926901385324 -0.25586868179722583 -1.7012152432341525
545 272 0.00078125000000000004 0.0013888888888888889 0.90948474653349287 -0.50712953129561678 0.21387801075855384 1.4879338777189886 -0.072347116342953349 1.9234779081332114 0.44822668951201816 -0.34363033254696207 0.097853264908263821 0.34567712788022531 0.20309260278818453 -0.54604946586260272 0.046897525715052318 0.88939814446171317 1.7516709979476976 -1.7207613229148486 1.2 1.3672799767248587 1.576786808979181 -1.9736682656850106
784 704 0.00078125000000000004 0.0013888888888888889 0.11242675998717654 -0.5342315737494463 -0.9346506894760811 0.48421298769349885 0.011828325202922207 -1.8497189248128607 -0.37453727140719595 -1.4066427966980193 0.089371249510367401 -0.96762628529080041 -1.1832839290758042 -1.3338187824964645 -0.077953185436962974 1.9438268536320087 -1.0658357705474111 -0.97229763053474949 1.2 3.1437668164832919 -0.94866443572822434 0.30057352706585205
170 304 0.00039062500000000002 0.00069444444444444447 0.36076081605398774 -0.16554130668085865 -0.25440768186965457 1.8585561026143322 -0.08278069001305205 -0.72731054401232287 -0.80932717751675121 -0.3686197857369411 0.012142735973898477 1.4349179424647898 -1.9686448773251048 1.5452741511496675 -0.02697961682083054 0.99770808670573174 1.8728490369341704 0.75832761557322836 1.2 0.97644963604493873 0.72189857121147016 -0.4002377306628519
696 1057 0.00052083333333333333 0.00092592592592592596 0.26797954882014391 1.8650251182302133 1.5477145668777319 -1.4880991751049506 -0.041276200885568895 0.35447642476287378 0.47060240089429017 -0.11637524846831138 0.079130781432687231 1.4357123570398822 -0.071938784167617342 -0.49336561079619079 -0.055315646975784394 -1.1450389621946817 1.6476902555129311 1.5368754848225334 1.2 -1.4383459678557902 0.67156361467774495 1.7173994945250892
1073 4 0.00039062500000000002 0.00069444444444444447 0.96862492776920128 -0.58732099883084876 -1.39042632847758 -1.8923629585904855 -0.056189210924986258 1.6274610834606364 -1.8741359985641277 0.71657863110244246 -0.038132965470453244 0.25217002954594925 -0.078528520028929183 0.15799744693173512 0.015320951664250598 -0.78299476978271887 -1.0046570716950578 -0.83467717501773109 1.2 0.98928654762915846 -2.2924160291510156 0.28309569532422374
1222 443 0.00078125000000000004 0.0013888888888888889 0.90834069054564126 -1.3480567247519821 0.18271460126001315 -1.9307823622547522 -0.024081065608399704 0.029287356403222109 1.344879722451926 -0.45862284812843424 0.053000555709708574 0.027030021585960906 0.51915189226968206 1.6212506874212003 -0.0036538620141370465 -0.18896535450821439 1.7690139473512834 1.7119059851321063 1.2 -1.2027388063023425 1.8021468031452021 1.3192726727546118
2308 595 0.00039062500000000002 0.00069444444444444447 0.59267837950474334 -1.7416869281598908 -0.98341171571125807 0.74050718246563862 0.019731487322146163 0.75042341967694171 -0.051206427842946933 1.7273815082849238 -0.017585713246842619 1.8926982617758554 -1.8045658765845234 -1.0485421949494382 -0.050887243376264157 1.8237552828558905 -1.9559572749346699 -1.1220992192676329 1.2 1.4169865246764108 -3.2338501507870023 -0.71859175803862163
479 398 0.00078125000000000004 0.0013888888888888889 0.35675337293036852 -0.79061657483152858 -0.77796255016471205 0.64265157999836786 -0.059173022774381238 -0.28849577681402172 0.2182306406880703 -0.70590224750719877 0.023733503502122819 -1.4830842491436469 0.081990714839026424 0.52996351765049932 -0.036767319785248373 1.8513395256851677 1.9782623319790287 1.4203373440370139 1.2 1.2936867611680498 1.8172956269468064 1.2706393665452751
1041 501 0.00052083333333333333 0.00092592592592592596 0.74457984938056598 0.6020727085499451 0.76851268670456729 1.8167670647967924 0.013970206908426805 -0.059566732085316154 -1.1403936108813397 -1.0593860132534103 -0.081551083362134902 -0.63984705746549109 -0.96482470734239989 1.531001327359887 0.031218707220436764 1.2007835821909216 0.06961243441326026 -0.6119605996997306 1.2 0.63287581168882956 -0.54556859643399025 0.49785783445931114
340 294 0.00078125000000000004 0.0013888888888888889 0.37476096514440504 -1.4344218485191114 1.5069449760684144 0.070735315409958588 -0.081851785232393837 -1.2721900337312926 -0.63600817061180459 1.5265305297450351 0.027925233701761781 -0.17543990740116477 -0.78783856555954035 -0.93055817236708815 0.056029719003660022 0.29257030367328385 0.14144610123986467 1.7450387373918232 1.2 0.52722880565083508 -0.77091087443636985 1.2978220353195293
796 1321 0.00039062500000000002 0.00069444444444444447 0.30486672924592495 0.26059162613363629 1.2855615457918441 -1.3573796414423329 -0.040640247503081664 1.4169407798628488 -0.97219518088995249 -0.67909425364747511 0.09977017613799552 -1.4879233949836683 0.33166681204000747 -0.55405989051492899 0.081470928990096697 -1.0060476391338624 -0.12295081994865598 -0.50197675892321358 1.2 -2.3701098969734771 0.26343384054395919 0.35369166091588872
1259 610 0.00039062500000000002 0.00069444444444444447 0.50489556779121325 0.48279409282953312 -0.021876266504971653 1.1102899165211704 -0.045075664208821122 -1.0386520311704208 1.2361981005091951 1.9370692757213583 0.032617576732265452 0.75602014713400223 1.7197455073957797 1.3117155851181628 -0.030529590965691064 -0.91497730173136738 0.21948859602026616 0.54148904397125408 1.2 -0.58722896519776058 1.0721414863976784 1.2439064849853187
982 1158 0.00039062500000000002 0.00069444444444444447 0.87836071183036002 0.43248168274309462 -1.5827972662373604 0.69008252215619859 0.081473316188084038 1.9209691764452423 0.42568397184919604 -1.9896358501689724 0.010804385745752196 0.52041530446835216 0.10162666064824899 -0.38897563832302007 0.03511511845339399 -0.8574513724884425 1.8121178977407957 -1.4793632656509024 1.2 -1.3861634801307243 1.6676017884249494 -0.63855759427055425
1203 1274 0.00039062500000000002 0.00069444444444444447 0.92672199826953028 -1.9306269009882358 -1.9243567485482549 -1.7975012662981373 0.054347039299545152 1.7321579451974221 -1.4426220346041205 -0.30045046737050907 0.088981531734264124 -0.70148664158393448 1.0746594810249768 0.17291478088063394 -0.021572728200279861 -0.75492563194240869 -1.0502827477539292 0.3330906079724314 1.2 -2.3673979349850987 1.0572314293284546 0.75088250790176114
714 30 0.00078125000000000004 0.0013888888888888889 0.63511188363991189 1.1862956773458526 -1.948136045406121 -1.1834764870681247 0.07152993370282143 0.087231802098954425 0.32888546747498948 -0.88774811703107392 0.080405997407899388 0.66998871891076295 -0.18013122421210648 1.6294815649574805 0.018527396067724716 -1.5602948303644371 1.5988700103925213 -1.1822042869356664 1.2 -0.70870561636998242 1.2048605945035897 -0.8484286307991451
2117 1278 0.00039062500000000002 0.00069444444444444447 0.49688586858083217 0.99382396034156884 -1.5231560599749834 -1.2128537620977373 0.046734005726191907 -0.46642049056687807 0.6413579269523848 -1.6225302827221779 -0.05364523428706134 -1.5720079564192853 -1.1264753655483948 0.25520883428552388 0.042624998775558309 -0.033375770816602035 -1.5954193261782974 0.74279350059933824 1.2 0.15275705150032357 -2.821499720707306 1.0318968900176386
930 727 0.00052083333333333333 0.00092592592592592596 0.44747732308458915 1.7355058352914141 -0.2804933922118229 -1.5965989972505903 0.071064135955351077 1.266304381446596 0.76972135656404062 1.5273570058266226 -0.05551508362977893 -0.0010576330025635627 -0.56635571312474431 0.17261998617985741 0.033321169534803241 1.8597403703622861 -1.8250716415822685 0.16957416805917136 1.2 1.1089645557278296 -1.8970314173373717 -0.19030187287871864
395 958 0.00039062500000000002 0.00069444444444444447 0.88964999323860472 -1.2244444491719411 1.0345097443776274 1.7240257561647323 -0.042111726036724063 1.6488055269689674 1.4633984221555481 0.41311768277087024 -0.078111820980862834 1.355194292152905 -0.12199503601828843 0.7212236535090808 -0.0094170304028839552 1.8882534343277007 -1.3841480237170152 -0.18656619468135238 1.2 2.7224890594771112 -2.1597156292786632 -0.70038983406494371
1138 660 0.00052083333333333333 0.00092592592592592596 0.0575478878732575 -0.53596012504977786 1.1104845346031977 -0.71424282175996856 0.068448618180442289 -1.0909762276294059 -0.0478450727655515 -1.1869811650093443 -0.015407459499309883 1.2808890203647905 0.016191248098443634 -1.3296453828719503 -0.042234985402255391 -1.6436103693379258 1.3109578245709077 0.88668993110977512 1.2 -1.1749714186039846 1.2597866382957279 0.77631438919613649
972 29 0.00052083333333333333 0.00092592592592592596 0.92839967426612091 -0.28131619198187208 0.42746486889476554 1.3534722355601825 -0.073028707376059432 0.30909424123913132 -0.41853666904258313 -0.6352538432804522 0.070419502217859059 -1.7134309146741002 0.27280017449980942 -1.9617685881476792 0.032402154581049503 1.151650485921198 1.6874195228355924 -1.7898818993303882 1.2 -0.11619372808637503 1.1967094174049653 -3.2369389919442151
1106 621 0.00078125000000000004 0.0013888888888888889 0.50357730837758352 1.5881697977614269 -0.033168094040676888 0.35730227571277151 0.071595621198831311 0.99824290562112861 -1.4035726153462447 -1.4098761264452313 0.032351181353500374 -1.5656028676395466 0.62413282127086234 -0.11557439541278258 0.026600198937689667 -0.44166263640824699 1.0611843684494588 0.07727747079680336 1.2 -0.64210755867080749 1.9087678658073555 1.0495561633164145
53 876 0.00039062500000000002 0.00069444444444444447 0.45778267663271899 0.91397999429053067 -0.055624866485884272 0.36704837967036319 -0.085182889870696887 1.5882469466378417 -0.012955378153451935 0.17376470289412049 0.045571084921355115 1.4233754260196307 0.36556455029448642 -1.545512978879005 -0.040976911503345259 1.0910868176482671 1.7477702323529662 1.3792923238043149 1.2 0.41635998057611939 1.5732644735281072 0.2253120415372348
1686 292 0.00039062500000000002 0.00069444444444444447 0.98884999917537497 1.2198812688443166 0.69261179267646567 -0.33832371885172341 0.042192002019288022 0.51015867644824686 -0.70489727117541445 -1.6213566629957632 -0.066629128732466958 1.5515062670170883 -0.42147607849813795 -0.59973995051505868 -0.019878287109868525 0.93508550563004311 -0.99385489193167853 -1.2275564527202154 1.2 2.7375301128043819 -1.3942398296674898 -2.5045747693303486
402 442 0.00078125000000000004 0.0013888888888888889 0.24613540003453516 -1.7565059441017743 1.6945813621912769 0.3123732693474488 0.010657183754555197 -0.01361129813044526 0.51934178640519724 -0.11183226037588812 -0.045725748908486269 1.3456304011022042 0.97882980948106324 -0.037603217630382879 0.060910938273800314 -0.24057960555935098 1.848527139604264 -1.1687252083996515 1.2 0.61036867031730735 1.0982967501163077 -1.0382769268691585
986 986 0.00052083333333333333 0.00092592592592592596 0.96561860766951935 -0.27927373291292978 -1.5523904581689116 0.47399549635245997 -0.094402186838284233 0.68264584263487027 0.5647804619676724 1.7609626956945581 -0.040641642621000007 1.5693100928648076 -1.3079443379323177 -0.19224829491195816 0.013127697790126416 1.5681483974403911 0.9170430507883327 0.16368846914441759 1.2 2.0192953778454958 -0.68810139728816244 -1.177896951369418
1766 922 0.00052083333333333333 0.00092592592592592596 0.23654141753404473 0.1353590246277756 -1.8773580234827341 0.043778279616666804 -0.033544974168969663 0.19987369380928222 -1.292068146766244 -1.7890914870846917 0.076214355984820764 0.28991039364591309 1.3144576892695419 -1.2738097317948238 0.011042439933695733 0.62713794393280153 0.91508353238357776 -0.61689032110668496 1.2 0.5960595215164799 0.50341210728209285 0.34437404837070851
602 654 0.00078125000000000004 0.0013888888888888889 0.2334562110158325 -0.93128898553210115 0.14505680923702968 1.1751876861349557 0.0058263903857103116 -0.60713871998142999 -1.3827635695419489 0.044881080636305803 -0.060185278619252894 -1.5601276635837231 -1.3250259194973428 -0.52643357436773108 0.073722413687718313 1.4536218110046124 -0.24355601699939422 0.11008281113912455 1.2 1.2958182186382672 0.45003115060923532 -0.093507487275457921
1717 478 0.00052083333333333333 0.00092592592592592596 0.65877937614927451 -0.96046839222150249 1.7749835128108176 -0.77308182329611919 0.030453830773298107 -1.6497643137980207 1.9281225327165075 0.60603389496261073 -0.044304448427327753 0.52957940965484607 -0.59320397576975736 -0.64517757155298661 0.072548788262713798 -1.6435161662688875 1.9689937560553252 -1.0921644126602024 1.2 -1.7685812959751996 2.5248056752666055 -1.6247390663529266
1218 179 0.00078125000000000004 0.0013888888888888889 0.28973031438383845 -1.5379458222058449 -1.0613515134929949 -1.7918101682433862 0.070695592702345933 1.5637264401853042 1.251090675891418 -1.5621302746745123 0.062544299043734819 -0.66663897281519491 0.17931297258285994 -0.4709724696099733 -0.070724377347384959 0.4025803280628808 -1.693970343677655 -1.0361805854913371 1.2 -0.31118468796507559 -1.5485906628749524 -2.8048182610727173
1077 950 0.00052083333333333333 0.00092592592592592596 0.082932175456998408 0.37224555176602925 -1.6093014651923325 0.36026520693869735 0.026107055620863184 -1.7953164713448575 0.27743222424646197 1.5230305381367488 -0.037590943440663896 -0.41592593754656493 1.901020161325778 0.38294366180289874 -0.070455417157156738 -1.588523533509 1.3271485277936845 -0.63419840158322893 1.2 -0.1734871943171179 0.87846285223501275 -1.3998617448907384
771 919 0.00052083333333333333 0.00092592592592592596 0.56166059437908711 -0.93045072030847953 -0.30537477754921927 1.9223969021327685 -0.011220826755098834 1.7982329321656305 -1.7174905146947443 -1.0910636211800742 0.012715424514479906 0.27130744478581015 -1.311584392087735 0.87784367398712249 0.011594943109701328 -1.3958793824487339 -0.39660051826746967 -1.5890545375460814 1.2 -1.9374867063994097 0.1114454638879826 -0.58902463040923803
1685 485 0.00039062500000000002 0.00069444444444444447 0.16810260839415717 1.8234305069219809 -1.6544955483338146 -1.0807950870510652 0.058294557625205107 0.65951070340239015 1.9907465017360932 -0.62763201087189024 0.065652673618672969 1.4920290161901857 0.64548960115256548 -0.69313427712781861 -0.011883268397111138 1.4131318872511631 -0.84024035629777405 0.65032803771318326 1.2 1.9844057710083032 -0.49076586042891968 -0.010500771293358354
1228 754 0.00052083333333333333 0.00092592592592592596 0.80093788861590587 -1.6352156089611274 -0.97200556797814075 -1.1113524020069687 -0.0035870076175167354 1.5233440454379643 1.7256416358790641 -0.10141888826217293 -0.074995341448902353 1.094618868322867 1.5397527216395566 -1.3230058403602474 0.083186176084994123 -0.63203772283885407 -0.96180788997875588 1.7345969943922701 1.2 -0.63128217201289927 -0.5294700033019154 0.31218289775748104
1218 290 0.00039062500000000002 0.00069444444444444447 0.98231017038133184 1.5191928701957629 -1.4738243601245289 0.019014607074769874 0.057266274670342482 1.652775865188326 0.74876936076101375 1.1224225136224422 0.029225782628466701 -1.288593103531666 -0.52609067702808687 0.22013349329714726 -0.027679281146906903 -0.79085812602392069 0.85739500848368611 -1.3173912998254504 1.2 -0.96314007962829706 0.72260236122789434 -0.36422055255936814
352 241 0.00078125000000000004 0.0013888888888888889 0.85763473320650363 1.9545656095625432 -1.078899843941012 0.50188791780754816 -0.046038748293522593 0.23268973774048307 0.15859659695804895 -0.26146342745099993 -0.063287636013611703 1.7008508960894426 0.63132784185860347 0.46346911592687468 -0.019957360744362829 0.4793529019796563 -1.778817111128614 -0.73615337396446501 1.2 0.96101802793211477 -0.59227363819674217 -0.54973403186454706
243 44 0.00039062500000000002 0.00069444444444444447 0.85500000644227692 1.9111766791821707 0.13491139328286428 0.96493198306281514 -0.063625754726003403 -1.1830435279937324 0.68130853433043859 -0.1385197059502814 -0.030470870090964011 -0.28641540084166373 0.92148709387420036 0.94704311893980719 -0.035303365577804849 0.17676730718107825 0.55460891000219892 -0.98539545921795479 1.2 -2.2851796051690942 1.5698459032731844 -0.91133999789509312
1163 287 0.00078125000000000004 0.0013888888888888889 0.45509429235628679 1.8489942302209772 0.89716991339927032 1.8505159413757841 0.064992029875651697 -1.5364546029202688 1.2950314929559865 0.29398780438927874 0.025757502987459074 -1.1801681577302072 0.81560019967435871 -0.42747334663014769 0.0019841199397850201 -1.5969377198126526 -0.52429397436009095 0.43707781347426344 1.2 -0.73935251294334914 0.66828810852724951 1.4416555817714669
173 127 0.00078125000000000004 0.0013888888888888889 0.13513680570309625 1.8836198805269642 1.9616727635406677 -0.48667208054166977 -0.00093309573547288582 0.90432043884130842 -1.6859017881434935 0.63136361277374187 0.061269008862867042 -0.40163794579487488 -0.65350109207005813 -1.4304275088019676 0.017027422531514166 0.68839787585410717 -1.6823100884414539 1.1041747513010227 1.2 -0.12459870526730643 -3.4520193929567919 1.3467179103459039
1830 138 0.00052083333333333333 0.00092592592592592596 0.309702082665616 1.9671875813759674 1.1811521695387532 1.4384455438257766 0.0033325855180633274 -0.41336405829413492 1.9670262786177477 -1.5510377275763205 0.026860408193219054 1.0101115772922635 1.7880037890211846 1.9920183386837742 0.072124552860959729 0.58524932430525922 -1.9814154032838682 0.93172283346073259 1.2 1.9067452337301356 0.88802782755960896 1.3649152783841629
1750 396 0.00039062500000000002 0.00069444444444444447 0.10446951821513407 -0.23667919207784083 0.6639605945773206 -0.28052968442131831 0.049330464314754824 0.34030646922414132 1.2364291505568126 0.43173681990268653 0.049446451372363948 0.41597892535321845 -1.8922737331954775 -1.3030598543912619 -0.093275103775683932 1.1719237353943948 0.16604098288066904 0.79174436326072328 1.2 1.0411824986946732 0.62404098764243709 0.60659555975206569
1085 641 0.00052083333333333333 0.00092592592592592596 0.18666574999889382 1.9356930892552704 1.5467015165214582 -0.98679593898217277 -0.029984612995143878 -0.34631029006840386 -1.8068519603898348 -1.6985371215380471 -0.077078611479414888 -0.43833648939443082 0.89141946112045423 -0.049128044936405768 0.026130830944857769 1.4009854854092931 0.47816455460811635 -0.68398636598703844 1.2 1.3470844520648462 0.97608819188268081 -0.4137558691687227
849 198 0.00078125000000000004 0.0013888888888888889 0.8793795354115177 1.1727776830845693 -1.8042878307118122 -0.51240452067713393 -0.005816224149272714 1.6808431330794567 0.50237949326028675 1.024826621732712 0.058008337861899267 0.46424881008103647 -1.3733830419614361 -1.5229098325165817 0.064205372647937048 -0.73090008680833529 -1.819006670041567 -1.1745788504645915 1.2 0.63666233850883158 -2.6487845197235993 -1.7349779807083894
711 329 0.00078125000000000004 0.0013888888888888889 0.10835616090061939 -0.07448518235813717 -1.5560206220011246 -1.0676299047425282 -0.013000308040456779 -1.5204135298665062 1.2413863340707096 0.0622276182005983 0.058728819843507807 0.74540764371424073 -0.66593327267419999 -1.0499969795578736 0.0024824330044694448 -1.3475677925293046 -1.0630951444613279 0.36389868523034519 1.2 -1.1662581249753539 -1.0001034584152266 0.11307833874590341
765 335 0.00039062500000000002 0.00069444444444444447 0.89818292250296072 -0.84039749529454255 -0.68411898637010271 0.92517707432392715 0.032930259904723175 1.7719166945766354 -1.1002585469939308 1.8769996605277814 0.016637508679784793 -0.72675489436491914 1.3670541667219789 1.6697366136759006 0.075112269908693324 -1.5495714652746573 -1.1944030206981684 -1.4622551217955979 1.2 -0.72699524496796142 -0.22098036358518794 0.52882514528847535
771 387 0.00039062500000000002 0.00069444444444444447 0.57430081750629902 1.2291209055108796 -0.62790303627245914 -0.70254709251815184 0.052888498958808455 0.82399655557352514 -0.13067410972960847 -1.2778508559219062 -0.061617734893373834 1.9299097525610835 -1.019955931274056 1.858930338224615 -0.089356149522417647 0.15573701318453503 0.022357207054594763 1.7409884643214077 1.2 1.0519533404347194 -0.3405207776284857 2.2721209817059993
1601 33 0.00052083333333333333 0.00092592592592592596 0.01891922582378016 1.2357360610268495 -1.116768301976871 -0.022816753206270413 0.033972282408425702 0.53848170660777051 -0.81513258618492035 -0.91532624369984816 0.010971969445430219 -1.2932898294884789 0.87402236917289899 1.0136226278229006 -0.088367453992472506 -1.3264308364779258 -1.4468305885870176 0.99871229153709029 1.2 -0.01629803110154129 -2.3885865191535895 0.11702906331389151
1073 682 0.00078125000000000004 0.0013888888888888889 0.69626696215309358 -0.79248568998425384 -1.0529003558432311 -1.6199250798943114 -0.094488121270285774 0.5741006876150534 -1.9351929408460293 1.7443542346290926 -0.090098199027948717 -0.62816334693536868 1.2442605957040431 -1.3870570848243484 -0.060320724529262626 0.67221363591428984 -1.1639120372391898 0.68705124336375079 1.2 -0.69484181824160507 0.61535077714500042 -2.5015542663327266
12 837 0.00052083333333333333 0.00092592592592592596 0.13877595141634849 1.0049595885924782 1.2555290029628345 -1.5150041743455138 -0.062444413788909171 -0.71996527273713973 -0.013923138683057612 1.3453630456680665 0.077134275498958071 -1.1222585616811678 -0.51586209387629101 0.91433781656669488 -0.0038681970558324813 1.33588962404807 0.087984714326568625 0.94148780172554902 1.2 0.4799941255161847 -0.99714068340680795 1.4955352032896978
99 840 0.00052083333333333333 0.00092592592592592596 0.72239646178583894 1.6257577015417719 -0.3452747069230373 0.59518844141553418 -0.0085144132960004726 0.92371479165389259 1.0089403371975916 0.51876959586117399 0.072014527621283103 -1.4580722284694159 1.3321630148290895 -1.0331760370761169 0.065715565767409029 -0.57450734862777875 1.3318538283984958 0.35475219144056291 1.2 -2.9621481075216707 1.6808109283434551 -0.99898435731695345
263 319 0.00078125000000000004 0.0013888888888888889 0.12607267649028125 0.65051183094419462 -0.78192021538057599 0.85035853129347494 0.0062255689467084763 -1.7534801291035769 -0.061126487011351038 -1.5959595530726838 0.034295815947037789 0.68749968595488697 -0.47834711695535015 -1.3244306632252503 0.0058437763337519516 1.4659311477686283 1.5212418845397009 -1.5318753362198647 1.2 0.80991690781201453 1.5938010179802296 -1.9806650399946455
1121 223 0.00052083333333333333 0.00092592592592592596 0.26677750487075663 -1.9036216244603912 -0.86226794698874221 1.6525408450125263 0.061062515111291432 1.0711528550400313 1.4657056336803564 1.8126799676329224 -0.027354253334945858 -1.9687885029899137 1.410279825805794 1.6473682234506417 -0.024389408310755561 -0.90002279968610965 -1.9016447533008782 0.88995220337341996 1.2 -0.94102047657405929 -0.68315510566235238 2.2478702792138376
943 1248 0.00039062500000000002 0.00069444444444444447 0.23288547308540417 -1.5395236892271615 0.079247010504969406 0.51059690192545926 -0.058521146694954652 1.6451190554772608 -1.2965965457139181 -0.28087515344094172 0.0235314640143367 -0.91866841071478822 -1.2306926156461602 0.9827567988619812 -0.070482182248046366 -0.21664315487001229 -1.1508771591858977 -0.47464908332459155 1.2 -1.0437732835332023 -0.42869088560897683 -0.14711062281936668
1857 703 0.00052083333333333333 0.00092592592592592596 0.22289527906670151 -1.9301350904425867 1.2253329662008232 -1.5790368982555942 0.064211815202441042 -0.64196402748185344 1.0534407362334783 -0.5646580305704032 -0.02680131113787379 0.34784241868501375 1.3354301380585061 0.050493896681014228 -0.011011812741431287 0.79881384805204059 0.7498648724233874 -1.9272184963768568 1.2 -0.57972768582933143 1.4807130024136745 -2.5450373976549439
2150 1145 0.00039062500000000002 0.00069444444444444447 0.18088170461792885 0.10030679248332852 1.1447863910429241 -0.1264852586576577 -0.018293023686057189 -0.26568445406366648 0.1055339206955086 -1.8029000726118216 -0.066421637236134215 -1.1618414756964022 0.97016743752054024 -0.34134593065012764 -0.062398068038074087 -1.3030279559899833 1.7886605140652478 0.065866042780227563 1.2 -1.0595867528261154 2.2050722454470484 0.80916971185625441
701 1289 0.00039062500000000002 0.00069444444444444447 0.50568911711007092 -0.27927420097935363 -0.27239723238681135 0.066358057544209537 -0.044233992159172654 1.0529675647770071 0.87102142726633325 1.3824982066020843 -0.049624256025180752 -0.61384104217930124 1.6664615267142242 1.6864133005145954 0.037533513538765051 0.72025798346901304 0.025994816046138514 -1.5021841910518239 1.2 -0.23220041244034392 0.23694082226397137 -1.3869967990928251
79 917 0.00052083333333333333 0.00092592592592592596 0.26156188594360857 -0.98569131412945232 0.70912737206519116 -0.7384917853363806 -0.0014124345782804831 -0.38758939166976791 -0.68329028401769243 -1.7442017837451251 0.092206077725594859 -1.6628528857711831 0.78042685836817371 1.5850865004088024 0.075045537164315695 0.943254967150291 1.7128637044741266 -1.6479049663067631 1.2 1.4555845134233876 1.5082690953919207 0.57360539374997621
524 578 0.00078125000000000004 0.0013888888888888889 0.093322384302143874 1.087288507173545 1.7712114797533314 -1.106606177510669 -0.029968294844409535 0.36814003741655599 1.4368994535187074 0.47552696438454456 0.085029563746023384 -1.3740791443380869 0.46062960801505426 -0.41724958562689807 -0.053860511515848475 1.7985180544097741 -1.2344493201961835 -1.2102774368123921 1.2 1.0886596147372749 -2.0745849866058128 -1.1648305893188591
1163 549 0.00052083333333333333 0.00092592592592592596 0.070347757193018876 -1.0840581095315054 -1.6871051598389446 -0.85387208366193423 0.077683704866364917 -1.4393627310270771 -1.1332489592080388 -0.19338282567075327 -0.015538940103543356 -1.2452939758962405 -0.75918430938517378 1.7293686964580486 -0.057834608959502258 -1.3361271869241818 0.39402862579269726 1.8073582758034914 1.2 -1.3426600267050344 0.002413969583961729 1.4442604951553022
1559 310 0.00052083333333333333 0.00092592592592592596 0.11569537640417829 -1.1518532758958777 0.14571743730938103 -0.94263161251919492 0.00086748055848231975 -0.51583683574322681 1.3612657149055982 1.3501370803959936 0.022565184870624866 0.037462199937777552 1.5361636618331631 0.74574949105517074 -0.037424657646061274 -0.16112508243058343 1.9094136824186312 -0.64953077413262461 1.2 -0.90838284151201831 2.2861763327602689 -0.47942905925684254
679 363 0.00078125000000000004 0.0013888888888888889 0.46689623514841261 -0.89601193790801181 1.1790901560471188 1.3519655396171384 -0.050103759659548143 -1.8066650755025648 0.8509748396604575 -1.2162009234505851 -0.07700355428562014 -0.37143896363887796 1.8091977349827268 1.6377012695620481 -0.016360877204774332 -0.28615364552994649 -1.3205432134503914 1.0213212120289037 1.2 -0.41790397895195008 -0.34565626796062743 1.5808369302969283
952 599 0.00052083333333333333 0.00092592592592592596 0.27966491323733517 0.060436320425627077 1.8754674891109979 -0.58738807920411196 0.055328156649538357 1.4042522201930399 -0.04034695395458554 1.1310286008507364 0.0032441391623273252 1.4195012675049079 -1.9648935313924003 1.2305977857409442 -0.087373229313907702 1.359369818402588 0.28696867513309154 0.064487093602397572 1.2 1.3629456512422458 -0.2321717279154287 0.24567127652149387
314 225 0.00078125000000000004 0.0013888888888888889 0.0072361746990270747 0.026197189803069065 -0.74079935419399945 1.2617411224484409 0.039753841163166131 -0.6519336269247944 -1.2230799805534343 -1.6209825823524411 0.023138937031478263 -1.3903975280266163 0.89665371701368723 1.4337637597943709 -0.023456630215622207 -0.7705434972588332 1.7240036168780519 1.5457113596289465 1.2 -0.8731261977070528 1.388842704596436 0.25983912325159786
296 442 0.00078125000000000004 0.0013888888888888889 0.30174288315979031 -0.49856108797786636 0.072446130352465055 1.4591635309366002 -0.029421617206684569 -0.68792308336626906 1.0434245195746574 1.6161575640591797 0.0044336682046079157 -0.064338848144676053 -0.83804651350392723 -1.30805833936203 -0.072673563555356549 1.6126626250228568 -0.52315581468572558 0.23343409272561599 1.2 1.6921583844454451 -0.88362738244377281 -1.102231704531097
585 999 0.00052083333333333333 0.00092592592592592596 0.48004786337516026 1.6022220017017248 -0.70040703460876497 0.74302434524725136 0.089539762012877222 -1.440224341048165 0.96842278969468953 -1.7813604921717414 0.077342122509366451 0.60149830906809498 -1.8689632964280025 1.3578648933678341 0.0062573238100827044 -1.6491560510978664 -1.0479943956335132 1.7979942498135042 1.2 -0.68941651059055709 -2.2644449121424199 3.3347650372930575
388 966 0.00052083333333333333 0.00092592592592592596 0.32125165982783616 -0.042261319541088582 1.6928065602938784 1.3914540406150691 -0.063930793217032392 -0.12759111818282687 -1.5530409768853066 1.4551681607872258 0.0015371833641758814 -1.2569822372710395 -0.27791509109672541 -0.79077224411075164 -0.057494417082288085 -0.98627891831488101 0.98195789178464787 -0.10163170102913632 1.2 -1.0375746264967332 0.91231640460384666 -1.9151187819156545
462 984 0.00052083333333333333 0.00092592592592592596 0.17934197628452547 -1.2438164581604632 1.6349868717908418 -1.5706464337781325 0.025284408362159477 -0.47946128226602225 1.4564623313015597 -1.516051942890245 -0.041457504319148165 0.76336110838356142 1.5770482570183448 0.62837569817824512 -0.019508772438514455 -0.49687040954080652 -1.410785295661555 1.6943139063870025 1.2 0.5579208462862828 -2.6070426533252951 3.177677645063671
2303 565 0.00039062500000000002 0.00069444444444444447 0.80064819881171756 -1.7704604073461447 -0.95557596063831607 -0.63568513457956488 -0.072235116673479913 0.9508981130317169 0.8770926378807542 -1.3126414204599515 0.034762852048957127 0.54441001541266543 -1.5180546177173038 0.38875217672010587 0.008970289134905135 -0.12313718293987552 0.47523259277508068 -0.25950175463113645 1.2 -0.77699054212330276 -1.1376039050777795 -0.63811087205959527
915 62 0.00078125000000000004 0.0013888888888888889 0.90231593447645775 -0.8831531732456992 -0.094041865684491022 0.39882392906736674 0.088496982135644858 -1.4815447726567723 1.7318376540575358 0.34508291870963337 -0.04114690211651939 1.0776011997942354 -0.75621568514268622 -0.84972715242206176 -0.0019809386877994717 1.5453929364705603 -0.50448664994023718 -0.77960939065915769 1.2 0.75956445089017688 0.16955539384219281 -0.9061580438279554
801 221 0.00078125000000000004 0.0013888888888888889 0.070086585957813766 -1.9176629346996923 0.57363499061315704 -1.8802187451286985 0.058863002082956112 1.6736550436394921 1.1535930706272302 0.80325389534568492 0.014623758338561887 0.24910273273594186 0.76486680023536469 0.52140632111235474 -0.010124048134737246 0.93282329006999198 1.2661444962896895 1.1963500160561078 1.2 0.91022394978646048 1.5644893093786452 0.87513348709232885
1783 345 0.00039062500000000002 0.00069444444444444447 0.07417141582079817 0.39933156717416729 -1.5532817961528553 0.27122249936583609 -0.011104659136283029 -0.29594826607118341 -0.53918424712337787 0.14532693106493078 -0.078553531674881827 -1.5474337890924303 0.40370024570026164 -0.35417551532085012 -0.033192830743299401 1.6797463781949342 -0.67835928847758975 -0.1330696416415762 1.2 1.3608456415939543 -1.3363273380128535 0.019906741144153028
394 454 0.00078125000000000004 0.0013888888888888889 0.37832086455476915 -0.50465855742193444 1.4987748785285402 -1.3341892184115252 0.072613066252360303 1.4139517539976101 0.24413989553307802 1.2391903865975564 -0.081366842682055032 0.11696712880864535 -1.9779884939624668 0.67973690738632575 -0.02929778949777069 -1.3151943563322654 -1.9216618252943056 1.9178274111246099 1.2 -1.2250474448714608 -2.7984819156307745 1.9971612554491462
86 520 0.00078125000000000004 0.0013888888888888889 0.53730589148130548 -0.53839145388543708 1.547797902048075 1.9801052037222142 -0.04237449646629015 -1.9896004192833461 -1.5729858990406904 -1.0301448252770431 -0.0053953369229369635 0.022087673268598618 1.505364317813124 -0.78992839677761761 0.057278626183475262 0.30785197452769086 1.9721195643886849 -0.63857744443452491 1.2 1.3170077520388985 1.6881383901845144 -1.8240405190010254
71 190 0.00052083333333333333 0.00092592592592592596 0.70941271644551229 1.9648846021533415 1.1146886032675503 1.5393213469412079 -0.0077958848764777822 0.95408322793284217 0.86254451078132144 0.79823879861613189 0.068244880442190764 -0.011041259166322703 -1.0892892951569486 0.63520083297331942 -0.08158239210639176 1.6469661891489418 1.6967707315697593 -1.7331950610918176 1.2 0.36706511029710104 0.37754671439153864 -1.8354374391962895
566 1051 0.00039062500000000002 0.00069444444444444447 0.1043377268329479 -1.7684982306882651 -0.21561559531918784 1.0517052225701899 0.062021269813235747 -0.7057763221370541 -1.1352084111030809 -1.951516619143618 0.0053411106123627122 1.2970777982198625 -1.5028763103282849 1.5870686534838039 0.06843778067502268 0.91798357855508073 0.44544718331116506 0.39555965561909856 1.2 2.020382299083173 0.79607781365783969 0.74644131650790069
252 187 0.00078125000000000004 0.0013888888888888889 0.036575471469213292 0.80822223697442652 0.90219111496528459 0.67408849329918796 -0.09245942134803796 -0.090627038066189325 1.4502307465906208 1.7398164240487124 0.048538537137297055 -0.99652965495097012 -0.46069904215237045 1.2880758577239662 0.028333565268403166 0.8470396754425944 0.098484060769172377 0.95267927061424817 1.2 0.21699418370107521 0.17987335906261062 1.1132866335094362
549 285 0.00039062500000000002 0.00069444444444444447 0.064907649553436572 -1.2209936605943388 0.1874567660469264 -1.1124740418036803 -0.079580108981386219 0.92419733633124723 -1.5567865166474792 1.2648583094334875 0.09300423721515283 -0.46898365666805386 0.26815886678460332 1.3404307735169576 0.014421355295328106 0.61796502983515378 -1.1043543816375072 -0.70759484346810897 1.2 1.4142860864623863 -1.6379609945325111 0.59702240396815942
1279 130 0.00078125000000000004 0.0013888888888888889 0.88851281289153261 -0.018359320021615222 1.3257919771461939 1.3834348987339848 -0.043204917218645437 -1.8081981061395731 -0.17328856710457119 -1.2461023828345481 0.024433018217834571 -1.3993352364934588 -0.84630259392773288 1.1584687652171528 -0.098021533960609419 -1.9048051271447437 1.7977635145826425 -1.8048232800936543 1.2 -3.9796903434719386 2.0824413667782142 -0.17280303234741598
898 30 0.00039062500000000002 0.00069444444444444447 0.71480770789013859 -0.12610602364588797 0.36492566944822435 1.1000262908754173 -0.089361485766480023 1.7466853410685448 -1.2615280529498816 -0.46142392738304538 -0.067377700042390035 1.6092746674892315 -1.4522056500805443 1.8568169808883086 -0.080257580737335799 1.7514889436574625 -1.2030822111453263 1.3149892661796545 1.2 4.1748132865349987 -3.2206473089632777 1.6949840077589946
692 213 0.00039062500000000002 0.00069444444444444447 0.14304028446061121 -1.7720741871875219 0.089654912945430709 0.13002771879781161 0.085582531583985877 -0.8838179149573957 0.4904480114242209 -0.84024919060818926 0.080413828358399581 -0.93312835441829423 -0.58133449390981662 -1.4413298959136367 0.02562577072944372 1.7192279533045371 -0.75316473936175621 -0.40154019051520251 1.2 1.4557198221006538 -0.43609580570539586 -1.0307364057618758
1277 500 0.00078125000000000004 0.0013888888888888889 0.46093132478121474 -0.51447725448933701 0.23731949131643715 1.485922703140079 0.048490661445006189 -1.6204961150014556 -0.80579250450025253 1.9631719349946524 -0.054810778955557971 -1.0910482836840698 0.24456493142522584 0.93741607216367218 0.016172172428068204 0.58186583343945752 -0.022464693731268692 -1.0870833864743634 1.2 0.15577185536482657 0.5020082629186764 0.046147378453373598
2118 1422 0.00039062500000000002 0.00069444444444444447 0.99348831814185279 -1.9685576053491634 0.80449364110339516 -0.88300063897584868 -0.065434863542365496 1.1006476590981071 0.52745153620846885 -1.0685465381259625 -0.068177568500851243 -1.8595875403733069 1.5396304062333082 1.5153352768058066 -0.05860877350262024 -0.17612166972048104 -0.91044224603017776 0.36234629639608018 1.2 -3.7643282218985337 0.5418927767406253 2.0009420735979484
2168 1348 0.00039062500000000002 0.00069444444444444447 0.22447282806035382 -0.66949436950512764 -1.7804639777667544 0.39173351467643869 -0.039278240253583646 -0.19503766969930236 -1.336624434590751 -0.75661364882801596 0.007381247533462143 -0.93285481607370579 -0.78806169091093148 0.84682832763468863 0.075769268439582621 -0.81609939803517939 0.56045038751460474 1.5312401469828356 1.2 -1.1155000619411839 0.26571557300964727 2.242633501154836
855 286 0.00052083333333333333 0.00092592592592592596 0.52025950678944255 -0.47966090434340547 -1.0544364445917007 -1.5677329481046374 -0.08016277517643125 0.11934745026633564 -1.8126654987598636 0.4397468567443461 -0.017132796023513766 -1.5380598825078389 -1.1766810656979056 0.61888968502256514 0.094422987119024165 0.90793086063653083 -0.50165353367038179 1.4617725304941618 1.2 0.17281113351722874 -1.4802270149690935 1.7289435053709095
86 94 0.00078125000000000004 0.0013888888888888889 0.85976857264094664 -1.7630243642039143 0.46378159846524891 1.759073110950101 -0.09308002070926498 1.3456045818217297 0.67449438372648007 -0.78713658347215532 -0.0093899204480875492 -1.4835497706219347 0.22035477519351865 -0.42539240586710036 0.096143155378162509 0.1134021857681673 -0.083057487768861016 0.48462019319576433 1.2 0.99910135613428608 0.14948555635429603 -1.462102626337686
2067 226 0.00039062500000000002 0.00069444444444444447 0.15241928675380226 1.2165011177283094 -0.28911666272133063 0.64895011263232893 0.011357581170058806 -0.24380386787567732 1.5366797993067514 -0.8405651794084088 0.092751882492800142 -0.52870237794561392 0.37233131480564996 1.6552629705186468 -0.020947137588145509 -0.27380697605191173 -0.36984434637179264 0.11177437182815586 1.2 0.17905972314588589 0.44367329463571542 0.14769769398017238
34 435 0.00078125000000000004 0.0013888888888888889 0.7326504639259801 -0.52937456014464379 -1.8682118343914569 1.0226830294428 -0.07387156224598268 -1.4687983935701494 0.13437186303216153 -0.9766599012699646 -0.061431649857530427 1.8767048791954113 -0.37482944282051278 -0.95637288684043043 -0.034095526206717922 0.93626515883990358 1.8560082311082957 0.23483096167868878 1.2 2.4806241784357748 2.6401103346514536 -0.97677671162726298
507 107 0.00078125000000000004 0.0013888888888888889 0.90487385395874653 1.6451534545747952 -1.2284505939306154 -1.2843802997092588 -0.010300521752081931 0.4952176005463893 1.7687498842514526 -1.0288863329345759 0.0022796828162265637 0.51479297205282259 -0.39984964460259587 -0.43586906600265785 0.088846749554400334 -1.9011783277103818 -0.391439525753698 -1.3105361703293603 1.2 -1.1125178068121331 0.57755689973498059 -1.6826108245701421
675 307 0.00052083333333333333 0.00092592592592592596 0.80574437762088102 1.9830237965137734 -0.028854490953444056 1.9391447297051783 -0.0061468464639498066 1.6902195006431242 -1.1610289766160982 1.2881467648086713 0.017166995831966125 -0.086723278064945841 1.7055636245644847 -1.8960953455132348 -0.05079052281459695 -0.13488866886661866 -1.8002784043523543 1.5406351904616202 1.2 -0.055388214424524414 -0.78522230302168583 -0.0061524582029062729
1056 428 0.00052083333333333333 0.00092592592592592596 0.36279679616187105 1.2591893454016043 0.77425132242823258 -0.76393513575267802 -0.016663772586037975 1.0670142447466184 1.6391985040577777 -1.7021513094423635 -0.070270004624820165 -0.77044869089119139 -0.60056115117933606 1.797805189940588 0.050103653638008699 -0.54384028273753726 -1.6454117154306123 -0.5202489796982408 1.2 -0.39639430612379911 -1.2038347416916531 -0.24647826855691238
269 829 0.00039062500000000002 0.00069444444444444447 0.6505168205254368 0.97527669995169797 -1.0041857698978816 0.12021680312466732 -0.057764941407178631 -1.1733084201680328 0.1730573413509604 -0.3153366571357159 -0.086747656826251143 1.0363657132937161 0.79804702829362917 -0.38259145240110071 0.033155699228477553 -0.89258224889115878 -0.26386443282634442 0.57628596262442056 1.2 -0.63255726473633489 0.79798955469438471 0.21904374272717811
345 1429 0.00039062500000000002 0.00069444444444444447 0.70539432483676767 1.6521322623390806 1.7790246243623096 1.4889870322591894 0.069875904993565108 1.1702161574504997 1.6719862347767838 0.52529492773068531 0.038004498205676751 -0.98868341915491076 0.51278467863945476 1.0935230431109209 -0.073938433226578629 0.121243402433584 0.015363957285708274 -1.5107815022691877 1.2 -2.7709668460406673 -2.4253363813357507 -2.2127374060825722
1050 408 0.00078125000000000004 0.0013888888888888889 0.19405878622807279 0.21729178910135749 0.0042759503704803414 -0.43806133929967173 -0.00019243172761702898 1.2729357933224565 0.29506031786079623 1.0107388273715374 -0.0010514297163192882 1.2339237820890032 1.430890692386781 1.7424982737097796 0.06744184711570525 0.78362856856568719 0.93370817282302498 0.99697048739327165 1.2 0.8168799500983478 0.9680741941739498 0.75671325995220595
1122 438 0.00078125000000000004 0.0013888888888888889 0.37328206946164538 -0.8278058382149025 0.29675877880598334 -0.51768460615669909 -0.010739005343108232 1.0760622467332133 -0.64237044552377665 0.70243459091424709 0.088784234669725154 -1.6788044503765902 -0.6737130744045432 0.63881163707882749 -0.025050751589728568 1.9537048587160912 -1.4092805049854915 1.9682594792535602 1.2 0.40260554471079862 -1.1150040271731658 1.4299098432284896
1029 942 0.00052083333333333333 0.00092592592592592596 0.30302286282417379 0.12530423198122831 -1.4539533357682095 0.4931395445562532 0.0703308813545033 -0.43033559508605101 -1.5660045889201859 0.97188589807712145 -0.0056072260608725638 0.97492198262536967 0.15645499130580243 -1.5030670286421479 0.016572233333940173 -1.2951845398570749 1.3677195100133415 1.4310282094139786 1.2 -0.55170378563414868 2.0399709410125624 0.23622870113191521
1429 921 0.00052083333333333333 0.00092592592592592596 0.54975992401184792 -1.762560925638808 -1.1849433247076067 -0.74772167694681979 -0.059772093410303012 0.76910601850744165 -0.64975203044715979 -1.4180039055728257 -0.058571410756076685 0.74861912231016037 0.23492526725720175 0.96544289875228095 -0.0012211996543558951 0.73770416347942858 0.79825526582064033 -0.72466685914324547 1.2 -0.21139227276527039 0.66607528437399799 0.36501411260229216
577 398 0.00039062500000000002 0.00069444444444444447 0.2075497235143251 0.56692605593626499 -0.73961831852393223 0.37926751123752167 0.0060441334969963539 1.928811319640972 -0.33970640561784426 0.2846660917315873 0.060835069862135716 -1.3997109286501175 1.3038951138269277 1.1817895421644056 0.036885317139836699 0.36954134670756211 -0.99960205305738103 -1.7279035938748963 1.2 0.51088357225642478 -0.38549969785789062 -1.2697208156041129
658 487 0.00039062500000000002 0.00069444444444444447 0.58924155609231621 1.050193873658106 1.2864380796740114 0.8478181632731161 0.069862856945788254 -1.7991663359350185 -1.0355120441903454 -1.2132754260860157 -0.035784536803802322 1.0013533308260651 -1.7826203436047763 0.1809052634644841 -0.011007826562858619 -1.9371278594030299 -0.037141568374637224 -1.9160851765300371 1.2 -2.1236152054612414 -1.7826484035654844 -2.2759993517608428
1185 89 0.00039062500000000002 0.00069444444444444447 0.17851391981496359 -0.47781435541979045 -0.53796579779598419 -1.4249446383215827 0.082582232725309873 0.36176233835534166 1.9187001915317539 0.94457329787552879 0.035057103191369066 -0.52989669572460452 -1.4092558026751369 0.76853006132106483 -0.0032037037013159936 -1.364409673298475 -1.2172486436804202 -0.06232474920808162 1.2 -0.90433546351028404 0.20513515035624727 0.82287748034562902
786 179 0.00039062500000000002 0.00069444444444444447 0.64794691362964518 1.1129925239812848 0.67379851560929849 1.411403973423651 -0.021596829704908352 -1.7340746763878605 -1.6233265126534033 1.368198790761221 0.095724622860241193 -1.7885775458163815 1.3094240462987914 -0.57954036237557194 0.053235905168455194 -1.1314628318955657 -0.17160746663968673 -1.6076850217520668 1.2 -3.0587180108358178 -0.60970955239762936 -1.1411590021360591
292 350 0.00078125000000000004 0.0013888888888888889 0.86256407123053069 -1.9453517578924737 0.32627442157668751 0.15690273083908535 -0.05208015655249059 -1.8916727255658312 -0.80339722846828243 0.079077904527529608 -0.007001109659459881 -1.773916604053202 -0.21213426010466252 1.3957165870823407 0.052166382432082908 0.90038423049815508 -1.4835675230982885 1.6026460476350808 1.2 0.29582635588628631 -1.464864620037819 2.1392317449658966
466 1374 0.00039062500000000002 0.00069444444444444447 0.85890730634068269 -1.2660178222043714 1.1337609071460601 -0.70312789387433794 0.0086827896844618724 1.2645030542925477 -0.46386548666994143 -1.1862857212130336 0.042973538226160096 -0.49153128284015724 0.0045403801031005386 -1.1405487804866801 -0.06662364901379364 1.3462492955483372 -0.46924240443194654 0.26436288754146808 1.2 0.52742480281850712 -0.69590093088807969 0.73755148401882953
1316 402 0.00039062500000000002 0.00069444444444444447 0.52704125225758403 1.5274690196962757 1.8283395796294366 -0.25675581073392273 -0.041180029237473659 -0.3178607845792949 1.9789133070905125 -1.2089468810360442 -0.074437031974115664 -0.61441724856561475 -0.21131176112803374 1.6640428373826426 -0.057568091553877591 1.8367136033930058 -0.22907240741127177 -1.3788967132673253 1.2 1.2470976756563783 0.51453733140746938 -0.91780177095616888
373 657 0.00078125000000000004 0.0013888888888888889 0.45467885748013387 0.072002266884238164 -1.8694563197501783 -0.083596070828976465 0.019692605246416098 -1.1960139726156105 -1.6630306405433357 -0.69197690968951697 0.080865318150633358 -0.083351016221351326 -1.289322590685833 1.6058504217486687 0.067930392143777302 -1.5608224823123598 -1.2998849832218546 -0.68644509677046628 1.2 -0.55398565447543446 0.23069453882534541 0.56265723181520544
1063 716 0.00078125000000000004 0.0013888888888888889 0.56831693049907661 -0.25295584480661493 0.95244374215969962 -0.098085585780664619 -0.026168884114276342 -0.070628306103216687 -1.6811839364370957 -0.69054750978830093 -0.059885791890292354 1.4544516141622372 1.5242596761020684 1.6190673078178039 0.059904693279231896 -0.86383556477268364 -1.4366712576260059 0.6835649691249972 1.2 -0.10555383680031474 1.3515964538767096 1.7418349622261835
574 321 0.00039062500000000002 0.00069444444444444447 0.025601902986282839 -0.50526553741778635 0.070896068273886392 -0.12063080620578637 -0.0024921996089478926 1.4647295286006967 -1.2353568099632812 -0.16653818348512628 -0.086453947954388544 -1.6938615750912689 -1.762572719250469 1.5539928683336131 -0.037650016621045418 0.78388978153972033 1.2658248029057084 -0.45210917945389673 1.2 1.5875088373236403 0.43198449545265305 -0.3800322838088705
583 722 0.00052083333333333333 0.00092592592592592596 0.2860401109821552 -1.991233009387396 -1.9271806440882684 -1.4755629484477164 0.063462818393109521 1.9133531716176093 0.2448708846918044 1.894419988105434 -0.092852816709530675 0.77664095804071209 -0.15377432581654649 -0.26215308067409371 -0.058968526014281979 1.3970576615316537 1.7153305854294563 1.3172263174389642 1.2 1.473996936471917 1.970709722158944 0.99249296283220556
396 1226 0.00039062500000000002 0.00069444444444444447 0.54285595395949249 1.5193214418900629 -0.21960015004740496 0.11057882327277024 0.080986538727304408 1.5720580105923472 1.7988430808608689 0.071321407737460873 -0.059568921600804361 1.6598719061948204 0.79624233680126233 -0.74833637174813328 -0.033043283085718286 1.2390911583175845 1.6001317928520833 0.74188611840723828 1.2 -0.012349047324161509 0.78635524433574011 0.17905583639543149
1160 490 0.00039062500000000002 0.00069444444444444447 0.35723632755405232 1.8624265466893366 1.7850805027988268 -0.066290800321023191 -0.019466920806164661 -0.3356425330735533 0.5376922085858471 -0.015603732369803502 -0.052329618701890082 -1.1397577078404373 -0.32889867907720172 -0.10068928824490619 -0.0054815726531406705 1.097025817787308 1.6825215367431494 -1.4431196740544481 1.2 0.34568047343460673 1.3267326334639886 -1.249070678951848
372 264 0.00078125000000000004 0.0013888888888888889 0.63077711660029223 1.3632030686216288 1.6804715021729337 1.6723661032094235 0.089489163587627096 0.91537901007259403 0.2860616543666592 -1.9352546425221928 0.086352189452045647 -0.20441497184773105 -1.9356162348577959 1.6166362730575772 0.0062519861884736683 -1.1910228570689574 -0.53307387751547708 1.6062292611790303 1.2 -1.3846008829350096 -2.0013624583790852 1.1884424500017723
761 285 0.00078125000000000004 0.0013888888888888889 0.83977905580980328 1.9632422404747074 0.6238686379424605 1.9063716255159742 0.071976563192181597 -1.1367083615234326 -0.59606070649838916 -0.26743519196380694 -0.062071904876308252 -1.0394537446979197 -1.5670638448276244 1.5316084884358561 -0.040033727635733318 0.28234609004820488 -1.176351854872101 -0.9894006489893048 1.2 -0.38818698308187072 -2.1395257624807122 0.51694732135114529
1512 652 0.00052083333333333333 0.00092592592592592596 0.13262718236286786 1.9272460918726981 1.2054324740089357 0.60211423366339956 0.06005510337374742 0.43844335390724032 0.45712379733883024 1.0984059885597475 -0.00058702410335369215 0.41828447143169756 -1.4293404657811504 0.91805319097421867 -0.065120018937250529 1.1770089377234592 -1.8515469811961478 -1.3029192053601033 1.2 1.8354189104316994 -1.1766246717024833 -0.86739278877101778
464 178 0.00052083333333333333 0.00092592592592592596 0.43564559268828107 -1.9753005398402612 -1.0663894610872173 -1.2933914055127684 0.065823015639712462 0.42901965180633272 1.3959379629639441 1.9742532368537509 -0.035119002941029542 0.5781346703329282 0.32131095335409032 -0.49780297593289013 0.010132636717364821 -1.5584512508178965 -1.3012546298809919 0.030111270884781494 1.2 0.00013822640221512563 0.28217810574236546 1.5715670967254918
1026 392 0.00052083333333333333 0.00092592592592592596 0.2032679361433638 -0.47765219414670712 -0.56640413728944994 -1.3490830383423984 -0.089752736536845304 0.8673139083036534 1.7405473244145591 -1.7133604596835434 -0.0066345838943383251 -0.74895713237570893 1.552039151945328 0.0018673793283006113 -0.064278203045845583 -1.1259738479877681 -1.6105006393869568 -1.620938125318899 1.2 -0.91135006639639582 -0.72849718621541615 -1.8508804377252588
540 720 0.00052083333333333333 0.00092592592592592596 0.14787053740110748 0.92875142810292566 -1.0005301604745265 -0.4341744529871483 -0.064908229961658903 0.91308370283350282 -0.4104052890120431 0.98460852425888845 -0.075564670857588501 1.077557283369901 0.66391416576288531 -0.72370914983005052 -0.049786004070362891 1.7676392362811626 -0.14873850876842676 -0.6770770168037612 1.2 0.97566049463055116 0.42031959750127101 -0.74100244951113747
1149 1216 0.00039062500000000002 0.00069444444444444447 0.98301671201383656 -0.71911326743337378 0.29342335807799458 -0.27415089087141586 -0.065794748649163085 -1.0478900446825015 -0.63581841976513109 0.50093371905590489 -0.080834643131076939 0.4579607999961155 1.6682620257642968 -0.19999866494126195 -0.044084093031793392 1.8153351849876977 1.3902728355582652 -1.7987116452765135 1.2 2.5112004651677005 2.8206832008402656 -1.8971131134459751
1160 1219 0.00039062500000000002 0.00069444444444444447 0.40994931460267364 -0.35697975579076768 -1.2377821393176918 -1.841855823630953 0.029674479104913581 -1.547836730855527 1.5698449984926794 1.3037337322817533 -0.081305554319093018 -1.9614734950374655 1.3757125164075208 0.56190783202234984 0.029781971620266051 -1.0723413413192011 1.1279945088628689 -1.2644226898023838 1.2 -0.60774206941771036 0.56756224591121063 -1.3955741137826656
768 124 0.00052083333333333333 0.00092592592592592596 0.098320800633136404 -0.76959067261918079 0.33055419497684158 0.92998735816686207 -0.094036210396768016 -1.2354091530805134 1.6539185760951534 -1.817951915576681 -0.0011616626569627558 -1.0643112996036139 1.5790065189081184 1.3109920628049179 0.030588686499864487 0.97307547923618154 0.20279116400033148 -1.2121424418763875 1.2 0.058458331897450901 1.2816251155893128 -2.1849718082083363
924 285 0.00052083333333333333 0.00092592592592592596 0.43303674638521772 1.3918100624288439 0.91441870003239023 -0.71520751175255626 0.020466021931841216 1.8066400831053087 1.0254727807725614 0.20054034977327984 0.017978545207204544 0.44030862525573822 -0.79679732456221064 0.055437961618665987 0.047927811930809583 -0.74558264612137881 -1.977903433358271 1.7917516051829518 1.2 0.1995016489163387 -1.5250331598897808 1.5765289737749912
1841 758 0.00052083333333333333 0.00092592592592592596 0.91962725005668877 -0.35048047643645086 -0.062589911615131388 1.3086780104807203 -0.031116727820235363 1.3886624835246746 -0.65368655656209995 -0.75582774391195962 -0.015146182318119081 1.1225579952881333 -1.0997160634589367 -0.80997096231653343 0.096798552191165288 1.4233719236977103 0.2885566242458637 0.90359806632843975 1.2 1.2411358158657551 -0.40719516138597833 1.3155347743981705
447 377 0.00078125000000000004 0.0013888888888888889 0.05372822515100769 -1.8790669040293015 0.99964194833742237 0.082471210288209473 0.098071804969561915 -1.8549115861079488 -0.71900838236054465 1.4954637287517683 -0.044938589957987544 0.492895659730058 -0.71446847122248647 1.5056812926671159 0.094870878279334353 -1.5241349390846883 -1.0117783547434849 0.6709935705176 1.2 -0.71515270348132631 -1.1172572258525981 0.55561073153652074
394 372 0.00078125000000000004 0.0013888888888888889 0.76595743866302213 1.5957607369003841 0.85855451675175631 1.611946395112644 0.064478303428596589 0.66173129780369111 1.0413830464905991 -1.4742038224468099 -0.076679675858004309 -1.9221793775590932 -0.29313500697779737 0.18462300510868479 -0.049577446320915458 -1.9794297017349454 0.70878563289206387 -1.3643267827586003 1.2 -3.585087687786165 0.10418080915915356 -1.5702888809818785
2521 318 0.00039062500000000002 0.00069444444444444447 0.90955046037607246 1.4161846019108002 1.8257543721003842 -0.27025415382848372 0.061015719414747788 -0.23076196327204324 0.26558935532209382 0.43839975401793874 -0.063356816764040508 1.1558600501680152 1.0617849963051476 1.3583914992281954 -0.091661231969478937 1.18450202945409 0.82683167176444039 0.50677915785244521 1.2 3.0519802559710332 3.2543504540912198 1.5122128403138055
172 116 0.00052083333333333333 0.00092592592592592596 0.85036529265093141 -1.3606149721820451 -0.15027412875689272 -0.94410938994017268 -0.080473813902326774 -1.2556424369983574 -1.8413626787982773 -0.40465035971276997 0.060246305826891694 -1.7957116808591551 0.0025570509856840395 -1.7839325113781923 0.090563207987425787 -0.50819267899561638 1.407200841173557 1.8119381997377837 1.2 -1.3693869136656511 0.063686202224613186 0.54094210058343195
248 1235 0.00039062500000000002 0.00069444444444444447 0.62095130181810887 1.5200268818951987 -1.1517407339937087 0.91052745743053842 0.024752334185018349 -1.7031518963360841 -1.8663379761547088 0.40195964877342893 -0.072437889823658425 -0.62898849260642775 1.8313509074558945 -1.4119859287260765 0.096181343137934222 -0.5790331579254171 -1.6775591202129254 -1.1428672096348631 1.2 -0.75494908301742569 1.3347427274749741 -2.35451786405384
980 375 0.00039062500000000002 0.00069444444444444447 0.80596045583699083 -0.9993232349699861 -0.97299566763647949 -1.1542231461454757 -0.02272662227045974 1.2508500155175448 -1.674629691265257 -0.36350816888903115 -0.010987043886665493 0.80985324555734639 1.4343009639109878 -1.5966452939928546 -0.038751035015714135 -0.6913179771921647 -1.4400374932238411 -0.63812422338603136 1.2 0.67906837201097758 -0.73376493151886657 -1.564656390402291
323 380 0.00052083333333333333 0.00092592592592592596 0.88466497786208376 -1.5666162338514722 -0.96823264108456319 0.4367516327301546 -0.023040674128694622 1.389698287930154 0.15716429233424112 -0.13009606974026466 -0.051411270326659222 -1.939268941898876 0.89033700680550076 -1.4945065720176385 -0.033113350651436765 1.0288399629589233 1.5184135609710454 -0.29511467905763489 1.2 0.65119028991757466 2.5576115900697078 -1.6614788831319627
1603 602 0.00052083333333333333 0.00092592592592592596 0.22396079549842718 -0.51396098485930564 -0.67854415307728599 -1.38033372511814 0.085117123641781672 -1.0148234226945645 1.9366162917957408 0.78126620905139177 -0.041476292997212366 -1.7055585116258163 1.5434900093677357 1.2747346318564028 -0.075970789874629407 -0.36736970656646761 -1.210546851128671 -0.2281472361524699 1.2 -0.78436196653726842 -1.2401965556833772 -0.76984599986644131
141 958 0.00039062500000000002 0.00069444444444444447 0.13733615662561213 -1.1687287647791336 -1.436195646858561 -1.6272824217065791 0.042132664831723732 0.87140674485704217 1.3607059890879794 0.84749940206845675 -0.09453310506343951 1.3703444947971382 -1.4983011812366676 0.21601683759592527 0.011663939678196872 1.7276953201968732 1.2348479110079236 0.35481524250071805 1.2 2.2307828367853024 1.552374331948267 1.2975458422609689
1201 88 0.00052083333333333333 0.00092592592592592596 0.028203157045857422 1.3884723190316364 1.2920898803014551 -0.89580347263471083 0.041555462695625017 -0.15775127832204294 1.9955404830662986 -1.6985663700446025 0.056826072626176893 -0.29412519870883536 0.42810604674775155 -0.71209431387703948 -0.011729024862348642 -0.52956212248821988 0.64753828554231729 1.2207634292137111 1.2 -0.2548173184507796 2.1096305654890055 -0.35372769702376267
58 517 0.00052083333333333333 0.00092592592592592596 0.053406974311582131 -0.20943425730387188 -1.8714601760095366 1.0878261324676939 0.05648605105860402 1.6452769789845405 0.42416432918219016 0.31318152253354503 0.022558009582228727 -1.6315975221704972 -0.73680828705458667 0.4991585828523637 -0.074864637125300282 -0.4141873742913611 -0.92145501028344157 0.76268500546572771 1.2 -0.20640044856889705 0.71185201274517917 -0.19157652302569414
352 954 0.00052083333333333333 0.00092592592592592596 0.16266910601563503 0.36216367522077864 0.72407679674391279 1.4649130096631611 -0.016215082034563122 -0.36055274482401245 0.50499468885584786 1.0431767417399911 -0.030447365228894421 1.4586421263031015 -1.6480534737112107 -0.92745131277885262 -0.070236556477468806 0.43359470377568776 -0.39889146251758678 -1.7717265746124751 1.2 0.58782730991035392 -1.2377722650286742 -2.9866825925388221
315 508 0.00052083333333333333 0.00092592592592592596 0.97498434912846443 0.12054358550891964 0.22327482783129726 0.0062193620464081611 -0.041586175344985432 0.8535586834927833 0.98351690779627443 -1.3297070520300243 0.099248472006855687 1.1608560559831358 0.47097466667844223 -1.062167120412862 0.046175921026859024 0.22651591306242658 0.030981868700170612 -1.0879060174563997 1.2 1.037902107722332 0.3109728671274582 -1.7245588217740213
1410 579 0.00052083333333333333 0.00092592592592592596 0.90577945265481075 1.3583864162298891 0.13915635948313954 1.0846706139278632 -0.066776523295344253 -1.2013151500512751 0.18186366757398664 -1.3578982512839883 0.067246806516433222 -0.43125648303617581 -1.5072996700079471 1.2997505217169847 0.091111006293663643 0.91776519474582186 -0.16090302077361684 0.38817503380265439 1.2 1.0049714815370727 -1.182876594600843 1.7442386012247151
454 83 0.00039062500000000002 0.00069444444444444447 0.81009538765671196 -0.7840441665126332 -1.0473400120975067 -0.57353552902944838 -0.024491547875414521 -0.19735625826528747 -1.3088930545568327 -0.0047707680365256522 0.080451228513856748 -0.45318948416565741 1.8474415442535594 0.41899465032168548 0.05678525399072154 0.45993088019428674 1.8615933856397757 1.0270291827514164 1.2 0.31808639042687464 2.158086628297621 1.2994972587045832
2367 30 0.00039062500000000002 0.00069444444444444447 0.73561669383155193 -1.0373645225125014 1.0538769323248958 -0.56152563069818884 0.087305993767722773 -1.7323185448836838 0.81108790446423651 -0.38572525627907606 0.012821501716407974 -1.4364927857442003 -1.2551343925725735 0.20508581048220131 0.07635037367005687 1.1724602938243605 1.6343973898054922 -1.3863257504549327 1.2 -1.805827316779324 1.7750476302197709 -1.5506440760869955
477 1056 0.00052083333333333333 0.00092592592592592596 0.60472082295663931 -0.78424400158544527 0.66352302243475947 -1.7153069043884073 0.01335664515052018 -1.1065513848668993 -1.0709406804554273 1.3864820083536049 -0.036289019235448056 -0.093353272478474469 1.8587245836581987 -0.96883805398131839 0.032708260087960211 1.213865619584539 -0.97092479497698747 -1.8254664637869773 1.2 2.0917000236693268 0.67634746450597227 -2.3043934935616353
842 46 0.00078125000000000004 0.0013888888888888889 0.66212030323526461 1.8292758269463665 1.8390008326850444 1.6979111964465501 0.061095943480299619 -1.3978804445906734 1.6486320579287654 0.43989969282344399 -0.0092531896159742111 0.4627781521404768 -1.0437896163001161 -1.019614682181595 -0.022596203191421665 -1.6593138849328057 -1.5910639836914311 1.8776940556177903 1.2 -1.6646377177289196 -0.22119917641845402 1.7745336931100506
102 622 0.00052083333333333333 0.00092592592592592596 0.55669741255266803 0.23699047284812647 1.969737375927298 1.8794499898369641 0.049918822890844455 -1.6089148557050073 0.38520343876934948 -1.6943953756383894 0.078423969061760745 0.92164298811124157 1.6799817890006215 0.71918646883157544 0.054451336518463761 -0.80119555950158983 0.26198811787831211 1.6430012044744826 1.2 -0.21640151271913471 -0.52911754619866325 0.53117003679106023
2315 916 0.00039062500000000002 0.00069444444444444447 0.17861253296855018 -1.8040040908220565 -0.62642365865615712 -1.1177622699864607 -0.039244132483018258 1.7811385301880365 -1.5036415158405436 -1.0208712241188778 -0.083737221504613518 -0.12209937425580764 -1.1862781402341862 -1.5859949564189542 -0.095895543688882118 0.27769760878172356 -0.83613486068450449 0.49191670664543619 1.2 -1.439230944110043 -0.97482053272264002 -0.3552039109046326
60 263 0.00078125000000000004 0.0013888888888888889 0.97827817092107094 1.7270964972307232 -0.90691042595194249 -0.78912246576594969 -0.080533420352665822 -1.571616699240002 -0.96710791216236913 -0.32823595209972289 -0.039268217331643429 -0.42273088168784589 -0.29746989412212477 -0.7415590271093313 -0.031872020868577211 -0.54887463906592826 0.88214728748394222 0.95479455965222426 1.2 -2.3940060627921946 0.93653800358710515 0.69515397497011122
1684 1344 0.00039062500000000002 0.00069444444444444447 0.055529240726624823 0.99726473939685345 0.34474358537099192 0.27315309024555701 -0.07582018401095586 -1.0076714804372093 1.6796963698064844 -1.6277307328825432 -0.00084940142224017301 0.015187721818354483 1.4099420300329886 0.73075250661184299 0.054231023551932545 -0.98763949837091181 0.65133157934635566 1.7315103446441165 1.2 0.17153098388736859 -0.52410642785581585 2.771887882415585
646 197 0.00039062500000000002 0.00069444444444444447 0.2525460968441679 0.1854353510981448 1.2293435969344411 0.46961247497105463 -0.099525234207438598 -0.20498021399812805 0.23435699037601587 0.9247460567941661 0.025034497680197554 0.5131942441514119 1.2690659856625404 -1.2587750493611392 -0.081986084517603017 -0.47938198316839076 -1.406764881581525 1.8754281934955528 1.2 -0.47348731377635495 -1.2229093079528959 1.601155114862042
932 977 0.00052083333333333333 0.00092592592592592596 0.56087398834630797 1.758993979419242 0.2921540645796652 0.45802417084624114 0.030145980233531572 0.56655014855972707 1.917238289292083 0.024453197908493429 0.067939829851771216 1.3306833988269329 -0.26654857972570856 1.7154722983541197 -0.01113430296588698 -0.3843850791682617 1.469115678418456 0.076648088034966921 1.2 -0.12957600985225509 -0.21274512437437595 0.88401972571107457
891 533 0.00078125000000000004 0.0013888888888888889 0.30889086482701783 -1.1732000698491376 -0.14257016862272298 0.53411468825072639 0.053036859155480426 -0.93352749541848867 1.7740021476939574 -0.0017885353190214559 -0.031412608868147826 -1.5826271664715574 0.065996748750388523 -1.3323279986636076 -0.052424972200423636 -0.64423491633231711 0.99749411957039325 1.9250213401713347 1.2 -0.93804592306072387 0.087624954085975218 1.4135494407899392
485 264 0.00078125000000000004 0.0013888888888888889 0.4367142771918171 -0.11623930345458344 1.9137759256361093 -0.5682511590349959 0.091101689115430012 0.26491460095856212 1.7626091309970202 -1.2445119591969549 0.048032434882012587 0.63256760021927549 0.58100112682087701 -1.6055374666807873 0.054108555051770035 1.5445545089325958 -0.42349405839154874 -0.020113067389953443 1.2 1.5803485005400304 -0.13519581077510567 -0.75284230614673997
596 428 0.00078125000000000004 0.0013888888888888889 0.13363511903352318 0.17143258995521782 0.1643045602520159 -1.7511365488100297 -0.020293677047421993 -1.0227031800075785 1.7741515700298178 -0.21869116087378648 -0.0076074981515667772 1.3998554743246432 0.79845512976166333 -1.9415782034021984 -0.033531461152693634 -1.8385988568508265 -1.9045581186437603 1.1390726811598779 1.2 -1.2255087475483908 -1.7913072334253604 0.86806679391106933
1024 881 0.00039062500000000002 0.00069444444444444447 0.56440864079705233 -0.044155725173966598 0.81495213964955804 1.7076513146001857 0.097243612257325973 -1.1591525982425774 1.1682096149617611 -0.37405784809734843 0.039774549438814727 -1.4692628334347866 -0.83600315195129093 -0.19792001963015382 0.076506347714877354 -0.46588791066246182 0.63335293361640721 -0.6471355281197857 1.2 -0.84482495022150372 -0.21665456461695545 -0.83615635488853868
1195 553 0.00078125000000000004 0.0013888888888888889 0.41322779536786597 -0.31123228954773596 -1.9802910829313989 1.0490119263562296 -0.08728694372373054 -1.8302781881445256 0.8096031631887799 -1.8066559272398317 0.06982616615770712 0.57492491616793551 1.7147651198641074 1.9064599699333455 -0.043355518306893243 0.23307648666156044 0.94681228746198531 1.8781277823744338 1.2 1.1080620456963692 -0.46650080575171288 4.2548260185647582
46 56 0.00078125000000000004 0.0013888888888888889 0.55660228991087313 1.8298368268636289 1.6513001692979348 1.7012235907802165 -0.032804059780847133 -0.09576554403309645 0.83974978254764832 1.6128986097372455 0.096621244437762543 0.91158704763605636 0.68142038411814188 1.7070040447670629 0.026702842200518523 -0.20142025860745427 0.35175864464312045 -1.1990525946972523 1.2 -1.1092238088183426 -0.069590379978567846 -0.35182926667258407
1873 435 0.00039062500000000002 0.00069444444444444447 0.61213263961704334 -0.6267366328806383 -0.96949309090326619 1.0261309431572698 0.098260315029793016 -1.6946476894958988 -1.6521431610466606 -1.719348751152936 -0.063351077416984092 0.10321992678320724 -0.87236878579229282 -0.52531412433539293 -0.047292029944575778 0.12750305159262787 -1.0256232699223262 0.0085960283825117223 1.2 -0.64581028071521329 -2.2339947263584645 -0.43350827547007914
1040 346 0.00078125000000000004 0.0013888888888888889 0.66826300625918611 -0.35591139280834838 -1.138092421104234 -1.2954861414874177 -0.025745512059257528 -1.5314388417430749 0.27580995227721905 -1.6638196313738738 0.072320126488327557 -0.96968772247621482 -0.15347248524857404 -0.044477715131511886 0.03738758860258512 -0.084500158942822257 0.64977595648339825 -0.68231805268017132 1.2 -0.83581230288096564 -0.1276327824383737 -1.3083061748421698
912 544 0.00078125000000000004 0.0013888888888888889 0.59462732995411915 1.8519918763564958 -1.3514598722294409 -1.2153227699353946 -0.091174504425294317 -0.78096424212338134 -0.38214942273274666 1.5549682012799617 0.048634868527472258 0.27081076754209077 -0.32860558123930605 1.690587506187295 0.081154839902733311 0.137490764389673 0.87558804749297581 0.40823268689766534 1.2 1.255631805909599 0.25378866282032186 0.083679560867442465
1208 450 0.00078125000000000004 0.0013888888888888889 0.26735799377852176 1.557874459376968 -0.70885454951651505 -0.098793015556505548 -0.081901900473815833 -1.4974656117458438 0.77652372454771212 -1.2631980322344507 0.077855916332178726 1.0443366706804169 1.6114702767334599 1.7651218985773958 -0.0033512966620232731 1.479456780320056 1.7579567745829547 0.7780685960499083 1.2 3.1794444457782571 1.2323358130034299 1.3370191485256286
188 434 0.00078125000000000004 0.0013888888888888889 0.94173125706689798 -1.8794191960245592 0.13484764108587166 -1.4706815496628347 0.03563111506329078 0.54643556582674524 0.61592892145899691 -0.71737034488190687 -0.024627559016466155 -1.4304515867623655 -0.8977709977828443 -1.184569121339774 -0.047355905668976586 -0.5508555778266504 1.175855182198954 -1.9933171674505377 1.2 -0.6034780278638725 0.094949608438771538 -1.69363158791434
2066 924 0.00039062500000000002 0.00069444444444444447 0.73801568472328039 -1.96033535931765 0.76588032456448385 -0.01128757240148337 0.095932243508493747 -1.8765285757715242 1.1568029681856244 -0.061362377390804745 -0.066128715162471166 1.7180490575228591 1.2769979051157079 0.18515934458782413 -0.068804747603088731 0.80369002842179782 -1.7057791886021665 -1.6755779654402456 1.2 1.1411141937295404 -0.50637897999638037 -1.2457194110742529
739 646 0.00052083333333333333 0.00092592592592592596 0.83508168043307818 0.40663719837801438 0.60274275472883909 -0.75109572080612708 0.023666823541849638 0.43887324337408185 -1.3116816534609352 0.056712086629795433 0.028208052517941395 -1.0803520765511356 -0.75162191619113328 -1.1913784770261637 0.067710877123998287 -1.4062200854702986 1.686511813116947 1.9339637200939044 1.2 -1.9978062463916364 0.94665108325477232 0.88346699311201504
1553 452 0.00039062500000000002 0.00069444444444444447 0.23625857781092838 -1.7444903350377126 1.9145735147501313 -1.5755216269038113 0.08149860132465625 -0.16869987142759379 1.7152819039346001 -0.9718927514014668 -0.053796907344798077 -1.2950819299714893 -1.2518494420387851 1.7365051555973916 -0.032026571772250392 -1.9844986195781109 -1.8412412001564826 -1.4555094691950443 1.2 -2.290939451802211 -0.9166083834372184 -1.4648568032614528
2000 1065 0.00039062500000000002 0.00069444444444444447 0.62136127234936278 0.80577906227880858 -0.4954122641790728 -1.0202401755386914 0.0074789873967347348 -1.6937177601361424 1.4651975135561819 -0.28602993737910509 -0.0091205237329132494 0.32271930681510641 1.0821223141090219 0.2896765000316166 -0.093121786891340166 -0.79708945586415858 1.9165588027081397 0.95056312288886113 1.2 0.58202531077813446 1.396506238653221 0.60268821702232223
1716 136 0.00052083333333333333 0.00092592592592592596 0.16843127330374058 0.54778983377792434 -0.30813241882557563 -1.1639477030717127 -0.068344010142969452 -1.2492161391667942 1.5767679488192599 -1.7693354406926014 -0.033925483357903866 1.6271724421114371 0.29550983255447383 1.7022523844562709 0.097741478911649721 1.8336768514477151 0.72478608607945949 -1.1457798121281364 1.2 1.4121454055680962 1.5035664381000713 -2.7244245273044601
1150 755 0.00052083333333333333 0.00092592592592592596 0.79372031268256371 1.3554852150315639 -0.58390859468302958 0.44437181481013699 -0.086462772584663949 0.55297316982751799 -0.42711210389111853 0.027109261312781019 0.031366369269984734 0.042573937618732849 1.8787594114911874 -1.0415766648194182 -0.099367691951143103 -0.45588448713151042 1.4259335760646032 1.6525282268783461 1.2 -0.3424702680454545 2.7227172967019722 0.82749100607512194
484 41 0.00052083333333333333 0.00092592592592592596 0.74962278251382797 0.023539777675117168 1.9875187264840304 0.12756581137042255 -0.08933285649146297 1.8588273135092472 0.5384513457418465 1.8706089651117299 0.036401036840622514 -1.7729215140358789 -1.7088440415593973 0.94731683804623223 0.032321907569406588 -0.2856366071304608 -1.6819354617795361 -0.054335759626609192 1.2 0.068854792442157364 -2.6498334604013292 1.7813482665761504
265 593 0.00052083333333333333 0.00092592592592592596 0.92497814670650769 1.735191993362148 1.6620184933162951 -1.409547351345291 0.011932306589008526 -0.42619990979281797 -0.0028901696602301463 1.2424290289710349 -0.090628358507513385 -0.82679455957164683 0.95568288251277655 -1.1012556635764423 0.087347129220886749 1.2802730712685704 -0.36866793964872313 -0.17474473346466901 1.2 -0.54449238442208714 -0.53605529213834957 -0.23163359038995271
964 463 0.00078125000000000004 0.0013888888888888889 0.45855960296549708 -1.0411485661097992 -0.054084357689208051 -1.6435428812922503 0.021746569591839376 1.0688274805569518 1.4763957157835836 -0.80311151063328134 -0.096580715307384213 0.57290526014558685 0.4993815578489933 -0.48755149544011989 -0.096332226032442542 -0.23897792832261677 -0.92590800483019686 -0.79794315726127696 1.2 -0.67925374183069931 -0.96164379440923764 -1.3593853041730506
1223 618 0.00078125000000000004 0.0013888888888888889 0.32149747110967813 -1.9871047213918431 -0.15275849496439653 -1.073901220952322 0.020911608265879594 1.9281967383526015 0.81805549320756876 0.37223951109200204 0.069442467631058935 -0.76261861634572981 0.042479432662861694 -0.70427687880906387 -0.018284477948200678 1.8048846451086029 0.95912650329331761 -1.2183673706989993 1.2 -1.4067697118738065 0.211550311498517 -2.3133505307649531
1198 660 0.00052083333333333333 0.00092592592592592596 0.45073715216588162 -0.23303382768468328 -1.2234757520166011 -1.2963360063147009 0.027345359055649415 -0.7205530754981706 1.8567915478210533 -1.5439121044361244 -0.057451817671700559 1.0083844835926477 1.6924998661411053 1.9316126456413185 0.046603617221438132 0.36035490528592096 -1.3911196406034572 1.2675273417506041 1.2 0.73976487672273983 -1.0853799505297912 1.7415806750934635
157 529 0.00078125000000000004 0.0013888888888888889 0.30369669554348089 -0.53155763305033199 -0.015448986523960873 -1.5479357949344186 -0.0073242274797228335 -1.8505277550350256 -0.1078959249102911 1.3742250960391469 -0.096841052384872089 0.95958075225907935 0.11933755181540295 -1.2060117217447957 0.011436529227046882 -0.92366659798470874 1.3584896799774495 0.52533832044586593 1.2 0.50995876132285245 1.1614782595027076 0.54124732815536825
558 514 0.00078125000000000004 0.0013888888888888889 0.29258065371864261 0.35291164625386928 0.038098963988694834 -0.69310565073308839 -0.050716533951343457 -1.296812666973207 -0.25184399628544973 -1.4024902663302283 -0.077119376047986452 -1.764533195425189 1.3791082731621542 1.2275419498025442 -0.05624957299401321 -0.79475092602081476 0.8554880920419774 0.46422336997857228 1.2 -0.65359566391247925 1.1137455196237074 1.2374668162897449
995 77 0.00078125000000000004 0.0013888888888888889 0.79546432886433671 -0.088963871567980579 -1.5790428144556792 1.2900686864488513 0.010383156718677067 1.6081340784554174 -0.98868172994439885 1.3592749735846796 0.02949856746626639 -1.7642807656915531 1.0661857290696828 -1.881965099981211 -0.019393171768409934 -0.95811920543862161 0.51197198803821431 0.45707280411991302 1.2 -0.94687270009698221 -0.24134106623048082 0.61251708210137945
1374 248 0.00039062500000000002 0.00069444444444444447 0.78111544036825931 0.9113305091201247 1.7339055130577181 -0.048261542991923534 0.02633868067088696 0.71087592815418921 -1.4670465285492629 -1.3111611177280227 -0.093644469149310294 -0.092683230032142738 -0.038551189288540844 -0.75147428922777015 0.030171330191217788 -1.6961709259712991 -1.6740523657651454 1.7797485132848663 1.2 -1.0614786589446112 -2.1790867643752612 0.28394807430973101
272 418 0.00078125000000000004 0.0013888888888888889 0.0086794449454310404 -0.52683915660466418 0.93225661840314356 1.0254402882563736 0.017408711695738849 -1.2633421201714499 1.9546269003578267 0.37218433098424697 0.068562072471921115 -1.0780597588505878 0.20457936352718242 1.8340071170995076 0.081880672626031631 1.0730118303647069 -1.3070612935885877 1.7488908702985198 1.2 1.3322354575132191 -1.8296721624100876 0.94568297411758206
1307 1072 0.00039062500000000002 0.00069444444444444447 0.98879259233391115 -0.086897301858321896 0.3008579208856812 0.45836215543449566 -0.0015195943881220197 -1.1425901465111532 -1.6170322389399199 1.3783170634424309 0.045078305227747556 1.3873040141431048 0.91801179150783474 0.070037331277194692 0.099995540820633111 1.3233859537064938 0.7919157357966764 1.6058350475963388 1.2 2.5475703386098982 1.9563191930314274 0.79116202193137297
2478 510 0.00039062500000000002 0.00069444444444444447 0.7730824391304949 1.3926747240420316 0.24213807665338871 -0.086180163538571275 -0.033706727701439676 -0.51954550812285216 0.4662524055307613 0.87557571860237848 -0.08644159122278694 -1.5068989022416512 -1.7032502545319188 -1.2714557120193524 0.063096496463522417 -1.4759886387631829 1.1222914830684085 -1.1065826056242116 1.2 -1.248352312594357 0.14086954311043146 -1.6068297990360041
877 128 0.00052083333333333333 0.00092592592592592596 0.079641873313148162 1.0848519122346563 1.7863334170288341 -1.163295518892681 0.014522231677309705 -0.70227152091504008 0.58041850209371093 -1.5954716071780721 -0.079545244459117148 -1.6985290706583371 -0.65837042195766537 -0.38190730602039791 0.0287363640961803 1.1767622198214425 1.9924996502563399 0.18002657568775593 1.2 0.36223522418135251 1.9544071243794783 -0.84725227035622852
229 210 0.00078125000000000004 0.0013888888888888889 0.76124898835452215 0.061922868922189345 0.3799360289162852 -0.57243871277135661 0.068778624500745317 0.32148577010101143 0.53933697019927695 0.63719905628656548 -0.03068571179524171 -0.24696947575660744 -1.5214475592569641 1.8857072140624163 0.057575787429501174 1.101438512728556 0.37680027452914144 -1.5039080285476993 1.2 0.84856421180595909 -0.67492682806294024 0.47462396148675751
